{"type": "FeatureCollection", "features": [{"type": "Feature", "properties": {"field_id": "DA2", "acreage": 37.4, "farm": "Daniels", "client": "Cedar Springs"}, "geometry": {"type": "Polygon", "coordinates": [[[-78.356845, 38.25194], [-78.355843, 38.251508], [-78.355705, 38.251461], [-78.355568, 38.251364], [-78.355501, 38.251234], [-78.355411, 38.251082], [-78.355279, 38.251005], [-78.355114, 38.250936], [-78.354872, 38.250683], [-78.354772, 38.250567], [-78.354683, 38.25045], [-78.354448, 38.250353], [-78.354323, 38.250336], [-78.354137, 38.250329], [-78.354049, 38.250379], [-78.353994, 38.250419], [-78.353915, 38.250502], [-78.353815, 38.250636], [-78.353769, 38.250706], [-78.353718, 38.250743], [-78.353549, 38.250754], [-78.353453, 38.250736], [-78.353232, 38.25068], [-78.353158, 38.250643], [-78.353149, 38.250602], [-78.353192, 38.250478], [-78.353432, 38.250185], [-78.353603, 38.250073], [-78.35437, 38.2492], [-78.355942, 38.247296], [-78.357103, 38.245933], [-78.357185, 38.245938], [-78.357932, 38.246402], [-78.359069, 38.247071], [-78.359094, 38.247213], [-78.359012, 38.247408], [-78.358453, 38.248075], [-78.357467, 38.249097], [-78.357198, 38.249577], [-78.357265, 38.249847], [-78.357388, 38.24995], [-78.357499, 38.249997], [-78.3577, 38.250042], [-78.357742, 38.250148], [-78.357686, 38.250314], [-78.357549, 38.250489], [-78.357333, 38.250724], [-78.357276, 38.250869], [-78.357299, 38.250976], [-78.357421, 38.251051], [-78.357446, 38.2512], [-78.357346, 38.25141], [-78.356845, 38.25194]]]}}, {"type": "Feature", "properties": {"field_id": "ST17", "acreage": 19.14, "farm": "Stevens", "client": "Cedar Springs"}, "geometry": {"type": "Polygon", "coordinates": [[[-78.355246, 38.275576], [-78.354702, 38.275398], [-78.352142, 38.274556], [-78.350749, 38.274053], [-78.350673, 38.273976], [-78.350538, 38.273816], [-78.350487, 38.273688], [-78.350462, 38.273525], [-78.351352, 38.272369], [-78.351483, 38.272273], [-78.351805, 38.27217], [-78.352176, 38.272153], [-78.352394, 38.272161], [-78.353088, 38.272441], [-78.353183, 38.272553], [-78.353319, 38.272742], [-78.353457, 38.272974], [-78.353591, 38.273135], [-78.353765, 38.273373], [-78.353953, 38.273696], [-78.354397, 38.274284], [-78.354634, 38.274514], [-78.354825, 38.274708], [-78.355185, 38.275048], [-78.355404, 38.275278], [-78.355246, 38.275576]]]}}, {"type": "Feature", "properties": {"field_id": "DF10", "acreage": 5.79, "farm": "Duck Farm", "client": "Cedar Springs"}, "geometry": {"type": "Polygon", "coordinates": [[[-78.241248, 38.40926], [-78.241341, 38.409251], [-78.241434, 38.40926], [-78.241529, 38.409297], [-78.241595, 38.409345], [-78.241675, 38.409415], [-78.241716, 38.409438], [-78.241764, 38.409456], [-78.24182, 38.409472], [-78.241939, 38.409493], [-78.242019, 38.409532], [-78.242063, 38.409616], [-78.242059, 38.40963], [-78.241495, 38.410117], [-78.240414, 38.411051], [-78.240343, 38.411076], [-78.240243, 38.411075], [-78.240162, 38.411044], [-78.24011, 38.411007], [-78.240065, 38.410967], [-78.240024, 38.410922], [-78.239984, 38.410868], [-78.239915, 38.410763], [-78.239879, 38.410713], [-78.239788, 38.410595], [-78.239571, 38.410297], [-78.239533, 38.410233], [-78.239523, 38.41015], [-78.239562, 38.410073], [-78.23962, 38.410026], [-78.2397, 38.409982], [-78.239747, 38.409959], [-78.239809, 38.409925], [-78.23987, 38.409887], [-78.23994, 38.40984], [-78.240072, 38.409744], [-78.240142, 38.409695], [-78.240215, 38.409647], [-78.240289, 38.409602], [-78.240373, 38.409557], [-78.240458, 38.409521], [-78.240547, 38.409494], [-78.240716, 38.40945], [-78.240791, 38.409427], [-78.240864, 38.409403], [-78.240939, 38.409376], [-78.24116, 38.409287], [-78.241248, 38.40926]]]}}, {"type": "Feature", "properties": {"field_id": "DF16", "acreage": 7.55, "farm": "Duck Farm", "client": "Cedar Springs"}, "geometry": {"type": "Polygon", "coordinates": [[[-78.254293, 38.415947], [-78.254313, 38.415964], [-78.254318, 38.415969], [-78.254337, 38.415988], [-78.254345, 38.415996], [-78.254361, 38.416016], [-78.254363, 38.41602], [-78.254378, 38.41604], [-78.254379, 38.416042], [-78.254381, 38.416044], [-78.254394, 38.416065], [-78.254407, 38.416085], [-78.254418, 38.416101], [-78.25443, 38.416116], [-78.254446, 38.416132], [-78.254463, 38.416148], [-78.254485, 38.416164], [-78.254509, 38.416181], [-78.25452, 38.41619], [-78.254526, 38.416195], [-78.254558, 38.416225], [-78.254565, 38.416232], [-78.254574, 38.416242], [-78.254589, 38.416262], [-78.254593, 38.416267], [-78.254608, 38.416288], [-78.254615, 38.4163], [-78.254624, 38.416321], [-78.254624, 38.416321], [-78.254625, 38.416324], [-78.254629, 38.416335], [-78.254634, 38.416354], [-78.254635, 38.416358], [-78.254638, 38.416376], [-78.25464, 38.416392], [-78.254641, 38.416397], [-78.254643, 38.416409], [-78.254644, 38.416417], [-78.254646, 38.416437], [-78.254646, 38.416446], [-78.254646, 38.416451], [-78.254644, 38.416468], [-78.254642, 38.416477], [-78.254638, 38.416494], [-78.254634, 38.416512], [-78.25463, 38.416529], [-78.254629, 38.416532], [-78.254627, 38.416538], [-78.254621, 38.416556], [-78.254617, 38.416566], [-78.254607, 38.416584], [-78.254597, 38.416603], [-78.254591, 38.416614], [-78.254587, 38.416618], [-78.25458, 38.416629], [-78.254573, 38.416638], [-78.25457, 38.416642], [-78.254567, 38.416646], [-78.254553, 38.416663], [-78.254542, 38.416678], [-78.254539, 38.416682], [-78.254524, 38.416699], [-78.25452, 38.416704], [-78.254499, 38.416725], [-78.254495, 38.416729], [-78.254473, 38.416749], [-78.254471, 38.416751], [-78.254469, 38.416753], [-78.254446, 38.416772], [-78.254434, 38.41678], [-78.254408, 38.416797], [-78.254406, 38.416798], [-78.254379, 38.416815], [-78.254375, 38.416818], [-78.254348, 38.416833], [-78.254342, 38.416836], [-78.254312, 38.416851], [-78.254283, 38.416864], [-78.254256, 38.416878], [-78.254227, 38.416892], [-78.254199, 38.416907], [-78.254173, 38.416921], [-78.254146, 38.416937], [-78.25412, 38.416953], [-78.254095, 38.41697], [-78.25407, 38.416988], [-78.254066, 38.41699], [-78.254039, 38.417008], [-78.254011, 38.417027], [-78.254009, 38.417028], [-78.254006, 38.41703], [-78.253977, 38.417046], [-78.253951, 38.417061], [-78.25393, 38.417074], [-78.25391, 38.417088], [-78.253888, 38.417104], [-78.253885, 38.417106], [-78.253862, 38.417121], [-78.253858, 38.417124], [-78.253856, 38.417125], [-78.253833, 38.417139], [-78.253829, 38.417142], [-78.253819, 38.417146], [-78.253818, 38.417148], [-78.253809, 38.417158], [-78.253794, 38.417177], [-78.25379, 38.417181], [-78.253771, 38.417202], [-78.253768, 38.417205], [-78.253748, 38.417226], [-78.253743, 38.41723], [-78.253721, 38.41725], [-78.253717, 38.417254], [-78.253693, 38.417273], [-78.25367, 38.417292], [-78.253663, 38.417297], [-78.253639, 38.417314], [-78.253613, 38.417331], [-78.253609, 38.417334], [-78.253582, 38.417351], [-78.253577, 38.417354], [-78.253552, 38.417368], [-78.253527, 38.417381], [-78.253522, 38.417384], [-78.253496, 38.417397], [-78.253489, 38.417399], [-78.253477, 38.417404], [-78.253459, 38.417412], [-78.25345, 38.417415], [-78.25342, 38.417425], [-78.253412, 38.417427], [-78.253403, 38.417429], [-78.253372, 38.417435], [-78.25336, 38.417437], [-78.253346, 38.417438], [-78.253323, 38.417439], [-78.253318, 38.417439], [-78.25331, 38.417439], [-78.253289, 38.417437], [-78.253259, 38.417432], [-78.25324, 38.417427], [-78.253222, 38.41742], [-78.253195, 38.417408], [-78.253178, 38.417397], [-78.253167, 38.417389], [-78.253147, 38.417371], [-78.253143, 38.417367], [-78.253134, 38.417357], [-78.253118, 38.417336], [-78.253099, 38.417314], [-78.253076, 38.417289], [-78.253053, 38.417264], [-78.25305, 38.417261], [-78.253028, 38.417235], [-78.253007, 38.41721], [-78.252984, 38.417184], [-78.252962, 38.41716], [-78.252938, 38.417135], [-78.252915, 38.41711], [-78.25291, 38.417106], [-78.252888, 38.417078], [-78.252866, 38.417051], [-78.252863, 38.417048], [-78.252843, 38.41702], [-78.252823, 38.416992], [-78.252804, 38.416967], [-78.252784, 38.416943], [-78.252761, 38.416915], [-78.252739, 38.416889], [-78.252737, 38.416887], [-78.252716, 38.416861], [-78.252713, 38.416857], [-78.252694, 38.416829], [-78.252675, 38.416801], [-78.252671, 38.416795], [-78.252656, 38.416768], [-78.252652, 38.416759], [-78.252647, 38.416742], [-78.252642, 38.416715], [-78.252641, 38.416699], [-78.252643, 38.416685], [-78.252648, 38.416663], [-78.252649, 38.41666], [-78.252655, 38.416644], [-78.252661, 38.416634], [-78.252673, 38.416616], [-78.252676, 38.416612], [-78.252676, 38.416612], [-78.252689, 38.416598], [-78.252706, 38.416584], [-78.252713, 38.416578], [-78.25273, 38.416566], [-78.252748, 38.416551], [-78.252754, 38.416535], [-78.252745, 38.416519], [-78.252741, 38.41652], [-78.252733, 38.41652], [-78.252709, 38.41652], [-78.252705, 38.41652], [-78.252699, 38.41652], [-78.252679, 38.416518], [-78.252665, 38.416518], [-78.252646, 38.41652], [-78.252628, 38.41652], [-78.252613, 38.416526], [-78.252609, 38.416526], [-78.252593, 38.416529], [-78.252571, 38.41653], [-78.25255, 38.416528], [-78.25253, 38.416524], [-78.252511, 38.416516], [-78.252494, 38.416506], [-78.252479, 38.416494], [-78.252474, 38.416488], [-78.252457, 38.416469], [-78.252454, 38.416464], [-78.252436, 38.416441], [-78.252417, 38.416415], [-78.252415, 38.416413], [-78.252398, 38.416388], [-78.252381, 38.416365], [-78.252363, 38.41634], [-78.252346, 38.416317], [-78.25233, 38.416296], [-78.252311, 38.416274], [-78.252293, 38.416252], [-78.252275, 38.416232], [-78.252256, 38.41621], [-78.252237, 38.416189], [-78.252229, 38.41618], [-78.252214, 38.416158], [-78.252211, 38.416153], [-78.252199, 38.416132], [-78.252187, 38.416113], [-78.252178, 38.416098], [-78.252172, 38.41609], [-78.252166, 38.416082], [-78.252161, 38.416076], [-78.252154, 38.416066], [-78.252152, 38.416063], [-78.252142, 38.416052], [-78.252134, 38.416036], [-78.252129, 38.41602], [-78.252128, 38.416004], [-78.252147, 38.415975], [-78.252233, 38.415911], [-78.252305, 38.415858], [-78.25231, 38.415854], [-78.252338, 38.415835], [-78.252365, 38.415817], [-78.252391, 38.4158], [-78.252417, 38.415781], [-78.252445, 38.415762], [-78.252447, 38.41576], [-78.252473, 38.415744], [-78.252498, 38.415726], [-78.252524, 38.415709], [-78.252542, 38.415696], [-78.252549, 38.415692], [-78.252574, 38.415675], [-78.252598, 38.415658], [-78.252602, 38.415656], [-78.252628, 38.415639], [-78.25263, 38.415638], [-78.252656, 38.415622], [-78.252682, 38.415607], [-78.252707, 38.415593], [-78.252709, 38.415592], [-78.252733, 38.415579], [-78.252737, 38.415576], [-78.252759, 38.415565], [-78.252763, 38.415563], [-78.25278, 38.415555], [-78.252791, 38.415549], [-78.252794, 38.415547], [-78.252815, 38.415537], [-78.252818, 38.415535], [-78.252854, 38.415518], [-78.252883, 38.415505], [-78.252885, 38.415503], [-78.252914, 38.41549], [-78.252944, 38.415477], [-78.252948, 38.415476], [-78.252978, 38.415464], [-78.252986, 38.415461], [-78.25302, 38.415449], [-78.253024, 38.415448], [-78.25306, 38.415438], [-78.253096, 38.415427], [-78.2531, 38.415426], [-78.253105, 38.415425], [-78.253143, 38.415416], [-78.253158, 38.415413], [-78.2532, 38.415408], [-78.253209, 38.415407], [-78.25325, 38.415405], [-78.253257, 38.415405], [-78.253297, 38.415405], [-78.253301, 38.415405], [-78.253314, 38.415405], [-78.253353, 38.41541], [-78.253362, 38.415411], [-78.253368, 38.415412], [-78.253409, 38.41542], [-78.253449, 38.415429], [-78.253457, 38.415431], [-78.253496, 38.415442], [-78.2535, 38.415443], [-78.253505, 38.415445], [-78.253543, 38.415458], [-78.253581, 38.415472], [-78.253584, 38.415473], [-78.25362, 38.415487], [-78.253658, 38.415502], [-78.253694, 38.415517], [-78.25373, 38.415531], [-78.253765, 38.415545], [-78.253769, 38.415547], [-78.253778, 38.415551], [-78.253802, 38.415561], [-78.253835, 38.415575], [-78.253868, 38.41559], [-78.253872, 38.415592], [-78.25388, 38.415596], [-78.253909, 38.415613], [-78.253912, 38.415614], [-78.25394, 38.415631], [-78.253968, 38.415647], [-78.253994, 38.415662], [-78.254021, 38.415677], [-78.254025, 38.415679], [-78.254054, 38.415696], [-78.254061, 38.415701], [-78.254089, 38.41572], [-78.254103, 38.415731], [-78.254127, 38.415754], [-78.254132, 38.415759], [-78.254152, 38.415781], [-78.254155, 38.415785], [-78.254173, 38.415808], [-78.254283, 38.415939], [-78.254293, 38.415947]]]}}, {"type": "Feature", "properties": {"field_id": "DF21", "acreage": 40.03, "farm": "Duck Farm", "client": "Cedar Springs"}, "geometry": {"type": "Polygon", "coordinates": [[[-78.239926, 38.420411], [-78.239422, 38.420025], [-78.239277, 38.419903], [-78.239189, 38.419861], [-78.239091, 38.419821], [-78.239031, 38.419789], [-78.238994, 38.419744], [-78.238959, 38.419402], [-78.238952, 38.419335], [-78.238942, 38.41927], [-78.238921, 38.419176], [-78.238871, 38.418976], [-78.238861, 38.418907], [-78.238863, 38.418871], [-78.238867, 38.418826], [-78.238899, 38.418735], [-78.239004, 38.418421], [-78.239104, 38.418076], [-78.239191, 38.417697], [-78.239315, 38.417248], [-78.239327, 38.41721], [-78.239338, 38.417191], [-78.239417, 38.417119], [-78.239436, 38.417083], [-78.239469, 38.417016], [-78.239492, 38.416984], [-78.239576, 38.416871], [-78.239676, 38.416757], [-78.239934, 38.416431], [-78.240057, 38.41629], [-78.240129, 38.416242], [-78.24022, 38.416231], [-78.24099, 38.41689], [-78.241675, 38.417473], [-78.242349, 38.417978], [-78.242765, 38.418306], [-78.242885, 38.418452], [-78.242881, 38.418524], [-78.242867, 38.418566], [-78.242832, 38.418626], [-78.242791, 38.418717], [-78.242735, 38.418832], [-78.242717, 38.418928], [-78.242712, 38.418993], [-78.242731, 38.41907], [-78.242768, 38.419045], [-78.242802, 38.418967], [-78.242829, 38.418895], [-78.242856, 38.41881], [-78.242912, 38.418714], [-78.242953, 38.418617], [-78.242995, 38.41855], [-78.243022, 38.418472], [-78.242974, 38.418408], [-78.242933, 38.418338], [-78.242416, 38.417953], [-78.241851, 38.417515], [-78.241472, 38.417186], [-78.240993, 38.416806], [-78.240348, 38.416228], [-78.240343, 38.416174], [-78.240343, 38.416123], [-78.240348, 38.416067], [-78.240357, 38.416014], [-78.24037, 38.415961], [-78.240416, 38.415861], [-78.240483, 38.415746], [-78.240499, 38.415704], [-78.240521, 38.415636], [-78.240544, 38.415555], [-78.240591, 38.415523], [-78.240615, 38.415497], [-78.240699, 38.415515], [-78.240746, 38.415574], [-78.240914, 38.415842], [-78.241042, 38.415964], [-78.241085, 38.415998], [-78.241561, 38.416378], [-78.241874, 38.416627], [-78.24206, 38.416776], [-78.242367, 38.417027], [-78.242662, 38.417269], [-78.243225, 38.417739], [-78.243347, 38.417826], [-78.243519, 38.417927], [-78.243704, 38.41797], [-78.243846, 38.417989], [-78.243862, 38.417997], [-78.243932, 38.418023], [-78.243975, 38.418068], [-78.244007, 38.418095], [-78.244054, 38.418143], [-78.244066, 38.418153], [-78.244113, 38.418208], [-78.244164, 38.418264], [-78.244197, 38.418309], [-78.244221, 38.418346], [-78.244243, 38.418399], [-78.244251, 38.418455], [-78.244251, 38.418503], [-78.244244, 38.418555], [-78.244233, 38.4186], [-78.244205, 38.418678], [-78.244175, 38.418761], [-78.244175, 38.418761], [-78.244147, 38.418837], [-78.244111, 38.419173], [-78.244093, 38.419232], [-78.24381, 38.419643], [-78.243743, 38.419826], [-78.243716, 38.419972], [-78.243702, 38.420046], [-78.243679, 38.420148], [-78.243642, 38.420201], [-78.243599, 38.420237], [-78.243515, 38.420264], [-78.243438, 38.420269], [-78.242877, 38.420293], [-78.24272, 38.420291], [-78.242416, 38.420287], [-78.242268, 38.420285], [-78.241667, 38.420251], [-78.241388, 38.420304], [-78.241335, 38.420325], [-78.24129, 38.420333], [-78.241277, 38.420338], [-78.241246, 38.420333], [-78.241219, 38.420317], [-78.24119, 38.420247], [-78.24119, 38.420206], [-78.241175, 38.420171], [-78.241152, 38.420134], [-78.241136, 38.42012], [-78.241088, 38.42012], [-78.241049, 38.420127], [-78.24097, 38.420157], [-78.240616, 38.420288], [-78.240569, 38.420338], [-78.240553, 38.420374], [-78.24054, 38.420417], [-78.240533, 38.420457], [-78.240522, 38.420493], [-78.24049, 38.420511], [-78.240253, 38.420563], [-78.240214, 38.420564], [-78.240166, 38.42055], [-78.240025, 38.420468], [-78.239926, 38.420411]]]}}, {"type": "Feature", "properties": {"field_id": "DF24", "acreage": 41.35, "farm": "Duck Farm", "client": "Cedar Springs"}, "geometry": {"type": "Polygon", "coordinates": [[[-78.245741, 38.425637], [-78.2456, 38.425338], [-78.245232, 38.4248], [-78.244876, 38.424323], [-78.244672, 38.424085], [-78.244396, 38.423782], [-78.244102, 38.423479], [-78.244088, 38.423458], [-78.244072, 38.423405], [-78.244103, 38.423273], [-78.244155, 38.42314], [-78.244167, 38.423052], [-78.244129, 38.422915], [-78.244104, 38.422875], [-78.244042, 38.42277], [-78.243952, 38.42262], [-78.243756, 38.4223], [-78.243658, 38.422141], [-78.243627, 38.422069], [-78.243566, 38.421869], [-78.243543, 38.421734], [-78.243481, 38.421362], [-78.243472, 38.421247], [-78.243557, 38.420824], [-78.243718, 38.420266], [-78.243725, 38.420247], [-78.243769, 38.420193], [-78.243793, 38.420134], [-78.243808, 38.420063], [-78.243815, 38.419977], [-78.243823, 38.419914], [-78.24382, 38.419828], [-78.243833, 38.419774], [-78.243855, 38.419711], [-78.243993, 38.419478], [-78.244091, 38.419313], [-78.24414, 38.419237], [-78.244164, 38.419167], [-78.244193, 38.418906], [-78.244243, 38.418688], [-78.244276, 38.418616], [-78.244298, 38.418541], [-78.244308, 38.418509], [-78.244344, 38.418467], [-78.244415, 38.418459], [-78.244502, 38.418455], [-78.244542, 38.418461], [-78.244582, 38.418513], [-78.244633, 38.418589], [-78.244658, 38.418657], [-78.244704, 38.418737], [-78.244903, 38.419079], [-78.245295, 38.419554], [-78.246093, 38.420359], [-78.24618, 38.420446], [-78.246271, 38.420552], [-78.24635, 38.420644], [-78.246394, 38.420698], [-78.246538, 38.420883], [-78.246823, 38.421251], [-78.24721, 38.421688], [-78.247409, 38.421987], [-78.247418, 38.422011], [-78.247452, 38.422119], [-78.247468, 38.422176], [-78.247481, 38.422235], [-78.247489, 38.422295], [-78.247513, 38.422558], [-78.247517, 38.422723], [-78.247516, 38.422775], [-78.247511, 38.422869], [-78.247505, 38.422973], [-78.247503, 38.423192], [-78.247501, 38.423246], [-78.247497, 38.423304], [-78.24748, 38.423405], [-78.247458, 38.423511], [-78.24744, 38.423615], [-78.247428, 38.423674], [-78.247403, 38.423779], [-78.247387, 38.423875], [-78.247377, 38.423969], [-78.247367, 38.424118], [-78.247358, 38.424176], [-78.247344, 38.424238], [-78.247327, 38.424295], [-78.247307, 38.424352], [-78.247161, 38.424704], [-78.247101, 38.424862], [-78.247075, 38.424918], [-78.247042, 38.424974], [-78.247008, 38.425018], [-78.246975, 38.425053], [-78.246953, 38.425073], [-78.246879, 38.425127], [-78.246801, 38.425173], [-78.246705, 38.425226], [-78.246608, 38.425275], [-78.246459, 38.425349], [-78.246358, 38.425404], [-78.246203, 38.425484], [-78.246097, 38.425535], [-78.245986, 38.425585], [-78.245932, 38.425606], [-78.245831, 38.425644], [-78.245777, 38.425648], [-78.245741, 38.425637]]]}}, {"type": "Feature", "properties": {"field_id": "DF26", "acreage": 42.07, "farm": "Duck Farm", "client": "Cedar Springs"}, "geometry": {"type": "Polygon", "coordinates": [[[-78.244008, 38.423532], [-78.24407, 38.423518], [-78.24408, 38.423519], [-78.244189, 38.423629], [-78.24446, 38.423914], [-78.244815, 38.424291], [-78.244915, 38.42443], [-78.245118, 38.424699], [-78.245264, 38.424902], [-78.245383, 38.425096], [-78.245549, 38.425342], [-78.245704, 38.425611], [-78.245722, 38.425663], [-78.245705, 38.425688], [-78.245647, 38.425731], [-78.245594, 38.425759], [-78.245429, 38.425838], [-78.245231, 38.425927], [-78.245074, 38.425994], [-78.244821, 38.426113], [-78.244738, 38.426153], [-78.244565, 38.426244], [-78.24392, 38.42652], [-78.243251, 38.425973], [-78.242628, 38.425454], [-78.24216, 38.425059], [-78.241963, 38.424915], [-78.241905, 38.424848], [-78.241886, 38.424777], [-78.24195, 38.424737], [-78.242448, 38.424429], [-78.242547, 38.424366], [-78.242955, 38.424107], [-78.24307, 38.424045], [-78.2432, 38.423974], [-78.24346, 38.423833], [-78.243961, 38.423558], [-78.244008, 38.423532]], [[-78.240803, 38.427809], [-78.240546, 38.427538], [-78.240206, 38.42719], [-78.239984, 38.426976], [-78.239691, 38.426718], [-78.239556, 38.426614], [-78.239531, 38.426588], [-78.239525, 38.426536], [-78.239575, 38.426415], [-78.239756, 38.426132], [-78.239902, 38.426021], [-78.240024, 38.425932], [-78.240068, 38.425866], [-78.240129, 38.425805], [-78.240847, 38.425382], [-78.241048, 38.425305], [-78.241125, 38.425285], [-78.241174, 38.42528], [-78.241194, 38.425315], [-78.241206, 38.425372], [-78.241205, 38.425454], [-78.241198, 38.425511], [-78.241197, 38.425579], [-78.241174, 38.425684], [-78.241118, 38.42585], [-78.241004, 38.426153], [-78.240938, 38.426391], [-78.240916, 38.42652], [-78.24093, 38.426734], [-78.240952, 38.426913], [-78.240984, 38.427019], [-78.241065, 38.427106], [-78.241212, 38.427227], [-78.241439, 38.427425], [-78.241675, 38.427633], [-78.241878, 38.427799], [-78.241896, 38.427788], [-78.241861, 38.427731], [-78.241809, 38.427683], [-78.241542, 38.427404], [-78.241231, 38.427152], [-78.24107, 38.427017], [-78.241, 38.426861], [-78.240992, 38.426697], [-78.241002, 38.426511], [-78.241025, 38.426399], [-78.241084, 38.426197], [-78.241175, 38.425905], [-78.241263, 38.425645], [-78.241298, 38.425391], [-78.241353, 38.4252], [-78.241448, 38.425005], [-78.241627, 38.424913], [-78.241684, 38.424883], [-78.241808, 38.424908], [-78.242066, 38.425083], [-78.242627, 38.425554], [-78.243152, 38.426008], [-78.243756, 38.426502], [-78.243775, 38.426599], [-78.243657, 38.426663], [-78.24361, 38.426695], [-78.243557, 38.426722], [-78.243501, 38.426747], [-78.243305, 38.426823], [-78.243131, 38.426901], [-78.243041, 38.426945], [-78.2428, 38.427053], [-78.242754, 38.427082], [-78.242737, 38.427098], [-78.242729, 38.427109], [-78.242725, 38.427121], [-78.242715, 38.427176], [-78.242731, 38.427217], [-78.242763, 38.427314], [-78.242792, 38.42737], [-78.242817, 38.427417], [-78.242809, 38.427471], [-78.242793, 38.427515], [-78.242767, 38.427556], [-78.24268, 38.427618], [-78.24216, 38.42796], [-78.242032, 38.428045], [-78.241572, 38.428346], [-78.241376, 38.428474], [-78.241297, 38.428485], [-78.241245, 38.428469], [-78.241185, 38.428407], [-78.240938, 38.42798], [-78.240803, 38.427809]], [[-78.239335, 38.426662], [-78.23944, 38.42666], [-78.239529, 38.426681], [-78.23965, 38.426757], [-78.239866, 38.426975], [-78.240156, 38.427227], [-78.240455, 38.427538], [-78.240643, 38.42774], [-78.240748, 38.427849], [-78.24082, 38.427919], [-78.240846, 38.427958], [-78.240892, 38.428024], [-78.240935, 38.428113], [-78.241133, 38.428406], [-78.24116, 38.428476], [-78.241173, 38.428543], [-78.241165, 38.428574], [-78.241153, 38.42862], [-78.241093, 38.428664], [-78.240312, 38.42916], [-78.240095, 38.429316], [-78.240004, 38.429355], [-78.239948, 38.429359], [-78.239897, 38.429353], [-78.23987, 38.429331], [-78.238787, 38.428012], [-78.238795, 38.428004], [-78.23886, 38.427915], [-78.239025, 38.42753], [-78.239067, 38.427433], [-78.239231, 38.426959], [-78.239335, 38.426662]]]}}, {"type": "Feature", "properties": {"field_id": "DF31", "acreage": 37.81, "farm": "Duck Farm", "client": "Cedar Springs"}, "geometry": {"type": "Polygon", "coordinates": [[[-78.235827, 38.427144], [-78.235626, 38.427259], [-78.235599, 38.427234], [-78.235373, 38.427376], [-78.235124, 38.427533], [-78.234668, 38.427819], [-78.233792, 38.42839], [-78.23373, 38.428401], [-78.233689, 38.428394], [-78.233638, 38.428365], [-78.233576, 38.428301], [-78.23348, 38.428008], [-78.233481, 38.427995], [-78.233559, 38.42794], [-78.23357, 38.427921], [-78.233562, 38.427885], [-78.233532, 38.427874], [-78.233483, 38.427868], [-78.233436, 38.427851], [-78.233141, 38.42688], [-78.233142, 38.426862], [-78.23317, 38.42682], [-78.233181, 38.426791], [-78.233161, 38.426736], [-78.233105, 38.426732], [-78.233069, 38.426716], [-78.233049, 38.426687], [-78.232784, 38.425877], [-78.232223, 38.424107], [-78.232266, 38.424059], [-78.232359, 38.424018], [-78.232693, 38.423912], [-78.23294, 38.423844], [-78.233066, 38.423809], [-78.233135, 38.42379], [-78.233181, 38.423773], [-78.233251, 38.423748], [-78.233272, 38.423737], [-78.233593, 38.423581], [-78.233663, 38.423548], [-78.233705, 38.423522], [-78.233711, 38.423519], [-78.233791, 38.423472], [-78.234497, 38.422873], [-78.234499, 38.422864], [-78.234452, 38.422797], [-78.234389, 38.422719], [-78.234335, 38.422649], [-78.234236, 38.422535], [-78.23414, 38.422413], [-78.234113, 38.422376], [-78.23403, 38.422245], [-78.233909, 38.422068], [-78.233793, 38.421883], [-78.23369, 38.421719], [-78.23366, 38.421671], [-78.233519, 38.421469], [-78.233484, 38.421414], [-78.233449, 38.421364], [-78.233415, 38.421307], [-78.233394, 38.421273], [-78.233386, 38.421259], [-78.233479, 38.421199], [-78.234258, 38.420694], [-78.234347, 38.420663], [-78.234383, 38.420653], [-78.234446, 38.420649], [-78.234494, 38.420661], [-78.234543, 38.420684], [-78.234587, 38.420741], [-78.234662, 38.420836], [-78.234727, 38.420884], [-78.234803, 38.420908], [-78.234908, 38.420935], [-78.234966, 38.420964], [-78.235005, 38.421013], [-78.235002, 38.421044], [-78.234975, 38.421096], [-78.234932, 38.421133], [-78.233966, 38.421672], [-78.233936, 38.4217], [-78.233915, 38.421735], [-78.233909, 38.421753], [-78.233908, 38.42177], [-78.233905, 38.421801], [-78.233932, 38.421822], [-78.23395, 38.421817], [-78.233967, 38.421797], [-78.233986, 38.421775], [-78.234031, 38.421733], [-78.234065, 38.4217], [-78.234142, 38.421646], [-78.234333, 38.421538], [-78.234385, 38.421517], [-78.23443, 38.421506], [-78.234466, 38.421501], [-78.234509, 38.421514], [-78.234536, 38.421528], [-78.234557, 38.421549], [-78.234776, 38.422544], [-78.234794, 38.422629], [-78.234808, 38.422718], [-78.234819, 38.422871], [-78.234842, 38.422984], [-78.23485, 38.423014], [-78.2349, 38.423296], [-78.234924, 38.423382], [-78.23502, 38.423684], [-78.235065, 38.42378], [-78.235068, 38.423784], [-78.235106, 38.423846], [-78.235133, 38.423864], [-78.235172, 38.423874], [-78.235832, 38.42389], [-78.236016, 38.423913], [-78.236091, 38.423939], [-78.236168, 38.423983], [-78.236235, 38.424037], [-78.236331, 38.424145], [-78.23661, 38.424533], [-78.236632, 38.424564], [-78.236655, 38.424637], [-78.236657, 38.42467], [-78.236653, 38.424677], [-78.236638, 38.424705], [-78.236613, 38.424729], [-78.236586, 38.424744], [-78.236585, 38.424757], [-78.236597, 38.424778], [-78.236643, 38.424775], [-78.237104, 38.424514], [-78.23728, 38.424421], [-78.237314, 38.424388], [-78.237342, 38.424329], [-78.237346, 38.424286], [-78.237334, 38.42422], [-78.237305, 38.424144], [-78.237193, 38.423847], [-78.237028, 38.423385], [-78.236883, 38.422922], [-78.236886, 38.422908], [-78.236893, 38.422901], [-78.236908, 38.422889], [-78.236926, 38.42288], [-78.236942, 38.422874], [-78.236963, 38.422868], [-78.236967, 38.422867], [-78.23697, 38.422866], [-78.236991, 38.422861], [-78.236996, 38.42286], [-78.237018, 38.422856], [-78.237024, 38.422855], [-78.237046, 38.422851], [-78.237069, 38.422848], [-78.237074, 38.422847], [-78.237097, 38.422844], [-78.237117, 38.422842], [-78.237136, 38.42284], [-78.237138, 38.422839], [-78.237159, 38.422837], [-78.23717, 38.422836], [-78.237471, 38.422817], [-78.237493, 38.422816], [-78.237507, 38.422817], [-78.237545, 38.422822], [-78.237553, 38.422823], [-78.237573, 38.422827], [-78.237592, 38.422835], [-78.237597, 38.422838], [-78.23761, 38.422862], [-78.237446, 38.424351], [-78.237415, 38.424441], [-78.237374, 38.42448], [-78.237313, 38.424538], [-78.236952, 38.42475], [-78.235831, 38.425388], [-78.235319, 38.42575], [-78.235134, 38.425896], [-78.234942, 38.426042], [-78.234853, 38.426072], [-78.234798, 38.426087], [-78.234777, 38.42611], [-78.234764, 38.426145], [-78.234775, 38.426186], [-78.234807, 38.426249], [-78.234836, 38.426297], [-78.235102, 38.42698], [-78.235132, 38.427018], [-78.235159, 38.427013], [-78.235165, 38.426994], [-78.235152, 38.426958], [-78.235066, 38.426789], [-78.234882, 38.426306], [-78.234857, 38.426228], [-78.234858, 38.426188], [-78.234876, 38.426155], [-78.234915, 38.426114], [-78.234959, 38.426075], [-78.23504, 38.426025], [-78.235087, 38.426008], [-78.235126, 38.425999], [-78.235166, 38.425999], [-78.235203, 38.425999], [-78.235233, 38.426016], [-78.235263, 38.426041], [-78.235451, 38.426389], [-78.235474, 38.42643], [-78.235528, 38.426503], [-78.235731, 38.426722], [-78.235777, 38.426772], [-78.236026, 38.427028], [-78.235827, 38.427144]]]}}, {"type": "Feature", "properties": {"field_id": "DF23", "acreage": 25.91, "farm": "Duck Farm", "client": "Cedar Springs"}, "geometry": {"type": "Polygon", "coordinates": [[[-78.24032, 38.420776], [-78.240287, 38.420699], [-78.240301, 38.42064], [-78.240331, 38.420607], [-78.240544, 38.420586], [-78.24087, 38.420523], [-78.241464, 38.420335], [-78.241561, 38.420325], [-78.241597, 38.420342], [-78.241646, 38.420408], [-78.241668, 38.420432], [-78.241799, 38.420661], [-78.241846, 38.420688], [-78.241905, 38.420698], [-78.241964, 38.42069], [-78.242009, 38.420675], [-78.24205, 38.420653], [-78.242089, 38.420628], [-78.242108, 38.420589], [-78.242124, 38.420387], [-78.242127, 38.420345], [-78.242133, 38.420325], [-78.242212, 38.420322], [-78.242708, 38.420337], [-78.243106, 38.42033], [-78.243452, 38.420312], [-78.243473, 38.420312], [-78.243504, 38.420307], [-78.243556, 38.420302], [-78.243577, 38.420315], [-78.243586, 38.420349], [-78.243587, 38.420371], [-78.243577, 38.420408], [-78.243564, 38.420455], [-78.243466, 38.420846], [-78.243385, 38.421196], [-78.243375, 38.421312], [-78.243422, 38.421589], [-78.243429, 38.421628], [-78.243452, 38.421784], [-78.243489, 38.422033], [-78.243525, 38.422193], [-78.243575, 38.422222], [-78.243612, 38.422267], [-78.243755, 38.42252], [-78.244004, 38.422969], [-78.244013, 38.423044], [-78.244009, 38.423127], [-78.243972, 38.423214], [-78.243956, 38.423283], [-78.243945, 38.423329], [-78.243943, 38.423366], [-78.243937, 38.42341], [-78.243923, 38.423503], [-78.243515, 38.423726], [-78.2434, 38.423781], [-78.243205, 38.423873], [-78.242967, 38.424025], [-78.242954, 38.424032], [-78.242258, 38.424457], [-78.241965, 38.424573], [-78.241748, 38.424686], [-78.241641, 38.42473], [-78.241588, 38.424737], [-78.241526, 38.424719], [-78.241493, 38.424681], [-78.241477, 38.424609], [-78.241438, 38.424399], [-78.241427, 38.424354], [-78.241387, 38.424145], [-78.241356, 38.424004], [-78.241319, 38.4238], [-78.241299, 38.4237], [-78.241275, 38.423597], [-78.241263, 38.423545], [-78.241237, 38.423426], [-78.241194, 38.423224], [-78.241158, 38.423031], [-78.241139, 38.422952], [-78.241124, 38.422922], [-78.241078, 38.42284], [-78.24105, 38.422802], [-78.240979, 38.422716], [-78.24091, 38.422645], [-78.240691, 38.422424], [-78.240599, 38.422321], [-78.240567, 38.422275], [-78.240521, 38.422195], [-78.240502, 38.422168], [-78.240476, 38.422135], [-78.240417, 38.42207], [-78.240385, 38.422021], [-78.240376, 38.421991], [-78.240368, 38.421961], [-78.24037, 38.421908], [-78.240381, 38.421859], [-78.240412, 38.421768], [-78.240477, 38.421605], [-78.2405, 38.421527], [-78.240516, 38.421485], [-78.240586, 38.421326], [-78.240622, 38.421237], [-78.240633, 38.421195], [-78.240639, 38.421154], [-78.240636, 38.421121], [-78.240626, 38.421085], [-78.24061, 38.421055], [-78.24059, 38.421027], [-78.240563, 38.420999], [-78.240486, 38.420928], [-78.24032, 38.420776]]]}}, {"type": "Feature", "properties": {"field_id": "DF15", "acreage": 9.14, "farm": "Duck Farm", "client": "Cedar Springs"}, "geometry": {"type": "Polygon", "coordinates": [[[-78.253544, 38.418634], [-78.252777, 38.417769], [-78.251838, 38.418135], [-78.251761, 38.418145], [-78.251676, 38.418149], [-78.251596, 38.418141], [-78.251511, 38.41812], [-78.251426, 38.418078], [-78.251375, 38.418038], [-78.251014, 38.41667], [-78.251443, 38.416383], [-78.251711, 38.41623], [-78.251912, 38.416125], [-78.251973, 38.416093], [-78.252035, 38.416086], [-78.252136, 38.416117], [-78.252202, 38.416174], [-78.252241, 38.416224], [-78.252364, 38.416391], [-78.252459, 38.416517], [-78.252583, 38.416696], [-78.252753, 38.416924], [-78.25287, 38.417087], [-78.253117, 38.417409], [-78.253161, 38.41746], [-78.2532, 38.417502], [-78.25324, 38.417537], [-78.253284, 38.417571], [-78.253331, 38.417599], [-78.253383, 38.417624], [-78.253436, 38.417644], [-78.253496, 38.417661], [-78.253558, 38.417675], [-78.253621, 38.417685], [-78.253686, 38.417693], [-78.253835, 38.417705], [-78.253915, 38.417715], [-78.254003, 38.417732], [-78.25409, 38.417764], [-78.254167, 38.417811], [-78.25422, 38.417865], [-78.254293, 38.417968], [-78.254369, 38.418054], [-78.254399, 38.418127], [-78.25439, 38.418211], [-78.254315, 38.418267], [-78.253717, 38.418661], [-78.253625, 38.418658], [-78.253544, 38.418634]]]}}, {"type": "Feature", "properties": {"field_id": "DF7", "acreage": 9.02, "farm": "Duck Farm", "client": "Cedar Springs"}, "geometry": {"type": "Polygon", "coordinates": [[[-78.24627, 38.406956], [-78.246249, 38.407075], [-78.246224, 38.407159], [-78.246048, 38.407544], [-78.245896, 38.407678], [-78.245425, 38.408051], [-78.244941, 38.408431], [-78.244863, 38.408479], [-78.244801, 38.408511], [-78.24441, 38.408649], [-78.244049, 38.408772], [-78.24385, 38.408869], [-78.243651, 38.408972], [-78.243417, 38.409035], [-78.243322, 38.409048], [-78.243268, 38.409054], [-78.243224, 38.409057], [-78.243175, 38.40906], [-78.24309, 38.409059], [-78.242986, 38.409057], [-78.24294, 38.409051], [-78.242896, 38.409038], [-78.24287, 38.409014], [-78.242865, 38.408952], [-78.242878, 38.40883], [-78.242887, 38.408774], [-78.242901, 38.408716], [-78.24295, 38.408531], [-78.243007, 38.408341], [-78.243028, 38.408279], [-78.243051, 38.408214], [-78.243079, 38.408151], [-78.243116, 38.408084], [-78.243163, 38.40802], [-78.24362, 38.407676], [-78.243844, 38.40753], [-78.244083, 38.407404], [-78.244358, 38.40728], [-78.244648, 38.40719], [-78.245244, 38.407034], [-78.246139, 38.406833], [-78.246202, 38.406844], [-78.246248, 38.406878], [-78.24627, 38.406956]]]}}, {"type": "Feature", "properties": {"field_id": "DF33", "acreage": 63.98, "farm": "Duck Farm", "client": "Cedar Springs"}, "geometry": {"type": "Polygon", "coordinates": [[[-78.234013, 38.420729], [-78.2339, 38.420792], [-78.233317, 38.421135], [-78.233366, 38.421226], [-78.233449, 38.421364], [-78.233484, 38.421414], [-78.233519, 38.421469], [-78.23366, 38.421671], [-78.233909, 38.422068], [-78.23403, 38.422245], [-78.234113, 38.422376], [-78.23414, 38.422413], [-78.234154, 38.422431], [-78.234236, 38.422535], [-78.234335, 38.422649], [-78.234389, 38.422719], [-78.234452, 38.422797], [-78.234499, 38.422864], [-78.234497, 38.422873], [-78.234427, 38.422932], [-78.233832, 38.423438], [-78.233791, 38.423472], [-78.233711, 38.423519], [-78.233705, 38.423522], [-78.233663, 38.423548], [-78.233593, 38.423581], [-78.233517, 38.423602], [-78.233444, 38.42361], [-78.233369, 38.423608], [-78.233333, 38.423606], [-78.233257, 38.4236], [-78.233233, 38.423599], [-78.233177, 38.423603], [-78.233096, 38.423617], [-78.233015, 38.423643], [-78.232926, 38.423675], [-78.232874, 38.423708], [-78.232855, 38.423732], [-78.232841, 38.423769], [-78.232831, 38.423803], [-78.232816, 38.423842], [-78.232799, 38.423865], [-78.232739, 38.423899], [-78.232693, 38.423912], [-78.232359, 38.424018], [-78.232266, 38.424059], [-78.232223, 38.42406], [-78.23221, 38.424048], [-78.232196, 38.424029], [-78.23207, 38.423671], [-78.232041, 38.423589], [-78.232035, 38.423568], [-78.232019, 38.423521], [-78.231945, 38.423335], [-78.231824, 38.422997], [-78.231803, 38.422935], [-78.231759, 38.422772], [-78.231691, 38.422573], [-78.231634, 38.422418], [-78.231563, 38.422208], [-78.23149, 38.422], [-78.231432, 38.42185], [-78.231413, 38.421797], [-78.231392, 38.421726], [-78.231385, 38.421712], [-78.231361, 38.421648], [-78.231362, 38.421613], [-78.231345, 38.421555], [-78.231334, 38.421506], [-78.231325, 38.421459], [-78.23132, 38.421406], [-78.23132, 38.421359], [-78.231317, 38.421321], [-78.231312, 38.42129], [-78.2313, 38.421263], [-78.231247, 38.421181], [-78.231231, 38.421137], [-78.231192, 38.421015], [-78.23116, 38.420926], [-78.23116, 38.420922], [-78.231154, 38.420911], [-78.231092, 38.420741], [-78.231054, 38.420624], [-78.231009, 38.420502], [-78.23094, 38.420285], [-78.230928, 38.420256], [-78.23091, 38.420203], [-78.230908, 38.420187], [-78.230903, 38.420178], [-78.230885, 38.420125], [-78.230871, 38.420074], [-78.230865, 38.420016], [-78.230871, 38.419961], [-78.23089, 38.419907], [-78.230922, 38.419856], [-78.230971, 38.419812], [-78.231032, 38.419777], [-78.231117, 38.419733], [-78.231273, 38.419644], [-78.231307, 38.419625], [-78.231442, 38.419536], [-78.231668, 38.419393], [-78.231902, 38.41923], [-78.232004, 38.419152], [-78.232037, 38.419128], [-78.232205, 38.418993], [-78.232354, 38.41888], [-78.232426, 38.418822], [-78.232634, 38.418658], [-78.232753, 38.418561], [-78.23286, 38.418485], [-78.232935, 38.418427], [-78.232998, 38.418373], [-78.233046, 38.418334], [-78.23308, 38.418304], [-78.233134, 38.418263], [-78.233186, 38.418234], [-78.233272, 38.418192], [-78.23337, 38.418133], [-78.233469, 38.418078], [-78.233509, 38.418053], [-78.23358, 38.418005], [-78.233907, 38.417761], [-78.233967, 38.41772], [-78.234028, 38.417681], [-78.234238, 38.417555], [-78.234439, 38.417426], [-78.234589, 38.417336], [-78.234831, 38.417173], [-78.23488, 38.417142], [-78.235024, 38.417054], [-78.235207, 38.416933], [-78.235276, 38.416877], [-78.235351, 38.416817], [-78.235415, 38.41678], [-78.235495, 38.416755], [-78.235579, 38.416751], [-78.235652, 38.416762], [-78.235714, 38.416777], [-78.235776, 38.416793], [-78.235818, 38.416808], [-78.236029, 38.416874], [-78.236198, 38.416913], [-78.236267, 38.416923], [-78.236356, 38.416935], [-78.236495, 38.416945], [-78.236744, 38.416953], [-78.237018, 38.41698], [-78.237158, 38.416991], [-78.237384, 38.417005], [-78.237751, 38.417031], [-78.238039, 38.417057], [-78.238236, 38.417078], [-78.238295, 38.417083], [-78.238482, 38.417096], [-78.238676, 38.417102], [-78.238748, 38.417107], [-78.238817, 38.417114], [-78.238889, 38.417126], [-78.238953, 38.417144], [-78.239025, 38.417177], [-78.239078, 38.417219], [-78.239123, 38.417308], [-78.239124, 38.417365], [-78.23911, 38.417417], [-78.239095, 38.41746], [-78.239055, 38.417592], [-78.239036, 38.417676], [-78.239018, 38.417781], [-78.238966, 38.417998], [-78.238945, 38.418077], [-78.238832, 38.41858], [-78.238793, 38.418698], [-78.238749, 38.418762], [-78.238694, 38.418821], [-78.238623, 38.418888], [-78.237097, 38.419833], [-78.237036, 38.419866], [-78.23699, 38.419881], [-78.236939, 38.41989], [-78.236882, 38.419888], [-78.236816, 38.419871], [-78.236748, 38.419835], [-78.236707, 38.419816], [-78.236665, 38.419805], [-78.236636, 38.419804], [-78.236594, 38.41981], [-78.236556, 38.419823], [-78.236397, 38.419888], [-78.236322, 38.419908], [-78.236267, 38.419912], [-78.236214, 38.419911], [-78.236167, 38.419904], [-78.236111, 38.419894], [-78.236046, 38.419887], [-78.235979, 38.419887], [-78.235937, 38.419892], [-78.235902, 38.419907], [-78.235852, 38.41993], [-78.235731, 38.420006], [-78.235645, 38.420058], [-78.235571, 38.420095], [-78.235465, 38.42014], [-78.235366, 38.420173], [-78.235233, 38.420228], [-78.235145, 38.420284], [-78.235104, 38.420314], [-78.235069, 38.420345], [-78.235032, 38.42039], [-78.234991, 38.420426], [-78.234932, 38.42045], [-78.234824, 38.42047], [-78.234721, 38.420487], [-78.234592, 38.420502], [-78.234528, 38.420516], [-78.234362, 38.420571], [-78.234331, 38.420579], [-78.234275, 38.420598], [-78.234135, 38.42066], [-78.234044, 38.42071], [-78.234013, 38.420729]]]}}, {"type": "Feature", "properties": {"field_id": "J1", "acreage": 10.8, "farm": "Duck Farm", "client": "Cedar Springs"}, "geometry": {"type": "Polygon", "coordinates": [[[-78.23716, 38.43092], [-78.237054, 38.430146], [-78.23704, 38.430042], [-78.237032, 38.429937], [-78.237015, 38.42988], [-78.236762, 38.429464], [-78.236737, 38.42941], [-78.236741, 38.429379], [-78.236745, 38.429345], [-78.236775, 38.429313], [-78.23681, 38.429291], [-78.237344, 38.429086], [-78.237396, 38.429053], [-78.237473, 38.428992], [-78.23793, 38.428697], [-78.238355, 38.428372], [-78.238682, 38.428061], [-78.238701, 38.428056], [-78.238723, 38.428058], [-78.23875, 38.428073], [-78.239152, 38.42856], [-78.239573, 38.429084], [-78.239815, 38.429366], [-78.239822, 38.429398], [-78.239816, 38.429434], [-78.239788, 38.429478], [-78.239491, 38.429685], [-78.239174, 38.4299], [-78.239152, 38.429915], [-78.238628, 38.430245], [-78.238544, 38.430299], [-78.238468, 38.43035], [-78.238012, 38.430627], [-78.237949, 38.430657], [-78.237916, 38.430663], [-78.237873, 38.430659], [-78.237832, 38.430636], [-78.237808, 38.430606], [-78.2376, 38.430225], [-78.237577, 38.430202], [-78.237561, 38.430194], [-78.237541, 38.430195], [-78.237522, 38.430218], [-78.237515, 38.430262], [-78.237525, 38.430434], [-78.237548, 38.430783], [-78.23754, 38.430852], [-78.237499, 38.430927], [-78.237444, 38.430983], [-78.237339, 38.431057], [-78.237299, 38.431068], [-78.237253, 38.431071], [-78.237217, 38.431062], [-78.237197, 38.431037], [-78.237182, 38.431001], [-78.23716, 38.43092]]]}}, {"type": "Feature", "properties": {"field_id": "DF12", "acreage": 37.23, "farm": "Duck Farm", "client": "Cedar Springs"}, "geometry": {"type": "Polygon", "coordinates": [[[-78.251016, 38.417106], [-78.251177, 38.417733], [-78.25126, 38.417972], [-78.251315, 38.418108], [-78.251423, 38.418259], [-78.251121, 38.418396], [-78.250082, 38.418791], [-78.249279, 38.419091], [-78.24853, 38.419371], [-78.247837, 38.419644], [-78.247188, 38.419887], [-78.247071, 38.419921], [-78.246968, 38.419947], [-78.24689, 38.419935], [-78.246646, 38.419898], [-78.246426, 38.419859], [-78.246119, 38.419719], [-78.245757, 38.419307], [-78.245627, 38.419072], [-78.245356, 38.418626], [-78.245124, 38.418152], [-78.245037, 38.417936], [-78.245066, 38.417811], [-78.245284, 38.417521], [-78.245434, 38.417372], [-78.24547, 38.417334], [-78.245509, 38.417287], [-78.245611, 38.417147], [-78.245654, 38.417101], [-78.245695, 38.417062], [-78.24573, 38.417023], [-78.245807, 38.416927], [-78.245846, 38.416872], [-78.245881, 38.416818], [-78.245918, 38.416752], [-78.245944, 38.416695], [-78.245969, 38.416636], [-78.245983, 38.41659], [-78.245987, 38.416546], [-78.245983, 38.416484], [-78.245975, 38.416421], [-78.245971, 38.416349], [-78.245979, 38.416273], [-78.24601, 38.416137], [-78.246029, 38.416068], [-78.246073, 38.41593], [-78.246098, 38.415859], [-78.246128, 38.415782], [-78.246184, 38.415645], [-78.246213, 38.415583], [-78.246248, 38.415518], [-78.24629, 38.415458], [-78.246337, 38.415408], [-78.246398, 38.415358], [-78.246472, 38.415324], [-78.246557, 38.415306], [-78.246653, 38.415315], [-78.246706, 38.415343], [-78.246721, 38.415381], [-78.246738, 38.415429], [-78.246826, 38.415689], [-78.24688, 38.415814], [-78.24695, 38.415899], [-78.247017, 38.415933], [-78.247116, 38.415947], [-78.247221, 38.415944], [-78.247382, 38.415874], [-78.247708, 38.415735], [-78.247816, 38.415713], [-78.247913, 38.415724], [-78.247981, 38.415753], [-78.248059, 38.415799], [-78.248123, 38.415913], [-78.248338, 38.416487], [-78.24839, 38.416626], [-78.248579, 38.417119], [-78.248707, 38.417473], [-78.24878, 38.417626], [-78.248841, 38.417701], [-78.248912, 38.417722], [-78.248953, 38.417786], [-78.248939, 38.41781], [-78.248933, 38.417855], [-78.248953, 38.417878], [-78.248976, 38.417878], [-78.249006, 38.417868], [-78.249065, 38.41784], [-78.249139, 38.417793], [-78.249254, 38.417739], [-78.249589, 38.417539], [-78.249966, 38.417329], [-78.250681, 38.416898], [-78.250789, 38.41685], [-78.250834, 38.416837], [-78.250868, 38.416839], [-78.250944, 38.416881], [-78.251016, 38.417106]]]}}, {"type": "Feature", "properties": {"field_id": "DF8", "acreage": 15.38, "farm": "Duck Farm", "client": "Cedar Springs"}, "geometry": {"type": "Polygon", "coordinates": [[[-78.246426, 38.408505], [-78.246452, 38.408511], [-78.246504, 38.408497], [-78.246553, 38.408476], [-78.246605, 38.408462], [-78.24666, 38.40846], [-78.246715, 38.408459], [-78.24683, 38.408488], [-78.246897, 38.408497], [-78.246964, 38.408504], [-78.247002, 38.408503], [-78.247044, 38.408483], [-78.247095, 38.408462], [-78.247189, 38.40838], [-78.247385, 38.408235], [-78.247493, 38.408175], [-78.247554, 38.408165], [-78.247613, 38.408173], [-78.247644, 38.408194], [-78.247663, 38.408258], [-78.247671, 38.408363], [-78.247696, 38.408596], [-78.247712, 38.408659], [-78.247739, 38.408708], [-78.247824, 38.408808], [-78.247873, 38.408873], [-78.247913, 38.40892], [-78.247943, 38.408955], [-78.248064, 38.409118], [-78.248165, 38.409232], [-78.248181, 38.409288], [-78.248182, 38.409335], [-78.248181, 38.409377], [-78.248165, 38.409418], [-78.248063, 38.409522], [-78.248032, 38.409562], [-78.24794, 38.409682], [-78.247869, 38.409774], [-78.247839, 38.409813], [-78.247816, 38.409836], [-78.247687, 38.40999], [-78.247625, 38.410122], [-78.24761, 38.410191], [-78.247586, 38.410339], [-78.247549, 38.41055], [-78.247527, 38.410714], [-78.247549, 38.410789], [-78.247582, 38.410829], [-78.247608, 38.410863], [-78.247631, 38.410895], [-78.247615, 38.410921], [-78.247575, 38.410928], [-78.247517, 38.410914], [-78.247482, 38.410872], [-78.247399, 38.41078], [-78.247266, 38.410644], [-78.247141, 38.410524], [-78.247069, 38.410462], [-78.247017, 38.41043], [-78.246844, 38.410377], [-78.246736, 38.410337], [-78.246564, 38.410249], [-78.246207, 38.410042], [-78.245992, 38.409935], [-78.245916, 38.409902], [-78.245408, 38.409726], [-78.244868, 38.409537], [-78.244266, 38.409297], [-78.2438, 38.409138], [-78.243747, 38.409106], [-78.243725, 38.409077], [-78.243728, 38.409035], [-78.24378, 38.408995], [-78.243889, 38.40894], [-78.244146, 38.408813], [-78.244448, 38.408706], [-78.244756, 38.408619], [-78.244903, 38.408572], [-78.244964, 38.408537], [-78.245035, 38.408479], [-78.245506, 38.408096], [-78.24583, 38.407808], [-78.246007, 38.407675], [-78.246082, 38.407645], [-78.246125, 38.407643], [-78.246179, 38.407647], [-78.246272, 38.40766], [-78.246335, 38.407689], [-78.246385, 38.407726], [-78.246402, 38.407741], [-78.246433, 38.407781], [-78.246464, 38.407862], [-78.246473, 38.407935], [-78.246468, 38.407967], [-78.2464, 38.408447], [-78.246397, 38.408486], [-78.246404, 38.4085], [-78.246426, 38.408505]]]}}, {"type": "Feature", "properties": {"field_id": "DF9", "acreage": 13.93, "farm": "Duck Farm", "client": "Cedar Springs"}, "geometry": {"type": "Polygon", "coordinates": [[[-78.251342, 38.414448], [-78.251338, 38.414449], [-78.25126, 38.414426], [-78.251156, 38.414355], [-78.251022, 38.414203], [-78.250982, 38.414119], [-78.250566, 38.41326], [-78.250475, 38.413146], [-78.249772, 38.412532], [-78.249588, 38.412388], [-78.249363, 38.412236], [-78.248383, 38.411609], [-78.247814, 38.411232], [-78.247763, 38.411134], [-78.247776, 38.411049], [-78.24789, 38.410951], [-78.2479, 38.410948], [-78.247923, 38.41094], [-78.247928, 38.410938], [-78.247959, 38.410928], [-78.247989, 38.410917], [-78.247995, 38.410915], [-78.24801, 38.410911], [-78.24802, 38.410908], [-78.248025, 38.410906], [-78.24803, 38.410905], [-78.24805, 38.410898], [-78.248053, 38.410897], [-78.248081, 38.410888], [-78.248087, 38.410887], [-78.24809, 38.410886], [-78.248121, 38.410879], [-78.248128, 38.410877], [-78.248156, 38.410872], [-78.248163, 38.410871], [-78.248189, 38.410867], [-78.248192, 38.410866], [-78.248217, 38.410863], [-78.248233, 38.410861], [-78.248256, 38.410856], [-78.248261, 38.410855], [-78.248297, 38.410848], [-78.248303, 38.410847], [-78.248333, 38.410842], [-78.248364, 38.410837], [-78.2484, 38.410831], [-78.248404, 38.41083], [-78.248434, 38.410826], [-78.248462, 38.410822], [-78.248489, 38.410816], [-78.248517, 38.410811], [-78.248548, 38.410803], [-78.248554, 38.410802], [-78.248584, 38.410796], [-78.248614, 38.410789], [-78.248645, 38.410781], [-78.248648, 38.41078], [-78.248677, 38.410774], [-78.24871, 38.410765], [-78.248716, 38.410764], [-78.248747, 38.410757], [-78.248751, 38.410756], [-78.248782, 38.410751], [-78.248789, 38.41075], [-78.248819, 38.410746], [-78.248821, 38.410745], [-78.248835, 38.410744], [-78.248864, 38.410744], [-78.248894, 38.410743], [-78.248899, 38.410743], [-78.248914, 38.410745], [-78.248943, 38.410748], [-78.24895, 38.410749], [-78.248981, 38.410755], [-78.248991, 38.410757], [-78.24902, 38.410764], [-78.249028, 38.410766], [-78.24906, 38.410776], [-78.249074, 38.410781], [-78.249102, 38.410793], [-78.249107, 38.410795], [-78.249138, 38.410811], [-78.249149, 38.410816], [-78.249176, 38.410833], [-78.249182, 38.410837], [-78.249206, 38.410853], [-78.24923, 38.410869], [-78.249252, 38.410882], [-78.249276, 38.410895], [-78.249298, 38.410907], [-78.249317, 38.410915], [-78.249343, 38.410924], [-78.249372, 38.410934], [-78.249404, 38.410944], [-78.249433, 38.410953], [-78.249461, 38.410962], [-78.249466, 38.410964], [-78.249494, 38.410974], [-78.249523, 38.410984], [-78.249545, 38.410993], [-78.249566, 38.410998], [-78.249571, 38.411], [-78.249591, 38.411008], [-78.249619, 38.411022], [-78.249647, 38.411035], [-78.249652, 38.411038], [-78.249681, 38.411054], [-78.249687, 38.411057], [-78.249711, 38.411071], [-78.249731, 38.411081], [-78.249749, 38.411089], [-78.249772, 38.411097], [-78.249804, 38.411108], [-78.249819, 38.411114], [-78.249827, 38.411118], [-78.249858, 38.411136], [-78.249887, 38.411153], [-78.249915, 38.411169], [-78.249917, 38.411171], [-78.249943, 38.411187], [-78.249948, 38.41119], [-78.249975, 38.411208], [-78.24998, 38.411212], [-78.250004, 38.41123], [-78.250026, 38.411246], [-78.25005, 38.411263], [-78.250076, 38.411281], [-78.2501, 38.411298], [-78.250125, 38.411315], [-78.250128, 38.411317], [-78.250153, 38.411334], [-78.250178, 38.411353], [-78.250181, 38.411356], [-78.250206, 38.411375], [-78.250226, 38.411391], [-78.250241, 38.411399], [-78.250267, 38.411407], [-78.250307, 38.411419], [-78.250313, 38.41142], [-78.250352, 38.411434], [-78.250365, 38.411439], [-78.250402, 38.411457], [-78.25041, 38.411461], [-78.250445, 38.411481], [-78.25045, 38.411484], [-78.250482, 38.411505], [-78.250515, 38.411525], [-78.250518, 38.411527], [-78.250551, 38.411549], [-78.250582, 38.411569], [-78.250615, 38.41159], [-78.250646, 38.411609], [-78.250677, 38.411628], [-78.250683, 38.411632], [-78.250712, 38.411652], [-78.250742, 38.411672], [-78.250771, 38.411692], [-78.250773, 38.411693], [-78.250802, 38.411713], [-78.250832, 38.411733], [-78.250862, 38.411754], [-78.250894, 38.411776], [-78.250897, 38.411778], [-78.250922, 38.411797], [-78.25095, 38.411815], [-78.250955, 38.411818], [-78.250985, 38.41184], [-78.251013, 38.41186], [-78.251042, 38.411879], [-78.251046, 38.411882], [-78.251075, 38.411903], [-78.251103, 38.411922], [-78.251132, 38.411941], [-78.251134, 38.411943], [-78.251137, 38.411945], [-78.251164, 38.411965], [-78.251166, 38.411967], [-78.251192, 38.411988], [-78.251197, 38.411992], [-78.251221, 38.412013], [-78.251225, 38.412017], [-78.251246, 38.412038], [-78.251251, 38.412043], [-78.251269, 38.412065], [-78.251271, 38.412067], [-78.251289, 38.412089], [-78.251292, 38.412092], [-78.251308, 38.412113], [-78.251324, 38.412135], [-78.251327, 38.412139], [-78.25133, 38.412143], [-78.251378, 38.412225], [-78.251399, 38.41226], [-78.251404, 38.412269], [-78.251415, 38.412295], [-78.251416, 38.412297], [-78.251426, 38.412322], [-78.251427, 38.412326], [-78.251436, 38.41235], [-78.251445, 38.412375], [-78.251454, 38.412399], [-78.251456, 38.412402], [-78.251464, 38.412427], [-78.251473, 38.41245], [-78.251479, 38.412467], [-78.251548, 38.412582], [-78.251556, 38.412593], [-78.251558, 38.412595], [-78.251625, 38.41268], [-78.251628, 38.412684], [-78.251645, 38.412709], [-78.251646, 38.412711], [-78.251662, 38.412736], [-78.251664, 38.412738], [-78.251678, 38.412762], [-78.251692, 38.412786], [-78.251697, 38.412796], [-78.251707, 38.412819], [-78.25171, 38.41283], [-78.251716, 38.41285], [-78.251717, 38.412856], [-78.25172, 38.412877], [-78.251721, 38.412881], [-78.251723, 38.412899], [-78.251723, 38.412909], [-78.251722, 38.412925], [-78.251722, 38.412943], [-78.251721, 38.41296], [-78.25172, 38.412974], [-78.25172, 38.412989], [-78.25172, 38.412992], [-78.25172, 38.413007], [-78.251719, 38.413025], [-78.251719, 38.413027], [-78.251718, 38.41305], [-78.251716, 38.413075], [-78.251716, 38.41308], [-78.251713, 38.413104], [-78.251712, 38.41311], [-78.251707, 38.413131], [-78.251705, 38.413148], [-78.251704, 38.413167], [-78.251704, 38.413171], [-78.251702, 38.413193], [-78.251702, 38.41321], [-78.251703, 38.413223], [-78.251706, 38.413236], [-78.25171, 38.413247], [-78.251713, 38.413254], [-78.251717, 38.41326], [-78.251726, 38.413268], [-78.251736, 38.413277], [-78.251745, 38.413283], [-78.251758, 38.41329], [-78.25178, 38.4133], [-78.251783, 38.413302], [-78.251807, 38.413314], [-78.251825, 38.413323], [-78.251844, 38.413331], [-78.25187, 38.413342], [-78.251874, 38.413344], [-78.251898, 38.413355], [-78.251919, 38.413365], [-78.251923, 38.413366], [-78.25193, 38.41337], [-78.25195, 38.413381], [-78.251956, 38.413386], [-78.251975, 38.413398], [-78.251978, 38.4134], [-78.251981, 38.413402], [-78.251998, 38.413415], [-78.252014, 38.413427], [-78.252018, 38.413431], [-78.252028, 38.41344], [-78.25203, 38.413441], [-78.252041, 38.413451], [-78.252047, 38.413456], [-78.252051, 38.413461], [-78.252062, 38.413473], [-78.25207, 38.413483], [-78.25208, 38.413498], [-78.252089, 38.413511], [-78.252096, 38.413526], [-78.252102, 38.413538], [-78.252106, 38.413551], [-78.252109, 38.413565], [-78.252109, 38.413568], [-78.252111, 38.413585], [-78.25211, 38.413595], [-78.252107, 38.413608], [-78.252106, 38.413623], [-78.252105, 38.413627], [-78.252102, 38.413646], [-78.2521, 38.413653], [-78.252095, 38.413666], [-78.252086, 38.413686], [-78.25207, 38.413726], [-78.25207, 38.413716], [-78.252061, 38.413728], [-78.252054, 38.41374], [-78.252051, 38.413745], [-78.252043, 38.413758], [-78.252039, 38.413764], [-78.252029, 38.413774], [-78.252021, 38.413782], [-78.252014, 38.41379], [-78.252011, 38.413794], [-78.25194, 38.413959], [-78.251908, 38.414032], [-78.251892, 38.414098], [-78.251889, 38.414105], [-78.251886, 38.414111], [-78.251875, 38.414129], [-78.251869, 38.414138], [-78.251867, 38.41414], [-78.251854, 38.414156], [-78.251844, 38.414166], [-78.251827, 38.414182], [-78.251817, 38.41419], [-78.251796, 38.414204], [-78.251773, 38.41422], [-78.25175, 38.414235], [-78.25173, 38.414249], [-78.251709, 38.414265], [-78.251686, 38.414282], [-78.251679, 38.414286], [-78.251653, 38.414303], [-78.251622, 38.414322], [-78.251619, 38.414325], [-78.251587, 38.414343], [-78.251573, 38.41435], [-78.251569, 38.414351], [-78.251559, 38.414362], [-78.251543, 38.414373], [-78.251529, 38.414381], [-78.251502, 38.414393], [-78.251497, 38.414396], [-78.25147, 38.414407], [-78.251444, 38.414417], [-78.251435, 38.414421], [-78.251408, 38.41443], [-78.251382, 38.414438], [-78.251373, 38.414441], [-78.251367, 38.414443], [-78.251342, 38.414448]]]}}, {"type": "Feature", "properties": {"field_id": "DF11", "acreage": 69.4, "farm": "Duck Farm", "client": "Cedar Springs"}, "geometry": {"type": "Polygon", "coordinates": [[[-78.242547, 38.409478], [-78.242806, 38.409211], [-78.242907, 38.409194], [-78.243064, 38.409192], [-78.243222, 38.409194], [-78.243414, 38.409222], [-78.243461, 38.409252], [-78.24348, 38.409275], [-78.243494, 38.409318], [-78.243496, 38.409358], [-78.24348, 38.409402], [-78.243464, 38.409448], [-78.243451, 38.4095], [-78.243447, 38.409546], [-78.243461, 38.409595], [-78.243478, 38.409645], [-78.243528, 38.409679], [-78.243581, 38.409702], [-78.243651, 38.409712], [-78.243712, 38.40971], [-78.243796, 38.409698], [-78.243876, 38.40967], [-78.243938, 38.409635], [-78.244008, 38.409575], [-78.244077, 38.40949], [-78.244133, 38.409446], [-78.244229, 38.409425], [-78.244551, 38.409525], [-78.245118, 38.409733], [-78.245435, 38.409832], [-78.245956, 38.410051], [-78.246207, 38.410177], [-78.246502, 38.410319], [-78.246726, 38.410466], [-78.246864, 38.410569], [-78.247, 38.41063], [-78.247057, 38.410671], [-78.247411, 38.411011], [-78.247424, 38.411033], [-78.247464, 38.411132], [-78.247483, 38.411158], [-78.247517, 38.411186], [-78.247541, 38.411203], [-78.247706, 38.411373], [-78.248151, 38.411692], [-78.248991, 38.41219], [-78.249359, 38.412435], [-78.249576, 38.412601], [-78.24991, 38.412887], [-78.250339, 38.413269], [-78.250422, 38.413376], [-78.250505, 38.413519], [-78.250649, 38.413825], [-78.250861, 38.414241], [-78.250955, 38.414442], [-78.25093, 38.41451], [-78.250881, 38.414567], [-78.250876, 38.41457], [-78.250303, 38.414757], [-78.249638, 38.414992], [-78.248898, 38.415251], [-78.248914, 38.415282], [-78.248783, 38.415328], [-78.248733, 38.415345], [-78.247934, 38.415631], [-78.247853, 38.415661], [-78.247797, 38.415653], [-78.24767, 38.415691], [-78.247451, 38.415789], [-78.247247, 38.415883], [-78.247213, 38.415898], [-78.247109, 38.415896], [-78.24705, 38.415884], [-78.247009, 38.415863], [-78.246968, 38.415822], [-78.246957, 38.415813], [-78.246799, 38.415395], [-78.246616, 38.414968], [-78.246421, 38.414557], [-78.246296, 38.414341], [-78.246197, 38.414221], [-78.246151, 38.414181], [-78.245971, 38.414026], [-78.245673, 38.413808], [-78.245475, 38.413664], [-78.245299, 38.413313], [-78.245025, 38.412737], [-78.244898, 38.412485], [-78.244825, 38.412377], [-78.24472, 38.412223], [-78.244549, 38.412071], [-78.244374, 38.411962], [-78.244148, 38.411853], [-78.243911, 38.411796], [-78.24365, 38.411778], [-78.242853, 38.411786], [-78.242413, 38.411917], [-78.242145, 38.412005], [-78.241936, 38.412036], [-78.24179, 38.412046], [-78.241539, 38.412041], [-78.241362, 38.412006], [-78.241157, 38.411929], [-78.24095, 38.411811], [-78.240835, 38.411734], [-78.240743, 38.411651], [-78.240655, 38.411554], [-78.240655, 38.411497], [-78.240657, 38.411295], [-78.240906, 38.410984], [-78.241081, 38.410782], [-78.241564, 38.410334], [-78.242502, 38.409519], [-78.242547, 38.409478]]]}}, {"type": "Feature", "properties": {"field_id": "DF13", "acreage": 15.52, "farm": "Duck Farm", "client": "Cedar Springs"}, "geometry": {"type": "Polygon", "coordinates": [[[-78.250818, 38.415772], [-78.251154, 38.414834], [-78.251155, 38.414835], [-78.251236, 38.414829], [-78.251307, 38.414854], [-78.251368, 38.414908], [-78.251397, 38.414957], [-78.251419, 38.415004], [-78.251476, 38.41511], [-78.251506, 38.41516], [-78.251575, 38.415268], [-78.251646, 38.415371], [-78.251721, 38.415486], [-78.251939, 38.415836], [-78.251972, 38.415899], [-78.252015, 38.415958], [-78.252002, 38.415999], [-78.251989, 38.416022], [-78.251925, 38.416059], [-78.251525, 38.416269], [-78.251313, 38.416399], [-78.251063, 38.416563], [-78.250965, 38.416624], [-78.250937, 38.416484], [-78.25083, 38.416135], [-78.250785, 38.415964], [-78.250787, 38.415854], [-78.250818, 38.415772]], [[-78.250867, 38.414677], [-78.251006, 38.414659], [-78.25106, 38.414663], [-78.251111, 38.41472], [-78.25096, 38.415059], [-78.2508, 38.415454], [-78.250666, 38.415854], [-78.250653, 38.41589], [-78.250643, 38.415923], [-78.250648, 38.415962], [-78.250655, 38.416018], [-78.250713, 38.416225], [-78.250873, 38.416682], [-78.250859, 38.41669], [-78.250638, 38.416818], [-78.249972, 38.417202], [-78.249891, 38.417251], [-78.249739, 38.41692], [-78.249372, 38.416098], [-78.249243, 38.41578], [-78.249072, 38.415423], [-78.24905, 38.415276], [-78.249125, 38.415259], [-78.249289, 38.415204], [-78.249696, 38.415076], [-78.250491, 38.41481], [-78.250867, 38.414677]], [[-78.248733, 38.415345], [-78.248914, 38.415282], [-78.249002, 38.41542], [-78.249055, 38.415516], [-78.249235, 38.415938], [-78.24948, 38.416484], [-78.249618, 38.416788], [-78.249818, 38.417202], [-78.249797, 38.417308], [-78.249389, 38.417557], [-78.249209, 38.417655], [-78.249135, 38.41768], [-78.24905, 38.417693], [-78.249005, 38.417687], [-78.248922, 38.41766], [-78.248848, 38.417619], [-78.248703, 38.41731], [-78.248557, 38.416902], [-78.248346, 38.416361], [-78.248183, 38.415895], [-78.248104, 38.415759], [-78.248043, 38.415711], [-78.248005, 38.415689], [-78.247957, 38.415679], [-78.247853, 38.415661], [-78.247934, 38.415631], [-78.247946, 38.415627], [-78.248375, 38.415473], [-78.248647, 38.415376], [-78.248733, 38.415345]]]}}, {"type": "Feature", "properties": {"field_id": "DF19", "acreage": 48.43, "farm": "Duck Farm", "client": "Cedar Springs"}, "geometry": {"type": "Polygon", "coordinates": [[[-78.240503, 38.414906], [-78.240274, 38.41456], [-78.239652, 38.41344], [-78.239646, 38.413413], [-78.239639, 38.413386], [-78.239639, 38.413327], [-78.239651, 38.413199], [-78.239661, 38.413033], [-78.23966, 38.412897], [-78.239663, 38.412844], [-78.239678, 38.412784], [-78.2397, 38.412732], [-78.23973, 38.412675], [-78.239811, 38.412543], [-78.239854, 38.412462], [-78.239882, 38.412414], [-78.23991, 38.412372], [-78.239979, 38.412283], [-78.24002, 38.412236], [-78.240076, 38.412189], [-78.240157, 38.412156], [-78.240262, 38.412158], [-78.240309, 38.41218], [-78.240425, 38.412304], [-78.240594, 38.412426], [-78.240869, 38.412527], [-78.241127, 38.412566], [-78.241591, 38.412574], [-78.241849, 38.412521], [-78.24202, 38.412495], [-78.242084, 38.412482], [-78.242163, 38.41247], [-78.242269, 38.412457], [-78.242338, 38.412451], [-78.242466, 38.412449], [-78.242541, 38.412451], [-78.242606, 38.412456], [-78.242617, 38.412457], [-78.242751, 38.412476], [-78.242996, 38.412509], [-78.243215, 38.412567], [-78.243516, 38.412655], [-78.243652, 38.412695], [-78.243855, 38.412784], [-78.244081, 38.412922], [-78.244275, 38.413068], [-78.244493, 38.413315], [-78.244623, 38.41349], [-78.244729, 38.413678], [-78.244806, 38.413886], [-78.244894, 38.414196], [-78.244968, 38.414455], [-78.245007, 38.414641], [-78.245015, 38.414808], [-78.245018, 38.414945], [-78.245019, 38.415005], [-78.245038, 38.415063], [-78.245076, 38.415164], [-78.245159, 38.415286], [-78.245246, 38.415425], [-78.245252, 38.415484], [-78.245243, 38.415578], [-78.245218, 38.415668], [-78.245127, 38.415936], [-78.245076, 38.416066], [-78.244975, 38.416245], [-78.244914, 38.416348], [-78.244725, 38.416567], [-78.244638, 38.41669], [-78.244622, 38.416714], [-78.244564, 38.416818], [-78.244534, 38.416873], [-78.244464, 38.417005], [-78.244443, 38.417044], [-78.244413, 38.417106], [-78.244401, 38.417133], [-78.244376, 38.417198], [-78.244326, 38.417326], [-78.244298, 38.417412], [-78.243937, 38.417903], [-78.243894, 38.417925], [-78.243833, 38.417936], [-78.243752, 38.417917], [-78.243627, 38.417894], [-78.243547, 38.417871], [-78.243488, 38.417843], [-78.243423, 38.417806], [-78.243371, 38.417771], [-78.243314, 38.417729], [-78.24306, 38.417514], [-78.242951, 38.417428], [-78.242784, 38.417291], [-78.242566, 38.417109], [-78.24239, 38.41697], [-78.24221, 38.416823], [-78.242081, 38.416723], [-78.241961, 38.416625], [-78.241843, 38.416532], [-78.241617, 38.416348], [-78.241506, 38.416265], [-78.241342, 38.416133], [-78.241131, 38.415957], [-78.241028, 38.415866], [-78.240982, 38.415819], [-78.240941, 38.415766], [-78.240907, 38.415715], [-78.240876, 38.415664], [-78.240823, 38.415561], [-78.240761, 38.41542], [-78.240717, 38.415374], [-78.240618, 38.415329], [-78.240585, 38.415291], [-78.240555, 38.415247], [-78.240538, 38.415209], [-78.240503, 38.414906]]]}}, {"type": "Feature", "properties": {"field_id": "DF20", "acreage": 15.08, "farm": "Duck Farm", "client": "Cedar Springs"}, "geometry": {"type": "Polygon", "coordinates": [[[-78.237477, 38.416664], [-78.237353, 38.416618], [-78.237298, 38.416583], [-78.23719, 38.416501], [-78.237136, 38.416471], [-78.237024, 38.416431], [-78.236834, 38.416349], [-78.236811, 38.416323], [-78.236805, 38.416292], [-78.236807, 38.416262], [-78.236942, 38.41605], [-78.236975, 38.416041], [-78.237011, 38.416045], [-78.237136, 38.416115], [-78.237197, 38.416144], [-78.237251, 38.416157], [-78.237329, 38.416157], [-78.237397, 38.416151], [-78.237473, 38.41614], [-78.237527, 38.416128], [-78.237569, 38.416115], [-78.237632, 38.416086], [-78.237658, 38.416061], [-78.237689, 38.415997], [-78.237685, 38.415961], [-78.237674, 38.41593], [-78.237646, 38.415855], [-78.237561, 38.415627], [-78.237356, 38.415196], [-78.237344, 38.415146], [-78.237425, 38.415079], [-78.237477, 38.415047], [-78.237523, 38.415033], [-78.237728, 38.415063], [-78.237991, 38.415096], [-78.23812, 38.41511], [-78.238215, 38.415128], [-78.238269, 38.415145], [-78.238292, 38.415154], [-78.238331, 38.415216], [-78.238299, 38.415268], [-78.238226, 38.415352], [-78.238116, 38.415445], [-78.237962, 38.415586], [-78.237866, 38.415654], [-78.237812, 38.415707], [-78.237833, 38.415723], [-78.237892, 38.415687], [-78.238217, 38.41544], [-78.238388, 38.415304], [-78.238439, 38.415255], [-78.238481, 38.415213], [-78.238517, 38.415153], [-78.238582, 38.41503], [-78.238696, 38.414872], [-78.238771, 38.414757], [-78.238889, 38.414573], [-78.238981, 38.414368], [-78.239039, 38.414256], [-78.239094, 38.414131], [-78.239119, 38.413981], [-78.239128, 38.413899], [-78.239144, 38.413839], [-78.239211, 38.413761], [-78.239291, 38.413698], [-78.23934, 38.413668], [-78.239381, 38.41365], [-78.239438, 38.413633], [-78.239541, 38.413615], [-78.239608, 38.413653], [-78.239642, 38.413694], [-78.239663, 38.413735], [-78.239693, 38.413805], [-78.23974, 38.413883], [-78.239813, 38.414014], [-78.239867, 38.414105], [-78.239955, 38.414243], [-78.240015, 38.414343], [-78.240096, 38.414488], [-78.240184, 38.414659], [-78.240205, 38.414695], [-78.240337, 38.414874], [-78.240367, 38.414924], [-78.240394, 38.414978], [-78.240415, 38.415036], [-78.240429, 38.41509], [-78.240437, 38.415142], [-78.240447, 38.41524], [-78.240448, 38.415287], [-78.240444, 38.415332], [-78.240436, 38.41538], [-78.240368, 38.415404], [-78.240309, 38.415426], [-78.24024, 38.415453], [-78.240142, 38.415496], [-78.23997, 38.415596], [-78.2398, 38.415701], [-78.239653, 38.415772], [-78.239302, 38.415954], [-78.239252, 38.415913], [-78.239039, 38.41602], [-78.239081, 38.416055], [-78.238419, 38.416359], [-78.238118, 38.416507], [-78.237852, 38.416642], [-78.237764, 38.416677], [-78.237682, 38.416694], [-78.237597, 38.416687], [-78.237524, 38.416682], [-78.237477, 38.416664]], [[-78.23746, 38.416776], [-78.237479, 38.416726], [-78.237551, 38.416738], [-78.237701, 38.41674], [-78.237826, 38.4167], [-78.237972, 38.416623], [-78.238176, 38.416524], [-78.238449, 38.416391], [-78.238805, 38.416236], [-78.239128, 38.416104], [-78.239527, 38.415933], [-78.239722, 38.415827], [-78.239896, 38.415732], [-78.240203, 38.41555], [-78.240283, 38.415545], [-78.24032, 38.415551], [-78.240337, 38.415555], [-78.240367, 38.415575], [-78.240381, 38.415655], [-78.240359, 38.415709], [-78.240323, 38.415764], [-78.240263, 38.415855], [-78.240086, 38.416124], [-78.239969, 38.41627], [-78.239898, 38.416362], [-78.239863, 38.416409], [-78.239792, 38.4165], [-78.239642, 38.41669], [-78.239602, 38.416737], [-78.239478, 38.416873], [-78.239429, 38.416921], [-78.239376, 38.416963], [-78.239318, 38.416996], [-78.239242, 38.417024], [-78.239034, 38.417009], [-78.238822, 38.41699], [-78.238233, 38.416932], [-78.237799, 38.416881], [-78.237629, 38.416855], [-78.237535, 38.416833], [-78.237476, 38.416804], [-78.23746, 38.416776]]]}}, {"type": "Feature", "properties": {"field_id": "E1", "acreage": 28.7, "farm": "Estes", "client": "Cedar Springs"}, "geometry": {"type": "Polygon", "coordinates": [[[-78.287394, 38.302519], [-78.287436, 38.302506], [-78.287472, 38.302498], [-78.287505, 38.302486], [-78.287541, 38.302468], [-78.287606, 38.302441], [-78.287688, 38.302424], [-78.287779, 38.302425], [-78.287864, 38.302437], [-78.287949, 38.302465], [-78.288012, 38.302501], [-78.288068, 38.30254], [-78.288119, 38.302579], [-78.288237, 38.302673], [-78.288291, 38.302714], [-78.288348, 38.302752], [-78.288397, 38.302781], [-78.288504, 38.302837], [-78.288573, 38.302889], [-78.288614, 38.302956], [-78.288628, 38.303035], [-78.288616, 38.3031], [-78.288588, 38.303164], [-78.288529, 38.303283], [-78.288473, 38.303405], [-78.288449, 38.303464], [-78.288427, 38.303526], [-78.288388, 38.303653], [-78.288371, 38.30372], [-78.288349, 38.303799], [-78.288305, 38.303938], [-78.288258, 38.304075], [-78.288209, 38.304208], [-78.288145, 38.304406], [-78.288127, 38.304475], [-78.28811, 38.304545], [-78.288023, 38.304907], [-78.288003, 38.304997], [-78.287961, 38.305181], [-78.287904, 38.305401], [-78.287829, 38.305671], [-78.287792, 38.305819], [-78.287764, 38.305934], [-78.287736, 38.306064], [-78.287711, 38.306195], [-78.287668, 38.306387], [-78.287632, 38.306566], [-78.287562, 38.306865], [-78.287511, 38.30712], [-78.287493, 38.307183], [-78.287462, 38.307247], [-78.287407, 38.30731], [-78.287341, 38.307352], [-78.28726, 38.307383], [-78.287176, 38.307402], [-78.287107, 38.307412], [-78.28703, 38.307422], [-78.286861, 38.30744], [-78.286609, 38.307455], [-78.286542, 38.307461], [-78.286403, 38.30748], [-78.286273, 38.307506], [-78.286206, 38.307514], [-78.286136, 38.307518], [-78.286051, 38.307516], [-78.285957, 38.3075], [-78.285887, 38.307482], [-78.285849, 38.307475], [-78.285826, 38.307475], [-78.285813, 38.307477], [-78.285793, 38.307483], [-78.28577, 38.307498], [-78.285726, 38.307532], [-78.28567, 38.307571], [-78.285592, 38.307611], [-78.285517, 38.307633], [-78.285254, 38.307684], [-78.285129, 38.307708], [-78.285062, 38.307718], [-78.284852, 38.307749], [-78.284768, 38.307759], [-78.284682, 38.307762], [-78.284601, 38.307756], [-78.284511, 38.307729], [-78.284447, 38.307698], [-78.284375, 38.307648], [-78.284322, 38.307594], [-78.284276, 38.307534], [-78.284234, 38.307461], [-78.284179, 38.307324], [-78.284168, 38.307294], [-78.284153, 38.307249], [-78.284141, 38.307166], [-78.284142, 38.307092], [-78.284149, 38.307013], [-78.284164, 38.306872], [-78.284181, 38.306669], [-78.284189, 38.306603], [-78.284211, 38.306482], [-78.284234, 38.306412], [-78.284271, 38.306349], [-78.28432, 38.306291], [-78.284389, 38.306238], [-78.284454, 38.3062], [-78.284585, 38.306132], [-78.284713, 38.306072], [-78.28478, 38.306052], [-78.28485, 38.306039], [-78.284926, 38.306035], [-78.284999, 38.306035], [-78.285153, 38.306039], [-78.285308, 38.306048], [-78.285448, 38.306061], [-78.285659, 38.306082], [-78.285855, 38.30611], [-78.285886, 38.306091], [-78.285881, 38.306004], [-78.285881, 38.30595], [-78.285884, 38.305638], [-78.285885, 38.305616], [-78.285895, 38.305488], [-78.285904, 38.305392], [-78.285908, 38.30534], [-78.285912, 38.305304], [-78.285956, 38.304985], [-78.285965, 38.30493], [-78.286018, 38.304682], [-78.286119, 38.304267], [-78.286195, 38.30402], [-78.286213, 38.303969], [-78.28625, 38.303871], [-78.286307, 38.303739], [-78.286316, 38.30371], [-78.286325, 38.303671], [-78.286335, 38.303633], [-78.286352, 38.303582], [-78.286416, 38.303413], [-78.286432, 38.303371], [-78.28646, 38.303202], [-78.286481, 38.30305], [-78.286487, 38.302981], [-78.286501, 38.302928], [-78.286555, 38.302902], [-78.286751, 38.302862], [-78.286815, 38.30284], [-78.286919, 38.302794], [-78.287394, 38.302519]]]}}, {"type": "Feature", "properties": {"field_id": "E10", "acreage": 14.48, "farm": "Estes", "client": "Cedar Springs"}, "geometry": {"type": "Polygon", "coordinates": [[[-78.285318, 38.3017], [-78.285373, 38.301735], [-78.285422, 38.301765], [-78.28561, 38.301871], [-78.28568, 38.301913], [-78.285755, 38.30196], [-78.28583, 38.302014], [-78.285901, 38.30207], [-78.285978, 38.302138], [-78.286045, 38.302203], [-78.286107, 38.302271], [-78.286123, 38.302295], [-78.286152, 38.302314], [-78.286191, 38.302363], [-78.286217, 38.302422], [-78.28622, 38.302439], [-78.286255, 38.302501], [-78.286292, 38.302582], [-78.286348, 38.302733], [-78.286394, 38.302876], [-78.286433, 38.303015], [-78.286449, 38.303086], [-78.286458, 38.303149], [-78.28646, 38.303202], [-78.286432, 38.303371], [-78.286416, 38.303413], [-78.286352, 38.303582], [-78.286335, 38.303633], [-78.286325, 38.303671], [-78.286316, 38.30371], [-78.286307, 38.303739], [-78.28625, 38.303871], [-78.286213, 38.303969], [-78.286195, 38.30402], [-78.286119, 38.304267], [-78.286018, 38.304682], [-78.285988, 38.304821], [-78.285965, 38.30493], [-78.285956, 38.304985], [-78.285912, 38.305304], [-78.285908, 38.30534], [-78.285905, 38.305369], [-78.285885, 38.305618], [-78.285874, 38.305683], [-78.285841, 38.305759], [-78.285788, 38.305819], [-78.285709, 38.305863], [-78.285619, 38.305886], [-78.28554, 38.305895], [-78.285384, 38.305897], [-78.285162, 38.305909], [-78.285082, 38.305911], [-78.285005, 38.305911], [-78.284926, 38.305906], [-78.284847, 38.305896], [-78.284768, 38.30588], [-78.284689, 38.305857], [-78.284624, 38.305836], [-78.284566, 38.305822], [-78.284488, 38.305807], [-78.284413, 38.305782], [-78.284343, 38.30573], [-78.284339, 38.305722], [-78.284347, 38.305698], [-78.284361, 38.305644], [-78.284386, 38.305484], [-78.284397, 38.305429], [-78.284406, 38.305366], [-78.28441, 38.305315], [-78.284424, 38.305203], [-78.284433, 38.305093], [-78.284442, 38.305031], [-78.284445, 38.304963], [-78.284451, 38.304906], [-78.284462, 38.304844], [-78.284487, 38.304718], [-78.284497, 38.304651], [-78.284514, 38.304451], [-78.284524, 38.304385], [-78.284556, 38.304266], [-78.284571, 38.304197], [-78.284593, 38.304064], [-78.284632, 38.30376], [-78.284633, 38.303752], [-78.284686, 38.303705], [-78.284753, 38.30367], [-78.284835, 38.303647], [-78.28493, 38.303636], [-78.285076, 38.303637], [-78.285127, 38.303629], [-78.285163, 38.303614], [-78.285207, 38.303587], [-78.285232, 38.303563], [-78.285261, 38.303527], [-78.285278, 38.303493], [-78.285285, 38.303457], [-78.28528, 38.303409], [-78.285262, 38.303368], [-78.285241, 38.30334], [-78.285224, 38.303328], [-78.285129, 38.303279], [-78.285, 38.303257], [-78.284925, 38.303236], [-78.284847, 38.303198], [-78.284793, 38.303152], [-78.284754, 38.303085], [-78.284749, 38.30303], [-78.284759, 38.302976], [-78.284772, 38.302931], [-78.284779, 38.302896], [-78.284779, 38.302857], [-78.284775, 38.302805], [-78.284774, 38.302737], [-78.284778, 38.302677], [-78.284779, 38.302425], [-78.284785, 38.302279], [-78.284794, 38.302206], [-78.284813, 38.302084], [-78.284851, 38.301796], [-78.284873, 38.301682], [-78.284882, 38.301638], [-78.284885, 38.301619], [-78.284892, 38.301572], [-78.284922, 38.301454], [-78.284958, 38.301328], [-78.284975, 38.301262], [-78.284999, 38.301399], [-78.285023, 38.301446], [-78.285062, 38.301506], [-78.285161, 38.30159], [-78.285318, 38.3017]]]}}, {"type": "Feature", "properties": {"field_id": "E2", "acreage": 13.86, "farm": "Estes", "client": "Cedar Springs"}, "geometry": {"type": "Polygon", "coordinates": [[[-78.287776, 38.300366], [-78.287656, 38.300498], [-78.287636, 38.30053], [-78.287483, 38.30078], [-78.287352, 38.301129], [-78.287191, 38.301503], [-78.287106, 38.301658], [-78.287027, 38.301803], [-78.286848, 38.302043], [-78.286715, 38.302181], [-78.286608, 38.302244], [-78.286522, 38.30227], [-78.286473, 38.302271], [-78.286317, 38.302249], [-78.286229, 38.302225], [-78.286147, 38.302205], [-78.286085, 38.302164], [-78.285949, 38.302027], [-78.285717, 38.301855], [-78.285396, 38.301665], [-78.285774, 38.301517], [-78.285968, 38.301393], [-78.286116, 38.301268], [-78.286178, 38.30122], [-78.286217, 38.301114], [-78.286234, 38.301073], [-78.286275, 38.300745], [-78.28629, 38.300703], [-78.286318, 38.300649], [-78.286371, 38.300567], [-78.286419, 38.300445], [-78.286433, 38.300396], [-78.286447, 38.300339], [-78.286459, 38.300276], [-78.286502, 38.300102], [-78.286513, 38.300048], [-78.286519, 38.3], [-78.28653, 38.299939], [-78.286542, 38.299891], [-78.286558, 38.299839], [-78.286594, 38.299788], [-78.286601, 38.299731], [-78.286629, 38.299694], [-78.2867, 38.299671], [-78.286776, 38.299679], [-78.286893, 38.299706], [-78.286969, 38.299725], [-78.287015, 38.299738], [-78.287018, 38.299739], [-78.287117, 38.299768], [-78.287172, 38.299825], [-78.287188, 38.299841], [-78.287208, 38.299856], [-78.287337, 38.299952], [-78.287375, 38.299984], [-78.287715, 38.300321], [-78.287768, 38.300361], [-78.287776, 38.300366]], [[-78.288325, 38.300658], [-78.288394, 38.300694], [-78.288433, 38.300714], [-78.288514, 38.300755], [-78.288597, 38.300795], [-78.288615, 38.300802], [-78.288633, 38.300813], [-78.288811, 38.300896], [-78.288926, 38.300957], [-78.288981, 38.300994], [-78.289031, 38.301038], [-78.289068, 38.301086], [-78.289095, 38.30114], [-78.289106, 38.301194], [-78.289097, 38.301257], [-78.289068, 38.301315], [-78.289021, 38.301366], [-78.288872, 38.301482], [-78.288827, 38.30152], [-78.288639, 38.301685], [-78.288591, 38.301725], [-78.288533, 38.301767], [-78.288362, 38.301864], [-78.288098, 38.302011], [-78.288064, 38.302033], [-78.288038, 38.302052], [-78.288026, 38.302059], [-78.28782, 38.30222], [-78.287718, 38.302295], [-78.28767, 38.302333], [-78.287563, 38.302409], [-78.287505, 38.30245], [-78.287477, 38.302467], [-78.287441, 38.30249], [-78.287394, 38.302519], [-78.286919, 38.302794], [-78.286815, 38.30284], [-78.286751, 38.302862], [-78.286555, 38.302902], [-78.286455, 38.302844], [-78.286408, 38.302768], [-78.286363, 38.302676], [-78.286162, 38.302273], [-78.286304, 38.302303], [-78.286374, 38.302317], [-78.286469, 38.302322], [-78.286534, 38.302317], [-78.286627, 38.302285], [-78.286684, 38.302251], [-78.286797, 38.302169], [-78.28687, 38.302094], [-78.286948, 38.301993], [-78.28716, 38.301668], [-78.28728, 38.301394], [-78.287437, 38.301014], [-78.287541, 38.300793], [-78.287595, 38.300702], [-78.287595, 38.3007], [-78.287663, 38.300584], [-78.287814, 38.30039], [-78.287862, 38.30042], [-78.287913, 38.300449], [-78.288325, 38.300658]]]}}, {"type": "Feature", "properties": {"field_id": "E3", "acreage": 29.32, "farm": "Estes", "client": "Cedar Springs"}, "geometry": {"type": "Polygon", "coordinates": [[[-78.287337, 38.299952], [-78.287208, 38.299856], [-78.287172, 38.299825], [-78.287117, 38.299768], [-78.287098, 38.299713], [-78.2871, 38.299698], [-78.287124, 38.299646], [-78.287105, 38.299613], [-78.287084, 38.299587], [-78.287056, 38.299563], [-78.28698, 38.299504], [-78.286921, 38.299422], [-78.286888, 38.299351], [-78.286877, 38.299294], [-78.286883, 38.299218], [-78.286907, 38.299157], [-78.286941, 38.2991], [-78.286985, 38.299048], [-78.287023, 38.299009], [-78.287084, 38.298932], [-78.287117, 38.298895], [-78.287161, 38.298862], [-78.287237, 38.298813], [-78.287279, 38.298783], [-78.287401, 38.298681], [-78.287445, 38.298641], [-78.287481, 38.298603], [-78.287506, 38.298569], [-78.287522, 38.298529], [-78.287523, 38.298486], [-78.287512, 38.298431], [-78.287495, 38.298374], [-78.287472, 38.298312], [-78.287423, 38.29819], [-78.287394, 38.298138], [-78.287359, 38.298086], [-78.287179, 38.297859], [-78.287104, 38.297754], [-78.287068, 38.297713], [-78.287026, 38.297671], [-78.286973, 38.297625], [-78.286926, 38.297581], [-78.286871, 38.297513], [-78.286842, 38.297449], [-78.28683, 38.297385], [-78.286829, 38.297327], [-78.286842, 38.29726], [-78.286874, 38.297199], [-78.28693, 38.297141], [-78.286995, 38.297099], [-78.287074, 38.297067], [-78.287159, 38.297046], [-78.287245, 38.297039], [-78.287309, 38.297036], [-78.287332, 38.297031], [-78.28735, 38.297018], [-78.287393, 38.296979], [-78.287522, 38.296879], [-78.287649, 38.296786], [-78.287692, 38.296752], [-78.287716, 38.296725], [-78.287719, 38.296716], [-78.28772, 38.296709], [-78.287718, 38.296693], [-78.287702, 38.296664], [-78.287674, 38.296631], [-78.287637, 38.296599], [-78.287562, 38.296539], [-78.287519, 38.296512], [-78.28747, 38.296486], [-78.28741, 38.296453], [-78.287342, 38.296403], [-78.287292, 38.29634], [-78.287274, 38.296264], [-78.287298, 38.29619], [-78.28735, 38.296131], [-78.287414, 38.296092], [-78.287476, 38.296062], [-78.287653, 38.295987], [-78.287725, 38.295961], [-78.28781, 38.295942], [-78.287899, 38.295934], [-78.287989, 38.295936], [-78.28808, 38.295951], [-78.288163, 38.295975], [-78.288238, 38.296003], [-78.288374, 38.29606], [-78.288436, 38.296084], [-78.288489, 38.2961], [-78.288554, 38.296109], [-78.288621, 38.296113], [-78.288721, 38.296116], [-78.288832, 38.296113], [-78.288913, 38.296117], [-78.289001, 38.296126], [-78.289175, 38.29615], [-78.289509, 38.29621], [-78.289584, 38.296219], [-78.28974, 38.296233], [-78.289903, 38.296236], [-78.289986, 38.296235], [-78.290052, 38.29623], [-78.290195, 38.296214], [-78.290265, 38.29621], [-78.290407, 38.296178], [-78.290479, 38.296185], [-78.290509, 38.29619], [-78.290545, 38.296218], [-78.29055, 38.296263], [-78.290553, 38.296325], [-78.2905, 38.29647], [-78.290479, 38.296531], [-78.290454, 38.296596], [-78.290426, 38.296661], [-78.290374, 38.296792], [-78.290328, 38.296929], [-78.290307, 38.296999], [-78.290249, 38.297225], [-78.290227, 38.297299], [-78.290182, 38.29743], [-78.290167, 38.297483], [-78.290161, 38.297537], [-78.290159, 38.297584], [-78.290161, 38.297647], [-78.290158, 38.297709], [-78.29014, 38.297775], [-78.290096, 38.297839], [-78.290031, 38.297887], [-78.289958, 38.297917], [-78.289818, 38.297958], [-78.28966, 38.297995], [-78.289591, 38.298011], [-78.289507, 38.298027], [-78.289427, 38.298041], [-78.289222, 38.298063], [-78.289205, 38.298066], [-78.289191, 38.298077], [-78.289179, 38.298153], [-78.289168, 38.298269], [-78.289154, 38.298331], [-78.289109, 38.298699], [-78.289067, 38.299033], [-78.289051, 38.299192], [-78.28905, 38.299242], [-78.289059, 38.299283], [-78.289078, 38.299316], [-78.289112, 38.29936], [-78.28915, 38.299402], [-78.289195, 38.299441], [-78.289478, 38.299567], [-78.289685, 38.299663], [-78.289755, 38.299654], [-78.289908, 38.299631], [-78.290193, 38.299593], [-78.290319, 38.299574], [-78.290393, 38.299565], [-78.290479, 38.299566], [-78.290631, 38.299582], [-78.290729, 38.29962], [-78.290718, 38.299706], [-78.290611, 38.299835], [-78.290531, 38.299932], [-78.290502, 38.299965], [-78.290316, 38.300191], [-78.290266, 38.300247], [-78.290166, 38.30035], [-78.290019, 38.30051], [-78.289938, 38.300606], [-78.289861, 38.300708], [-78.289813, 38.300766], [-78.289766, 38.300819], [-78.289711, 38.30087], [-78.289653, 38.300913], [-78.289593, 38.300947], [-78.289523, 38.300981], [-78.289448, 38.301007], [-78.289361, 38.301023], [-78.289272, 38.301026], [-78.289187, 38.301019], [-78.289099, 38.301001], [-78.289024, 38.300976], [-78.288956, 38.300951], [-78.28882, 38.300893], [-78.288769, 38.300871], [-78.288676, 38.30083], [-78.288615, 38.300802], [-78.288597, 38.300795], [-78.288514, 38.300755], [-78.288433, 38.300714], [-78.287919, 38.300453], [-78.287862, 38.30042], [-78.287768, 38.300361], [-78.287715, 38.300321], [-78.287375, 38.299984], [-78.287337, 38.299952]]]}}, {"type": "Feature", "properties": {"field_id": "E4", "acreage": 18.22, "farm": "Estes", "client": "Cedar Springs"}, "geometry": {"type": "Polygon", "coordinates": [[[-78.286177, 38.300488], [-78.286168, 38.300771], [-78.286121, 38.300993], [-78.286075, 38.301137], [-78.286052, 38.301233], [-78.285981, 38.301325], [-78.285863, 38.301402], [-78.28576, 38.301465], [-78.285679, 38.3015], [-78.285631, 38.301537], [-78.285632, 38.301572], [-78.285396, 38.301665], [-78.285283, 38.301595], [-78.285167, 38.301513], [-78.285084, 38.301436], [-78.285084, 38.301436], [-78.285065, 38.301402], [-78.285037, 38.30132], [-78.285048, 38.30109], [-78.285049, 38.300982], [-78.284709, 38.300477], [-78.284496, 38.30016], [-78.28432, 38.299899], [-78.284169, 38.299759], [-78.283999, 38.299695], [-78.283716, 38.29961], [-78.283701, 38.2996], [-78.283632, 38.299522], [-78.283596, 38.299463], [-78.283582, 38.2994], [-78.283587, 38.299343], [-78.283596, 38.299294], [-78.283609, 38.299241], [-78.28363, 38.299188], [-78.283669, 38.29913], [-78.283739, 38.299076], [-78.283814, 38.299049], [-78.283887, 38.299035], [-78.284009, 38.299017], [-78.284057, 38.299005], [-78.284103, 38.298984], [-78.284198, 38.298921], [-78.284254, 38.298888], [-78.284316, 38.298858], [-78.284374, 38.298834], [-78.284435, 38.298812], [-78.284543, 38.298775], [-78.284585, 38.298756], [-78.284686, 38.298704], [-78.284772, 38.298656], [-78.284799, 38.298634], [-78.28482, 38.298611], [-78.284834, 38.298587], [-78.284845, 38.298556], [-78.284852, 38.29853], [-78.284856, 38.298506], [-78.284855, 38.298456], [-78.284849, 38.298384], [-78.284821, 38.298215], [-78.284812, 38.29819], [-78.284796, 38.298159], [-78.284774, 38.29815], [-78.284765, 38.29815], [-78.284735, 38.298159], [-78.284704, 38.298176], [-78.284562, 38.298301], [-78.284511, 38.298342], [-78.284465, 38.298378], [-78.284393, 38.298419], [-78.284284, 38.298433], [-78.284185, 38.298385], [-78.284154, 38.298298], [-78.284177, 38.298235], [-78.284227, 38.298182], [-78.284308, 38.298141], [-78.284425, 38.298096], [-78.284473, 38.298071], [-78.284518, 38.298041], [-78.284712, 38.29787], [-78.284759, 38.29782], [-78.284799, 38.297771], [-78.284842, 38.29771], [-78.284936, 38.297591], [-78.28509, 38.297419], [-78.285133, 38.297367], [-78.285216, 38.297248], [-78.285325, 38.297075], [-78.285355, 38.297022], [-78.285396, 38.296963], [-78.285443, 38.296914], [-78.285499, 38.296871], [-78.285588, 38.296841], [-78.285701, 38.296853], [-78.28577, 38.296894], [-78.285814, 38.29694], [-78.28585, 38.296988], [-78.285882, 38.297046], [-78.285903, 38.297109], [-78.285916, 38.297167], [-78.285933, 38.29728], [-78.285943, 38.297327], [-78.285962, 38.297378], [-78.285983, 38.297418], [-78.286095, 38.297571], [-78.286132, 38.297625], [-78.286238, 38.297772], [-78.286267, 38.297827], [-78.286321, 38.297937], [-78.286368, 38.298027], [-78.286395, 38.298065], [-78.286428, 38.298104], [-78.286476, 38.298175], [-78.286508, 38.298237], [-78.286524, 38.298304], [-78.286528, 38.298361], [-78.286523, 38.298419], [-78.286516, 38.298473], [-78.286482, 38.298672], [-78.286477, 38.298717], [-78.286476, 38.298761], [-78.286479, 38.298801], [-78.286493, 38.298898], [-78.2865, 38.298957], [-78.286508, 38.299048], [-78.286529, 38.299181], [-78.286531, 38.299232], [-78.286526, 38.299284], [-78.286515, 38.299335], [-78.286486, 38.299427], [-78.286462, 38.29948], [-78.286427, 38.299531], [-78.286384, 38.299577], [-78.286248, 38.299693], [-78.286112, 38.299819], [-78.286086, 38.299849], [-78.286065, 38.299876], [-78.28607, 38.299896], [-78.286072, 38.299897], [-78.286087, 38.299902], [-78.286117, 38.299907], [-78.286195, 38.299937], [-78.286246, 38.299977], [-78.286288, 38.30003], [-78.286311, 38.300089], [-78.286309, 38.300155], [-78.286283, 38.30022], [-78.286255, 38.300257], [-78.286199, 38.300339], [-78.286175, 38.300379], [-78.286166, 38.300407], [-78.286166, 38.300444], [-78.286177, 38.300488]]]}}, {"type": "Feature", "properties": {"field_id": "E5", "acreage": 28.05, "farm": "Estes", "client": "Cedar Springs"}, "geometry": {"type": "Polygon", "coordinates": [[[-78.281587, 38.297094], [-78.281582, 38.296068], [-78.281566, 38.295375], [-78.281481, 38.295127], [-78.281415, 38.294789], [-78.28131, 38.294456], [-78.281213, 38.294331], [-78.28148, 38.294213], [-78.28248, 38.293863], [-78.282655, 38.293824], [-78.282673, 38.293859], [-78.282729, 38.293866], [-78.282807, 38.29388], [-78.282871, 38.293895], [-78.283172, 38.29395], [-78.283244, 38.293961], [-78.283321, 38.29397], [-78.283569, 38.294017], [-78.283646, 38.294039], [-78.283721, 38.294064], [-78.283789, 38.294091], [-78.283914, 38.29415], [-78.283988, 38.294187], [-78.284052, 38.29423], [-78.284111, 38.294285], [-78.28434, 38.294482], [-78.284402, 38.294551], [-78.284473, 38.294621], [-78.284511, 38.294666], [-78.284549, 38.294794], [-78.284531, 38.294891], [-78.284552, 38.294973], [-78.284549, 38.295087], [-78.284551, 38.295292], [-78.2846, 38.295425], [-78.285174, 38.296084], [-78.285179, 38.296127], [-78.285045, 38.296241], [-78.284832, 38.2963], [-78.284592, 38.29634], [-78.284406, 38.296327], [-78.284246, 38.296296], [-78.284136, 38.296278], [-78.284098, 38.296273], [-78.284041, 38.296284], [-78.284031, 38.296308], [-78.284044, 38.29634], [-78.284075, 38.296363], [-78.284129, 38.296388], [-78.284266, 38.296399], [-78.28455, 38.2964], [-78.284796, 38.29637], [-78.285077, 38.296297], [-78.285114, 38.296296], [-78.285192, 38.296306], [-78.285203, 38.296312], [-78.285218, 38.296318], [-78.285305, 38.296359], [-78.285355, 38.296395], [-78.285391, 38.296438], [-78.285416, 38.29649], [-78.285428, 38.296549], [-78.285423, 38.296611], [-78.285402, 38.296668], [-78.285371, 38.296724], [-78.285262, 38.296887], [-78.285106, 38.297132], [-78.284974, 38.297329], [-78.284926, 38.297395], [-78.284874, 38.29746], [-78.284819, 38.297521], [-78.284756, 38.297581], [-78.284696, 38.297634], [-78.284635, 38.297685], [-78.284522, 38.297775], [-78.28443, 38.297851], [-78.284376, 38.297894], [-78.284344, 38.297917], [-78.284318, 38.297935], [-78.284194, 38.298023], [-78.284095, 38.298043], [-78.284002, 38.298048], [-78.283904, 38.298023], [-78.283839, 38.298007], [-78.28359, 38.297665], [-78.283405, 38.297411], [-78.283308, 38.297408], [-78.283262, 38.297407], [-78.281747, 38.29736], [-78.281592, 38.297356], [-78.281587, 38.297094]]]}}, {"type": "Feature", "properties": {"field_id": "E8", "acreage": 26.43, "farm": "Estes", "client": "Cedar Springs"}, "geometry": {"type": "Polygon", "coordinates": [[[-78.273367, 38.299805], [-78.273409, 38.299792], [-78.273923, 38.299632], [-78.274336, 38.299494], [-78.274683, 38.299378], [-78.274854, 38.299323], [-78.275105, 38.299273], [-78.275375, 38.299213], [-78.275525, 38.299166], [-78.275667, 38.299148], [-78.275848, 38.299137], [-78.276191, 38.299107], [-78.276506, 38.299044], [-78.276731, 38.299005], [-78.276952, 38.298966], [-78.277128, 38.298932], [-78.27733, 38.298882], [-78.277514, 38.298843], [-78.277708, 38.298784], [-78.277942, 38.298694], [-78.278106, 38.298639], [-78.278336, 38.298549], [-78.278562, 38.298456], [-78.278767, 38.298373], [-78.278967, 38.29829], [-78.279093, 38.298236], [-78.279227, 38.298185], [-78.279305, 38.298159], [-78.279389, 38.298171], [-78.279489, 38.298201], [-78.279554, 38.298238], [-78.279637, 38.298298], [-78.279677, 38.298348], [-78.279733, 38.298433], [-78.279759, 38.298506], [-78.279801, 38.298592], [-78.279814, 38.298639], [-78.279791, 38.298714], [-78.279723, 38.298799], [-78.279666, 38.298878], [-78.279613, 38.29894], [-78.279507, 38.299038], [-78.279386, 38.299125], [-78.279277, 38.299202], [-78.279117, 38.299272], [-78.278943, 38.299363], [-78.278803, 38.299433], [-78.278614, 38.299522], [-78.278423, 38.299637], [-78.278231, 38.299741], [-78.278009, 38.299857], [-78.277811, 38.299961], [-78.277562, 38.300087], [-78.277296, 38.300226], [-78.277066, 38.300322], [-78.276892, 38.300407], [-78.276722, 38.300498], [-78.27667, 38.300529], [-78.276511, 38.300537], [-78.276282, 38.300481], [-78.276056, 38.300436], [-78.275825, 38.300425], [-78.27556, 38.300421], [-78.27535, 38.300456], [-78.275207, 38.300463], [-78.275058, 38.300509], [-78.274951, 38.300575], [-78.274789, 38.300715], [-78.274621, 38.300923], [-78.274521, 38.301019], [-78.274438, 38.301097], [-78.274348, 38.301196], [-78.274228, 38.301267], [-78.274096, 38.301353], [-78.27403, 38.301408], [-78.273983, 38.301453], [-78.274002, 38.301488], [-78.274056, 38.301476], [-78.274167, 38.301415], [-78.274296, 38.301358], [-78.274401, 38.30128], [-78.274514, 38.301173], [-78.274739, 38.30102], [-78.27497, 38.300806], [-78.275074, 38.3007], [-78.275179, 38.300625], [-78.275272, 38.300569], [-78.275361, 38.300531], [-78.275564, 38.300497], [-78.275817, 38.300479], [-78.276054, 38.30049], [-78.276273, 38.300523], [-78.276347, 38.300546], [-78.276415, 38.300606], [-78.276468, 38.300646], [-78.276375, 38.300699], [-78.276344, 38.300717], [-78.276069, 38.300872], [-78.275613, 38.30113], [-78.275487, 38.301194], [-78.275303, 38.301298], [-78.274952, 38.301495], [-78.274622, 38.301668], [-78.274513, 38.301725], [-78.274186, 38.301901], [-78.273746, 38.302129], [-78.273758, 38.302139], [-78.2738, 38.302172], [-78.273436, 38.30234], [-78.273308, 38.302377], [-78.273208, 38.302368], [-78.273101, 38.30236], [-78.272993, 38.302335], [-78.272947, 38.302287], [-78.272958, 38.302156], [-78.273, 38.301819], [-78.27301, 38.301645], [-78.273022, 38.301161], [-78.273052, 38.300864], [-78.273109, 38.300435], [-78.27313, 38.300103], [-78.273141, 38.300056], [-78.273156, 38.300009], [-78.273198, 38.299848], [-78.273261, 38.299836], [-78.273367, 38.299805]]]}}, {"type": "Feature", "properties": {"field_id": "G1", "acreage": 30.46, "farm": "Gentry", "client": "Cedar Springs"}, "geometry": {"type": "Polygon", "coordinates": [[[-78.327847, 38.279875], [-78.32793, 38.279974], [-78.327993, 38.280049], [-78.328138, 38.280222], [-78.329038, 38.281297], [-78.32906, 38.281338], [-78.329113, 38.281416], [-78.32928, 38.281708], [-78.329509, 38.282107], [-78.329542, 38.282165], [-78.329641, 38.282339], [-78.329865, 38.282703], [-78.329867, 38.282774], [-78.329869, 38.282857], [-78.329881, 38.282926], [-78.329913, 38.283028], [-78.329953, 38.283117], [-78.330102, 38.283254], [-78.330191, 38.283289], [-78.330267, 38.283354], [-78.330349, 38.283432], [-78.330376, 38.283477], [-78.330401, 38.283519], [-78.330459, 38.283601], [-78.33052, 38.283678], [-78.330536, 38.283705], [-78.330576, 38.283772], [-78.330575, 38.2838], [-78.33058, 38.283863], [-78.330544, 38.283912], [-78.330495, 38.283955], [-78.330433, 38.284016], [-78.330327, 38.284137], [-78.330271, 38.284204], [-78.330244, 38.284221], [-78.330201, 38.284254], [-78.330166, 38.284294], [-78.33011, 38.284355], [-78.330058, 38.284403], [-78.329954, 38.284505], [-78.329847, 38.284605], [-78.329786, 38.284658], [-78.32971, 38.284705], [-78.329617, 38.284735], [-78.329525, 38.284745], [-78.329437, 38.284739], [-78.329364, 38.284726], [-78.329341, 38.284735], [-78.329283, 38.284747], [-78.329269, 38.284752], [-78.329249, 38.284771], [-78.329209, 38.284823], [-78.329166, 38.284876], [-78.32907, 38.284984], [-78.328983, 38.285086], [-78.328817, 38.28529], [-78.328751, 38.285386], [-78.328699, 38.285445], [-78.328613, 38.285491], [-78.328511, 38.285506], [-78.328414, 38.285491], [-78.328326, 38.285448], [-78.328264, 38.285395], [-78.328131, 38.285256], [-78.328086, 38.285215], [-78.32784, 38.284926], [-78.327646, 38.284718], [-78.327486, 38.284558], [-78.327387, 38.284439], [-78.327263, 38.284278], [-78.327167, 38.284174], [-78.32709, 38.284091], [-78.326914, 38.283947], [-78.326611, 38.283686], [-78.326591, 38.283666], [-78.326586, 38.283635], [-78.326588, 38.283579], [-78.3266, 38.28355], [-78.326657, 38.283472], [-78.326685, 38.283417], [-78.326701, 38.283363], [-78.326702, 38.283306], [-78.326704, 38.28323], [-78.326718, 38.282979], [-78.326744, 38.282684], [-78.326777, 38.28248], [-78.326796, 38.282412], [-78.326811, 38.282382], [-78.326855, 38.282425], [-78.326886, 38.282457], [-78.326904, 38.282505], [-78.326919, 38.28255], [-78.326922, 38.28261], [-78.32692, 38.282655], [-78.326933, 38.282736], [-78.326944, 38.282856], [-78.326983, 38.282972], [-78.327009, 38.283056], [-78.327033, 38.283103], [-78.327057, 38.283101], [-78.327088, 38.283087], [-78.327092, 38.283073], [-78.327095, 38.283017], [-78.327044, 38.282738], [-78.327047, 38.282688], [-78.327043, 38.282559], [-78.327019, 38.28245], [-78.326918, 38.282261], [-78.326894, 38.282228], [-78.326879, 38.282198], [-78.326872, 38.282157], [-78.326872, 38.282117], [-78.326944, 38.281656], [-78.326951, 38.281606], [-78.326976, 38.281502], [-78.326987, 38.281457], [-78.327036, 38.281235], [-78.327037, 38.281233], [-78.327115, 38.280946], [-78.327132, 38.280873], [-78.327157, 38.280768], [-78.327185, 38.280647], [-78.327191, 38.28062], [-78.327203, 38.280562], [-78.327219, 38.280488], [-78.327241, 38.280372], [-78.327249, 38.280332], [-78.327263, 38.280265], [-78.327281, 38.280179], [-78.327291, 38.280125], [-78.32731, 38.280028], [-78.327335, 38.279891], [-78.327339, 38.279859], [-78.327384, 38.279628], [-78.327393, 38.279602], [-78.327427, 38.279579], [-78.32746, 38.279564], [-78.327523, 38.279565], [-78.327578, 38.279596], [-78.327687, 38.279684], [-78.327731, 38.279737], [-78.327847, 38.279875]]]}}, {"type": "Feature", "properties": {"field_id": "G2", "acreage": 57.44, "farm": "Gentry", "client": "Cedar Springs"}, "geometry": {"type": "Polygon", "coordinates": [[[-78.329641, 38.282339], [-78.329509, 38.282107], [-78.329113, 38.281416], [-78.32906, 38.281338], [-78.329038, 38.281297], [-78.328937, 38.281177], [-78.329114, 38.28113], [-78.329132, 38.281123], [-78.329144, 38.281116], [-78.329196, 38.28108], [-78.329221, 38.281054], [-78.329241, 38.281025], [-78.329252, 38.280998], [-78.329253, 38.28096], [-78.329245, 38.280835], [-78.329248, 38.280791], [-78.329257, 38.280777], [-78.329258, 38.280774], [-78.329272, 38.280734], [-78.329304, 38.280625], [-78.32932, 38.280602], [-78.329345, 38.280521], [-78.329347, 38.280492], [-78.329351, 38.280476], [-78.32942, 38.280268], [-78.329429, 38.28024], [-78.329475, 38.280114], [-78.329526, 38.279987], [-78.329571, 38.279866], [-78.329588, 38.27982], [-78.32964, 38.279688], [-78.329659, 38.279629], [-78.32968, 38.279563], [-78.329711, 38.279437], [-78.329734, 38.279319], [-78.329747, 38.279264], [-78.329749, 38.279257], [-78.329755, 38.279226], [-78.329761, 38.279196], [-78.329772, 38.27912], [-78.329772, 38.279119], [-78.329971, 38.279125], [-78.330055, 38.279118], [-78.330199, 38.279118], [-78.330267, 38.279116], [-78.330324, 38.279111], [-78.330388, 38.279087], [-78.3304, 38.279079], [-78.330417, 38.279059], [-78.330437, 38.27902], [-78.330459, 38.278964], [-78.330495, 38.278899], [-78.330544, 38.278837], [-78.330597, 38.278784], [-78.330656, 38.278737], [-78.330762, 38.27866], [-78.330798, 38.278629], [-78.330827, 38.278594], [-78.330846, 38.278562], [-78.330856, 38.278534], [-78.330854, 38.278517], [-78.330851, 38.278507], [-78.330839, 38.278484], [-78.330807, 38.278444], [-78.330762, 38.278398], [-78.330711, 38.278338], [-78.330668, 38.27827], [-78.330638, 38.278195], [-78.330631, 38.278114], [-78.330641, 38.278041], [-78.330654, 38.277978], [-78.330675, 38.277854], [-78.330681, 38.277796], [-78.330677, 38.277738], [-78.330668, 38.277669], [-78.330642, 38.277523], [-78.330625, 38.277455], [-78.330604, 38.277383], [-78.330579, 38.277315], [-78.330548, 38.277246], [-78.330474, 38.277104], [-78.330442, 38.277031], [-78.330424, 38.276943], [-78.330429, 38.27686], [-78.330456, 38.276784], [-78.330503, 38.276714], [-78.330557, 38.276657], [-78.330616, 38.276609], [-78.330735, 38.276518], [-78.330803, 38.27647], [-78.330875, 38.276422], [-78.330965, 38.276375], [-78.331063, 38.276343], [-78.331156, 38.276327], [-78.331252, 38.276321], [-78.331398, 38.276326], [-78.331451, 38.276322], [-78.331504, 38.276311], [-78.331552, 38.276299], [-78.331596, 38.276284], [-78.331642, 38.27626], [-78.331682, 38.276232], [-78.331727, 38.276191], [-78.331767, 38.276146], [-78.331805, 38.276094], [-78.33188, 38.275974], [-78.331929, 38.275901], [-78.331936, 38.275879], [-78.331974, 38.275824], [-78.33201, 38.275788], [-78.33207, 38.275741], [-78.332106, 38.275731], [-78.332156, 38.275711], [-78.332251, 38.275703], [-78.332336, 38.275721], [-78.332406, 38.275754], [-78.332463, 38.275795], [-78.332559, 38.27587], [-78.332679, 38.275947], [-78.332789, 38.276029], [-78.332823, 38.276042], [-78.332863, 38.276077], [-78.33287, 38.276086], [-78.332997, 38.276177], [-78.333113, 38.276256], [-78.333175, 38.276303], [-78.333234, 38.276361], [-78.333279, 38.276419], [-78.333318, 38.276482], [-78.33335, 38.276549], [-78.333376, 38.276616], [-78.333421, 38.276746], [-78.333438, 38.276808], [-78.333471, 38.276852], [-78.333482, 38.27692], [-78.333482, 38.276958], [-78.333486, 38.276995], [-78.33349, 38.277016], [-78.333506, 38.277054], [-78.333536, 38.277096], [-78.33358, 38.277139], [-78.333692, 38.277236], [-78.333716, 38.277261], [-78.333722, 38.277263], [-78.333784, 38.277314], [-78.333812, 38.277375], [-78.333847, 38.277428], [-78.333884, 38.277498], [-78.333911, 38.277572], [-78.333926, 38.277649], [-78.33393, 38.277721], [-78.333929, 38.277792], [-78.333922, 38.277862], [-78.333913, 38.27793], [-78.3339, 38.278002], [-78.333879, 38.278073], [-78.333825, 38.278201], [-78.333809, 38.278247], [-78.333801, 38.27829], [-78.333804, 38.278323], [-78.333815, 38.278367], [-78.333822, 38.278373], [-78.333842, 38.278444], [-78.333855, 38.278461], [-78.333868, 38.278473], [-78.33389, 38.27854], [-78.333904, 38.278637], [-78.333909, 38.27869], [-78.333909, 38.27871], [-78.333921, 38.278767], [-78.333932, 38.278839], [-78.333946, 38.278976], [-78.333953, 38.279024], [-78.333957, 38.279044], [-78.333989, 38.279081], [-78.334002, 38.279129], [-78.333992, 38.27917], [-78.334001, 38.279206], [-78.334006, 38.279219], [-78.334014, 38.279233], [-78.334062, 38.279276], [-78.334093, 38.279333], [-78.334101, 38.279371], [-78.334104, 38.279421], [-78.334101, 38.279451], [-78.334103, 38.279484], [-78.334137, 38.279602], [-78.334152, 38.279663], [-78.334192, 38.279852], [-78.334204, 38.27992], [-78.33421, 38.279987], [-78.334209, 38.280044], [-78.334205, 38.280087], [-78.334189, 38.280133], [-78.334166, 38.28018], [-78.334125, 38.280235], [-78.333995, 38.280387], [-78.333944, 38.280442], [-78.333837, 38.280545], [-78.333686, 38.280679], [-78.333518, 38.280814], [-78.333466, 38.280858], [-78.3334, 38.28094], [-78.333348, 38.280998], [-78.333311, 38.281016], [-78.333297, 38.281027], [-78.33326, 38.281068], [-78.333209, 38.281119], [-78.333158, 38.281164], [-78.333057, 38.281235], [-78.333045, 38.281244], [-78.333022, 38.281267], [-78.332997, 38.281288], [-78.33292, 38.281346], [-78.332876, 38.281398], [-78.33285, 38.281431], [-78.332805, 38.281478], [-78.332789, 38.281489], [-78.33278, 38.281511], [-78.332778, 38.281536], [-78.332751, 38.281601], [-78.332737, 38.28163], [-78.332724, 38.281651], [-78.332695, 38.281687], [-78.332661, 38.281724], [-78.332556, 38.281821], [-78.332522, 38.281857], [-78.332492, 38.281891], [-78.332365, 38.282023], [-78.332111, 38.282297], [-78.332056, 38.282353], [-78.331952, 38.282455], [-78.331798, 38.282607], [-78.331585, 38.282808], [-78.331541, 38.282855], [-78.331481, 38.282961], [-78.331423, 38.283005], [-78.331411, 38.283013], [-78.331389, 38.28304], [-78.331337, 38.283097], [-78.331282, 38.283151], [-78.331181, 38.283255], [-78.331129, 38.283305], [-78.331104, 38.283326], [-78.330954, 38.283499], [-78.330812, 38.283643], [-78.330667, 38.283781], [-78.330641, 38.283798], [-78.330576, 38.283772], [-78.33052, 38.283678], [-78.330459, 38.283601], [-78.330401, 38.283519], [-78.330349, 38.283432], [-78.330267, 38.283354], [-78.330191, 38.283289], [-78.330102, 38.283254], [-78.329953, 38.283117], [-78.329913, 38.283028], [-78.329881, 38.282926], [-78.329869, 38.282857], [-78.329867, 38.282774], [-78.329865, 38.282703], [-78.329641, 38.282339]], [[-78.332512, 38.281633], [-78.332499, 38.28162], [-78.332413, 38.281643], [-78.332323, 38.281638], [-78.332206, 38.281609], [-78.332111, 38.281604], [-78.332031, 38.281637], [-78.33198, 38.281686], [-78.331971, 38.281751], [-78.331957, 38.28183], [-78.331938, 38.281895], [-78.331912, 38.281945], [-78.331874, 38.281977], [-78.331843, 38.281985], [-78.331757, 38.282034], [-78.331736, 38.282046], [-78.33169, 38.282072], [-78.33165, 38.2821], [-78.331581, 38.282126], [-78.331524, 38.282145], [-78.331451, 38.28218], [-78.331498, 38.282207], [-78.331564, 38.282216], [-78.331632, 38.28222], [-78.331692, 38.282238], [-78.33175, 38.282259], [-78.331803, 38.282255], [-78.331888, 38.282217], [-78.331971, 38.282138], [-78.332073, 38.282025], [-78.332131, 38.281926], [-78.332219, 38.281845], [-78.3323, 38.281763], [-78.332392, 38.281707], [-78.332482, 38.281664], [-78.332512, 38.281633]]]}}, {"type": "Feature", "properties": {"field_id": "G3", "acreage": 18.03, "farm": "Gentry", "client": "Cedar Springs"}, "geometry": {"type": "Polygon", "coordinates": [[[-78.327362, 38.279478], [-78.327355, 38.279657], [-78.327274, 38.280055], [-78.327163, 38.280628], [-78.327041, 38.281132], [-78.326952, 38.281424], [-78.326916, 38.281595], [-78.326842, 38.28201], [-78.326777, 38.282282], [-78.326746, 38.282417], [-78.32672, 38.282537], [-78.326678, 38.282956], [-78.326666, 38.283162], [-78.326663, 38.283312], [-78.326645, 38.283379], [-78.326615, 38.283449], [-78.326528, 38.283564], [-78.326487, 38.283575], [-78.326467, 38.283574], [-78.326429, 38.283544], [-78.326384, 38.2835], [-78.32632, 38.283431], [-78.326157, 38.28327], [-78.326039, 38.283136], [-78.325882, 38.282982], [-78.32544, 38.282572], [-78.325387, 38.282522], [-78.325332, 38.282465], [-78.325304, 38.282428], [-78.325176, 38.282282], [-78.325116, 38.282212], [-78.325099, 38.282169], [-78.325122, 38.282092], [-78.325221, 38.282008], [-78.325259, 38.281914], [-78.32526, 38.281788], [-78.325262, 38.281755], [-78.325268, 38.28165], [-78.325293, 38.281525], [-78.325373, 38.281349], [-78.325473, 38.281159], [-78.325557, 38.281082], [-78.32561, 38.281032], [-78.325662, 38.28099], [-78.325721, 38.280948], [-78.325732, 38.280936], [-78.325788, 38.280892], [-78.325808, 38.280884], [-78.325817, 38.280879], [-78.325923, 38.280808], [-78.326008, 38.280758], [-78.326061, 38.28073], [-78.32615, 38.280731], [-78.326196, 38.280744], [-78.326227, 38.280787], [-78.326234, 38.280831], [-78.326237, 38.280878], [-78.326225, 38.280954], [-78.326215, 38.280998], [-78.326192, 38.281071], [-78.326185, 38.28111], [-78.326182, 38.281149], [-78.326184, 38.281194], [-78.326191, 38.281244], [-78.326199, 38.281294], [-78.326213, 38.281344], [-78.326231, 38.28139], [-78.326253, 38.281437], [-78.326277, 38.281478], [-78.326298, 38.281528], [-78.3263, 38.281542], [-78.326319, 38.281583], [-78.326309, 38.281662], [-78.326304, 38.281667], [-78.326299, 38.281696], [-78.326279, 38.281758], [-78.326231, 38.28185], [-78.326225, 38.281883], [-78.326227, 38.281904], [-78.32623, 38.281914], [-78.326245, 38.281936], [-78.326261, 38.281946], [-78.326277, 38.281951], [-78.326406, 38.281971], [-78.326482, 38.281994], [-78.326555, 38.282026], [-78.326569, 38.282034], [-78.326599, 38.28204], [-78.326628, 38.282065], [-78.326634, 38.282072], [-78.326656, 38.282086], [-78.326666, 38.28209], [-78.3267, 38.282077], [-78.326705, 38.282052], [-78.326706, 38.282033], [-78.326705, 38.282023], [-78.326687, 38.281978], [-78.326614, 38.28181], [-78.326592, 38.28174], [-78.32658, 38.281674], [-78.32658, 38.281635], [-78.326579, 38.281603], [-78.326582, 38.281546], [-78.326575, 38.281503], [-78.32656, 38.281461], [-78.326534, 38.281424], [-78.326499, 38.281386], [-78.326454, 38.281347], [-78.326408, 38.28131], [-78.326352, 38.281251], [-78.326313, 38.281181], [-78.326299, 38.281104], [-78.326306, 38.281036], [-78.326336, 38.280923], [-78.326375, 38.2808], [-78.32638, 38.280781], [-78.326378, 38.280656], [-78.32639, 38.280594], [-78.326411, 38.280541], [-78.326448, 38.280468], [-78.326461, 38.280433], [-78.326468, 38.280407], [-78.326472, 38.280369], [-78.32647, 38.280301], [-78.32647, 38.280295], [-78.326467, 38.280197], [-78.326461, 38.280142], [-78.326446, 38.280087], [-78.3264, 38.279957], [-78.32638, 38.279891], [-78.326363, 38.279818], [-78.326357, 38.279743], [-78.326361, 38.279672], [-78.326374, 38.279599], [-78.326392, 38.279529], [-78.326461, 38.27933], [-78.3265, 38.279199], [-78.326515, 38.279131], [-78.326568, 38.278923], [-78.326589, 38.27885], [-78.326614, 38.278778], [-78.32666, 38.278662], [-78.326786, 38.278368], [-78.326842, 38.278246], [-78.326904, 38.278124], [-78.326938, 38.278064], [-78.326979, 38.278003], [-78.327027, 38.277946], [-78.32709, 38.277894], [-78.327155, 38.277862], [-78.327243, 38.277838], [-78.327362, 38.277832], [-78.327361, 38.277832], [-78.327463, 38.277818], [-78.327521, 38.277807], [-78.327625, 38.277766], [-78.327678, 38.277707], [-78.327719, 38.277643], [-78.32782, 38.277426], [-78.327854, 38.277374], [-78.327905, 38.277321], [-78.327947, 38.277284], [-78.328044, 38.277288], [-78.328096, 38.277308], [-78.328138, 38.277333], [-78.328162, 38.277377], [-78.32819, 38.277429], [-78.328242, 38.277482], [-78.328274, 38.277529], [-78.328304, 38.277586], [-78.328343, 38.277667], [-78.328407, 38.277721], [-78.328451, 38.277777], [-78.328465, 38.277881], [-78.328451, 38.278022], [-78.328431, 38.27823], [-78.328408, 38.278392], [-78.328396, 38.278455], [-78.328381, 38.278519], [-78.328349, 38.278643], [-78.328329, 38.278706], [-78.328312, 38.278799], [-78.328301, 38.278955], [-78.328299, 38.27902], [-78.328329, 38.279124], [-78.328381, 38.279216], [-78.328437, 38.279283], [-78.328483, 38.279335], [-78.328551, 38.279386], [-78.328637, 38.279462], [-78.328662, 38.279485], [-78.328696, 38.279518], [-78.328797, 38.279647], [-78.328817, 38.279713], [-78.328822, 38.279767], [-78.328794, 38.279898], [-78.328735, 38.279976], [-78.328609, 38.280131], [-78.328517, 38.280217], [-78.328409, 38.280299], [-78.328275, 38.280386], [-78.328176, 38.280268], [-78.328088, 38.280162], [-78.327847, 38.279875], [-78.327731, 38.279737], [-78.327718, 38.279721], [-78.327672, 38.279666], [-78.327597, 38.279578], [-78.327558, 38.279514], [-78.327535, 38.279441], [-78.327534, 38.279373], [-78.327546, 38.279308], [-78.327566, 38.279248], [-78.327589, 38.279189], [-78.327595, 38.279175], [-78.327619, 38.279117], [-78.327647, 38.279049], [-78.327684, 38.278962], [-78.327713, 38.278903], [-78.327778, 38.278793], [-78.32783, 38.278693], [-78.327875, 38.278586], [-78.327913, 38.278483], [-78.32793, 38.278431], [-78.327952, 38.278331], [-78.327971, 38.278222], [-78.327993, 38.278108], [-78.328007, 38.277997], [-78.328011, 38.277943], [-78.328009, 38.277899], [-78.327996, 38.277861], [-78.327975, 38.277829], [-78.327903, 38.277807], [-78.327867, 38.277805], [-78.327789, 38.277803], [-78.32771, 38.277826], [-78.327627, 38.277853], [-78.327578, 38.277891], [-78.327558, 38.277961], [-78.327544, 38.278022], [-78.327542, 38.278089], [-78.327551, 38.278178], [-78.327539, 38.278276], [-78.327514, 38.27836], [-78.327473, 38.278478], [-78.327425, 38.278588], [-78.327415, 38.278702], [-78.327421, 38.278873], [-78.327392, 38.279049], [-78.327373, 38.279188], [-78.327365, 38.279257], [-78.327361, 38.279326], [-78.32736, 38.279393], [-78.327362, 38.279478]]]}}, {"type": "Feature", "properties": {"field_id": "G4", "acreage": 54.0, "farm": "Gentry", "client": "Cedar Springs"}, "geometry": {"type": "Polygon", "coordinates": [[[-78.328937, 38.281177], [-78.328513, 38.28067], [-78.328275, 38.280386], [-78.328409, 38.280299], [-78.328517, 38.280217], [-78.328609, 38.280131], [-78.328735, 38.279976], [-78.328818, 38.279867], [-78.32884, 38.279784], [-78.32885, 38.279704], [-78.328848, 38.27965], [-78.32881, 38.279558], [-78.328801, 38.27953], [-78.32879, 38.279506], [-78.328774, 38.279476], [-78.328697, 38.279354], [-78.328689, 38.279348], [-78.328655, 38.279335], [-78.328611, 38.279286], [-78.328593, 38.279237], [-78.328589, 38.279199], [-78.328601, 38.279135], [-78.328626, 38.279068], [-78.328647, 38.278987], [-78.328656, 38.278942], [-78.328655, 38.278907], [-78.328649, 38.278864], [-78.328641, 38.278826], [-78.328621, 38.278785], [-78.328613, 38.278762], [-78.328603, 38.278735], [-78.328587, 38.278679], [-78.328578, 38.27862], [-78.328573, 38.278572], [-78.328569, 38.278522], [-78.328565, 38.278419], [-78.328564, 38.2783], [-78.328577, 38.278097], [-78.328578, 38.278045], [-78.328571, 38.277939], [-78.328562, 38.277893], [-78.328546, 38.277848], [-78.328522, 38.277796], [-78.328467, 38.277692], [-78.328406, 38.277589], [-78.328335, 38.277487], [-78.328298, 38.277428], [-78.328268, 38.277369], [-78.328243, 38.277305], [-78.32823, 38.277245], [-78.328221, 38.277182], [-78.32822, 38.277123], [-78.328219, 38.27707], [-78.328208, 38.276944], [-78.328222, 38.276851], [-78.328317, 38.276757], [-78.328388, 38.276655], [-78.328387, 38.276562], [-78.328382, 38.276465], [-78.328375, 38.276374], [-78.328367, 38.276272], [-78.328359, 38.276162], [-78.328347, 38.276079], [-78.328326, 38.276018], [-78.328255, 38.275937], [-78.328189, 38.275881], [-78.328115, 38.275786], [-78.32812, 38.275681], [-78.328136, 38.275585], [-78.328237, 38.275393], [-78.328284, 38.275293], [-78.328326, 38.275195], [-78.328415, 38.274962], [-78.328488, 38.274781], [-78.328515, 38.27472], [-78.328563, 38.274601], [-78.328617, 38.274478], [-78.328668, 38.274353], [-78.328807, 38.274001], [-78.328826, 38.273948], [-78.328859, 38.273852], [-78.32887, 38.273812], [-78.328886, 38.273764], [-78.328916, 38.27368], [-78.328964, 38.273545], [-78.329, 38.273428], [-78.329066, 38.273201], [-78.329087, 38.273114], [-78.329102, 38.273032], [-78.329109, 38.27294], [-78.329109, 38.272898], [-78.329106, 38.27285], [-78.329039, 38.272696], [-78.32892, 38.272401], [-78.328848, 38.272173], [-78.328803, 38.272033], [-78.328635, 38.271518], [-78.328622, 38.271447], [-78.328639, 38.271408], [-78.328704, 38.271383], [-78.328794, 38.271378], [-78.32892, 38.271377], [-78.329001, 38.271376], [-78.329143, 38.271385], [-78.329355, 38.271403], [-78.329414, 38.271405], [-78.32948, 38.271403], [-78.32955, 38.271398], [-78.329734, 38.271375], [-78.329746, 38.27137], [-78.329796, 38.271344], [-78.329825, 38.271341], [-78.329946, 38.271304], [-78.330001, 38.271305], [-78.330098, 38.271314], [-78.330198, 38.271328], [-78.330275, 38.271355], [-78.330405, 38.271418], [-78.330608, 38.271514], [-78.330624, 38.271525], [-78.33064, 38.271533], [-78.330692, 38.271549], [-78.330901, 38.271613], [-78.330921, 38.27162], [-78.330936, 38.271621], [-78.331009, 38.271644], [-78.331319, 38.271761], [-78.331389, 38.271786], [-78.331449, 38.271832], [-78.331465, 38.271875], [-78.331527, 38.271898], [-78.331574, 38.271916], [-78.331599, 38.271946], [-78.331595, 38.271996], [-78.331582, 38.272037], [-78.331538, 38.272084], [-78.331518, 38.272145], [-78.33149, 38.2722], [-78.33143, 38.272298], [-78.331416, 38.272339], [-78.331409, 38.272375], [-78.331411, 38.272415], [-78.331422, 38.272455], [-78.331441, 38.272503], [-78.331465, 38.272549], [-78.331497, 38.272603], [-78.331569, 38.272715], [-78.331606, 38.272776], [-78.331667, 38.272893], [-78.331696, 38.272954], [-78.331719, 38.273016], [-78.331737, 38.273074], [-78.331749, 38.273134], [-78.331757, 38.27319], [-78.331765, 38.273232], [-78.331779, 38.273256], [-78.331804, 38.273284], [-78.331841, 38.273312], [-78.33194, 38.273378], [-78.331998, 38.273431], [-78.332035, 38.273481], [-78.33206, 38.273534], [-78.332079, 38.273587], [-78.332095, 38.273642], [-78.332133, 38.273808], [-78.332153, 38.273922], [-78.332164, 38.274042], [-78.332181, 38.274388], [-78.332188, 38.274443], [-78.332232, 38.274616], [-78.332249, 38.274669], [-78.332307, 38.27482], [-78.332319, 38.274857], [-78.332344, 38.274921], [-78.332342, 38.275], [-78.332333, 38.275079], [-78.332316, 38.275171], [-78.332269, 38.275253], [-78.332208, 38.275361], [-78.332111, 38.275497], [-78.331998, 38.275633], [-78.331953, 38.275692], [-78.331907, 38.275753], [-78.331827, 38.275874], [-78.331766, 38.275967], [-78.331712, 38.276047], [-78.331649, 38.276106], [-78.331568, 38.276153], [-78.331491, 38.276187], [-78.331418, 38.276203], [-78.331333, 38.276227], [-78.331216, 38.276236], [-78.33109, 38.276257], [-78.330961, 38.276285], [-78.330872, 38.276322], [-78.330759, 38.276396], [-78.33029, 38.276717], [-78.330279, 38.276794], [-78.330265, 38.276843], [-78.330271, 38.276928], [-78.330323, 38.277003], [-78.330427, 38.277189], [-78.330468, 38.277261], [-78.330519, 38.277372], [-78.330558, 38.27754], [-78.330587, 38.27769], [-78.330606, 38.277818], [-78.330585, 38.277946], [-78.330557, 38.278073], [-78.330504, 38.278185], [-78.330393, 38.278293], [-78.33027, 38.278398], [-78.330141, 38.278491], [-78.330015, 38.278603], [-78.32989, 38.27871], [-78.329863, 38.278764], [-78.329844, 38.278814], [-78.329828, 38.278869], [-78.329816, 38.278919], [-78.329806, 38.278977], [-78.329776, 38.279089], [-78.329761, 38.279196], [-78.329749, 38.279257], [-78.329734, 38.279319], [-78.329711, 38.279437], [-78.32968, 38.279563], [-78.32964, 38.279688], [-78.329571, 38.279866], [-78.329526, 38.279987], [-78.329475, 38.280114], [-78.329429, 38.28024], [-78.329351, 38.280476], [-78.329347, 38.280492], [-78.329345, 38.280521], [-78.32932, 38.280602], [-78.329304, 38.280625], [-78.329272, 38.280734], [-78.329257, 38.280777], [-78.329232, 38.280819], [-78.329177, 38.280886], [-78.329139, 38.280924], [-78.329127, 38.280987], [-78.329122, 38.281042], [-78.329114, 38.28113], [-78.328937, 38.281177]]]}}, {"type": "Feature", "properties": {"field_id": "G5", "acreage": 7.11, "farm": "Gentry", "client": "Cedar Springs"}, "geometry": {"type": "Polygon", "coordinates": [[[-78.331677, 38.272103], [-78.331761, 38.272085], [-78.331921, 38.272107], [-78.332027, 38.272144], [-78.332137, 38.272214], [-78.332318, 38.272371], [-78.332462, 38.272511], [-78.33258, 38.272655], [-78.332738, 38.272881], [-78.332797, 38.272996], [-78.332843, 38.273103], [-78.332884, 38.273222], [-78.332899, 38.273323], [-78.332895, 38.273552], [-78.332895, 38.273595], [-78.332895, 38.273714], [-78.33295, 38.273813], [-78.333007, 38.273905], [-78.333092, 38.274007], [-78.333145, 38.274113], [-78.333207, 38.2743], [-78.333224, 38.274336], [-78.33335, 38.274509], [-78.333453, 38.274616], [-78.333549, 38.274717], [-78.333699, 38.274824], [-78.333829, 38.274891], [-78.333905, 38.274979], [-78.333913, 38.27505], [-78.333835, 38.275134], [-78.333713, 38.275175], [-78.333645, 38.275206], [-78.33357, 38.275231], [-78.333416, 38.275275], [-78.333342, 38.275299], [-78.333268, 38.275327], [-78.333189, 38.275353], [-78.333103, 38.275377], [-78.333009, 38.275394], [-78.332993, 38.275404], [-78.332968, 38.275392], [-78.332907, 38.27539], [-78.33281, 38.275363], [-78.332729, 38.275311], [-78.332679, 38.275257], [-78.332644, 38.275193], [-78.332618, 38.275135], [-78.332593, 38.275086], [-78.33252, 38.274975], [-78.332458, 38.27487], [-78.33243, 38.274818], [-78.33241, 38.274771], [-78.332321, 38.274607], [-78.332281, 38.27437], [-78.332305, 38.274194], [-78.332289, 38.274011], [-78.332273, 38.273946], [-78.33225, 38.273848], [-78.332189, 38.273625], [-78.332119, 38.273414], [-78.332068, 38.273308], [-78.331975, 38.273179], [-78.331864, 38.27302], [-78.331792, 38.272921], [-78.331698, 38.272781], [-78.33163, 38.27267], [-78.331584, 38.272567], [-78.331539, 38.272419], [-78.331538, 38.272355], [-78.331545, 38.27228], [-78.331582, 38.272206], [-78.331619, 38.272152], [-78.331677, 38.272103]]]}}, {"type": "Feature", "properties": {"field_id": "H10", "acreage": 18.42, "farm": "Home", "client": "Cedar Springs"}, "geometry": {"type": "Polygon", "coordinates": [[[-78.307838, 38.316756], [-78.306892, 38.316845], [-78.305953, 38.316863], [-78.305917, 38.316846], [-78.305863, 38.316815], [-78.305802, 38.316752], [-78.305767, 38.31669], [-78.305774, 38.316625], [-78.305817, 38.316504], [-78.305964, 38.316237], [-78.306123, 38.315833], [-78.306273, 38.315469], [-78.306395, 38.315118], [-78.306466, 38.314815], [-78.306545, 38.314363], [-78.306668, 38.313982], [-78.306735, 38.313862], [-78.306856, 38.313736], [-78.306937, 38.31366], [-78.307058, 38.313585], [-78.307263, 38.313482], [-78.307453, 38.313373], [-78.30757, 38.313255], [-78.307666, 38.312938], [-78.307867, 38.312932], [-78.307965, 38.313074], [-78.308095, 38.31349], [-78.308154, 38.31367], [-78.308158, 38.313681], [-78.308244, 38.313946], [-78.30841, 38.314171], [-78.308605, 38.314425], [-78.308754, 38.314882], [-78.308835, 38.315158], [-78.308804, 38.315586], [-78.308794, 38.31586], [-78.308728, 38.316008], [-78.308589, 38.316279], [-78.308477, 38.316449], [-78.308417, 38.31665], [-78.308345, 38.316744], [-78.308193, 38.31677], [-78.307996, 38.316772], [-78.307838, 38.316756]]]}}, {"type": "Feature", "properties": {"field_id": "H11", "acreage": 28.99, "farm": "Home", "client": "Cedar Springs"}, "geometry": {"type": "Polygon", "coordinates": [[[-78.309286, 38.310053], [-78.309337, 38.310042], [-78.309383, 38.310053], [-78.309463, 38.310084], [-78.309511, 38.310132], [-78.309499, 38.310202], [-78.309341, 38.31039], [-78.309135, 38.310582], [-78.308918, 38.310807], [-78.308716, 38.311011], [-78.308518, 38.311181], [-78.30829, 38.311366], [-78.308071, 38.311672], [-78.307883, 38.312154], [-78.307854, 38.312489], [-78.307852, 38.31257], [-78.307809, 38.312625], [-78.307729, 38.312738], [-78.307613, 38.312639], [-78.307651, 38.312542], [-78.307759, 38.312253], [-78.30796, 38.311742], [-78.308101, 38.311385], [-78.308215, 38.311101], [-78.308327, 38.31097], [-78.308521, 38.310788], [-78.308731, 38.31061], [-78.308875, 38.310456], [-78.308995, 38.310305], [-78.309132, 38.310179], [-78.309254, 38.310083], [-78.309286, 38.310053]], [[-78.305114, 38.311856], [-78.30514, 38.311794], [-78.305173, 38.311758], [-78.305222, 38.311733], [-78.305274, 38.311713], [-78.305332, 38.311703], [-78.305395, 38.311702], [-78.306074, 38.311803], [-78.306593, 38.311839], [-78.306729, 38.31184], [-78.306921, 38.31181], [-78.307351, 38.311719], [-78.307535, 38.311635], [-78.307804, 38.311435], [-78.308057, 38.31121], [-78.308103, 38.311194], [-78.308115, 38.311207], [-78.30803, 38.311429], [-78.307613, 38.312409], [-78.307567, 38.312577], [-78.307569, 38.31266], [-78.307571, 38.312755], [-78.30757, 38.312799], [-78.307542, 38.312855], [-78.307481, 38.312977], [-78.307464, 38.313036], [-78.307414, 38.313137], [-78.307374, 38.313203], [-78.307317, 38.313263], [-78.3072, 38.313344], [-78.306964, 38.313485], [-78.306726, 38.313644], [-78.306584, 38.313781], [-78.306509, 38.313924], [-78.306435, 38.314095], [-78.30642, 38.314222], [-78.306371, 38.314345], [-78.306328, 38.314461], [-78.306335, 38.314625], [-78.306311, 38.314833], [-78.306264, 38.315063], [-78.306098, 38.315397], [-78.305983, 38.31565], [-78.305964, 38.315697], [-78.305854, 38.315984], [-78.305815, 38.316058], [-78.305781, 38.316145], [-78.305728, 38.316189], [-78.30565, 38.316213], [-78.30561, 38.316246], [-78.304377, 38.315875], [-78.304366, 38.315871], [-78.303942, 38.315744], [-78.303692, 38.315651], [-78.303597, 38.315605], [-78.303501, 38.315572], [-78.303436, 38.315549], [-78.303149, 38.315514], [-78.303166, 38.315386], [-78.30319, 38.315297], [-78.303282, 38.315246], [-78.303336, 38.315211], [-78.303453, 38.314914], [-78.303501, 38.314682], [-78.30352, 38.314627], [-78.303552, 38.314538], [-78.304257, 38.313549], [-78.30484, 38.312706], [-78.304929, 38.312535], [-78.305052, 38.312276], [-78.305069, 38.312229], [-78.305075, 38.312172], [-78.305114, 38.311856]]]}}, {"type": "Feature", "properties": {"field_id": "H16", "acreage": 50.79, "farm": "Home", "client": "Cedar Springs"}, "geometry": {"type": "Polygon", "coordinates": [[[-78.304511, 38.306273], [-78.304532, 38.306204], [-78.304536, 38.306198], [-78.304537, 38.30619], [-78.304651, 38.305892], [-78.304722, 38.30568], [-78.304769, 38.305542], [-78.30479, 38.30549], [-78.304818, 38.3054], [-78.304859, 38.305302], [-78.304869, 38.305272], [-78.305029, 38.305348], [-78.305141, 38.305402], [-78.305173, 38.305439], [-78.3052, 38.305505], [-78.305177, 38.305534], [-78.305143, 38.305587], [-78.305145, 38.305635], [-78.305208, 38.30569], [-78.305313, 38.305726], [-78.305387, 38.305757], [-78.305449, 38.305798], [-78.305488, 38.305859], [-78.305499, 38.305959], [-78.30552, 38.306025], [-78.305591, 38.306118], [-78.305758, 38.306204], [-78.305869, 38.306249], [-78.305917, 38.306243], [-78.305934, 38.306209], [-78.305883, 38.306148], [-78.305801, 38.306093], [-78.305696, 38.30603], [-78.305626, 38.305965], [-78.305587, 38.305899], [-78.305571, 38.305809], [-78.30556, 38.305704], [-78.305689, 38.305744], [-78.305848, 38.305787], [-78.306158, 38.305812], [-78.306394, 38.305819], [-78.306601, 38.305847], [-78.306962, 38.305937], [-78.307267, 38.305999], [-78.307566, 38.306058], [-78.307627, 38.306051], [-78.307631, 38.306023], [-78.307527, 38.305997], [-78.307411, 38.305967], [-78.307289, 38.305942], [-78.307148, 38.305907], [-78.306922, 38.305866], [-78.306665, 38.305802], [-78.306149, 38.305755], [-78.305937, 38.305741], [-78.305735, 38.305699], [-78.305624, 38.305655], [-78.305506, 38.305592], [-78.305432, 38.305551], [-78.30535, 38.305486], [-78.305305, 38.305426], [-78.305303, 38.305383], [-78.305282, 38.305317], [-78.305208, 38.305295], [-78.305099, 38.305274], [-78.305001, 38.305253], [-78.304889, 38.305194], [-78.304887, 38.305194], [-78.30481, 38.305163], [-78.304725, 38.305109], [-78.304573, 38.305025], [-78.304462, 38.304971], [-78.3044, 38.304938], [-78.304296, 38.304878], [-78.304244, 38.304842], [-78.304195, 38.3048], [-78.304155, 38.304755], [-78.304125, 38.304714], [-78.304023, 38.304542], [-78.303999, 38.304497], [-78.303966, 38.304428], [-78.303928, 38.304345], [-78.303909, 38.304288], [-78.303893, 38.304233], [-78.303889, 38.304165], [-78.303898, 38.304112], [-78.303911, 38.304064], [-78.303952, 38.303967], [-78.303976, 38.303917], [-78.304037, 38.303812], [-78.304116, 38.303657], [-78.304171, 38.303555], [-78.304231, 38.303452], [-78.30426, 38.303397], [-78.304284, 38.303346], [-78.304305, 38.303297], [-78.304346, 38.303187], [-78.304387, 38.303085], [-78.30442, 38.303024], [-78.304486, 38.302947], [-78.30453, 38.302908], [-78.304561, 38.302877], [-78.304591, 38.302838], [-78.304638, 38.302763], [-78.304652, 38.302734], [-78.304665, 38.302706], [-78.304682, 38.302641], [-78.304689, 38.302606], [-78.3047, 38.302468], [-78.304714, 38.302168], [-78.304728, 38.302029], [-78.304729, 38.301983], [-78.304733, 38.301936], [-78.304741, 38.301881], [-78.304753, 38.30183], [-78.304784, 38.301718], [-78.304786, 38.301685], [-78.304784, 38.301644], [-78.30478, 38.301602], [-78.304771, 38.301564], [-78.304757, 38.301524], [-78.304715, 38.301428], [-78.304703, 38.301367], [-78.304702, 38.301311], [-78.304709, 38.301254], [-78.30473, 38.301157], [-78.304748, 38.301055], [-78.304758, 38.301015], [-78.304775, 38.300926], [-78.30479, 38.300868], [-78.304815, 38.300818], [-78.30485, 38.30078], [-78.304915, 38.300742], [-78.304984, 38.300728], [-78.305065, 38.300733], [-78.305115, 38.300748], [-78.305252, 38.300792], [-78.305419, 38.300842], [-78.30552, 38.30087], [-78.305678, 38.300916], [-78.305708, 38.300916], [-78.305814, 38.300953], [-78.305822, 38.300958], [-78.305853, 38.30097], [-78.305986, 38.301007], [-78.306155, 38.301062], [-78.306939, 38.301321], [-78.307252, 38.301442], [-78.307355, 38.301475], [-78.307712, 38.301583], [-78.308037, 38.301686], [-78.308238, 38.301753], [-78.308672, 38.301897], [-78.308728, 38.301916], [-78.308772, 38.301939], [-78.308827, 38.301986], [-78.308863, 38.302045], [-78.30888, 38.302105], [-78.308885, 38.302164], [-78.308881, 38.302226], [-78.308874, 38.302282], [-78.308857, 38.302345], [-78.308796, 38.302543], [-78.308786, 38.302593], [-78.308754, 38.302696], [-78.308683, 38.302988], [-78.308655, 38.303115], [-78.308607, 38.303426], [-78.308576, 38.303606], [-78.308547, 38.303766], [-78.308495, 38.304028], [-78.308447, 38.304239], [-78.308381, 38.304494], [-78.308357, 38.304621], [-78.308342, 38.304686], [-78.308274, 38.304946], [-78.308237, 38.305074], [-78.308221, 38.305136], [-78.308193, 38.305261], [-78.308174, 38.305327], [-78.308153, 38.305393], [-78.308104, 38.305524], [-78.308071, 38.30559], [-78.307942, 38.305798], [-78.307855, 38.30595], [-78.307797, 38.306047], [-78.307744, 38.306131], [-78.307635, 38.306298], [-78.307549, 38.306438], [-78.307481, 38.306553], [-78.307416, 38.306671], [-78.30738, 38.306728], [-78.307326, 38.306826], [-78.307245, 38.306884], [-78.307152, 38.306903], [-78.307067, 38.306902], [-78.306842, 38.306879], [-78.306681, 38.306864], [-78.306517, 38.306851], [-78.306097, 38.306823], [-78.305942, 38.306813], [-78.305863, 38.30681], [-78.305796, 38.306805], [-78.305732, 38.3068], [-78.305571, 38.306783], [-78.305079, 38.306744], [-78.305002, 38.306736], [-78.30493, 38.306719], [-78.304857, 38.30669], [-78.304792, 38.306646], [-78.304743, 38.306596], [-78.304675, 38.306508], [-78.304607, 38.306441], [-78.304567, 38.306398], [-78.304541, 38.306355], [-78.304521, 38.306327], [-78.304511, 38.306273]]]}}, {"type": "Feature", "properties": {"field_id": "H17", "acreage": 15.63, "farm": "Home", "client": "Cedar Springs"}, "geometry": {"type": "Polygon", "coordinates": [[[-78.303006, 38.305581], [-78.302862, 38.305485], [-78.302645, 38.305372], [-78.302509, 38.3053], [-78.302324, 38.305219], [-78.302055, 38.305036], [-78.30198, 38.305], [-78.301953, 38.304957], [-78.301932, 38.304892], [-78.30193, 38.304831], [-78.301945, 38.304777], [-78.301965, 38.304736], [-78.302097, 38.304497], [-78.302124, 38.304452], [-78.302139, 38.304423], [-78.302145, 38.304394], [-78.302148, 38.304358], [-78.302157, 38.304306], [-78.302185, 38.304247], [-78.302244, 38.304172], [-78.302275, 38.304144], [-78.302351, 38.304082], [-78.302374, 38.30406], [-78.302398, 38.30403], [-78.302445, 38.303958], [-78.302535, 38.303809], [-78.302573, 38.303763], [-78.302642, 38.303722], [-78.30271, 38.303709], [-78.302795, 38.303721], [-78.30286, 38.303751], [-78.302896, 38.303778], [-78.302968, 38.303835], [-78.303001, 38.303859], [-78.303073, 38.303907], [-78.303192, 38.303982], [-78.303366, 38.304078], [-78.30342, 38.304118], [-78.303503, 38.304188], [-78.303584, 38.304266], [-78.303642, 38.30433], [-78.303749, 38.304458], [-78.303782, 38.3045], [-78.303847, 38.304589], [-78.303916, 38.304674], [-78.303947, 38.304709], [-78.303986, 38.304746], [-78.304028, 38.304782], [-78.304069, 38.304813], [-78.304228, 38.304917], [-78.304387, 38.30501], [-78.304436, 38.305038], [-78.304547, 38.305095], [-78.304724, 38.305179], [-78.304785, 38.305212], [-78.304846, 38.305264], [-78.304861, 38.305297], [-78.304859, 38.305302], [-78.304818, 38.3054], [-78.30479, 38.30549], [-78.304769, 38.305542], [-78.304722, 38.30568], [-78.304651, 38.305892], [-78.304537, 38.30619], [-78.304536, 38.306198], [-78.304532, 38.306204], [-78.304511, 38.306273], [-78.304517, 38.306308], [-78.304521, 38.306327], [-78.304541, 38.306355], [-78.304327, 38.306307], [-78.304044, 38.306195], [-78.303775, 38.306008], [-78.303625, 38.305902], [-78.303453, 38.30584], [-78.303268, 38.305769], [-78.303131, 38.305687], [-78.303006, 38.305581]], [[-78.30352, 38.305228], [-78.303419, 38.305213], [-78.303283, 38.30522], [-78.303244, 38.305257], [-78.303212, 38.30534], [-78.303246, 38.3054], [-78.30333, 38.305462], [-78.303418, 38.305499], [-78.303515, 38.305521], [-78.303569, 38.305527], [-78.303659, 38.305503], [-78.303675, 38.305445], [-78.30368, 38.305359], [-78.303663, 38.305299], [-78.303612, 38.305257], [-78.30352, 38.305228]], [[-78.303262, 38.30659], [-78.303162, 38.306578], [-78.302986, 38.306608], [-78.302803, 38.306671], [-78.302572, 38.306688], [-78.301773, 38.306731], [-78.301707, 38.306719], [-78.301636, 38.306687], [-78.301645, 38.306147], [-78.301646, 38.306096], [-78.301762, 38.305263], [-78.301843, 38.305118], [-78.301896, 38.305087], [-78.302032, 38.305076], [-78.302233, 38.305217], [-78.302528, 38.305375], [-78.302817, 38.305563], [-78.303011, 38.30571], [-78.30316, 38.305786], [-78.303382, 38.305876], [-78.303506, 38.305934], [-78.303629, 38.305993], [-78.30371, 38.306047], [-78.303841, 38.306125], [-78.303923, 38.306194], [-78.304034, 38.306253], [-78.304133, 38.306303], [-78.304245, 38.306352], [-78.304375, 38.306415], [-78.304468, 38.306479], [-78.304618, 38.30658], [-78.304676, 38.306728], [-78.304615, 38.306796], [-78.30342, 38.306689], [-78.303262, 38.30659]]]}}, {"type": "Feature", "properties": {"field_id": "H18", "acreage": 13.52, "farm": "Home", "client": "Cedar Springs"}, "geometry": {"type": "Polygon", "coordinates": [[[-78.304429, 38.302454], [-78.304269, 38.30243], [-78.304157, 38.302379], [-78.304121, 38.30233], [-78.304067, 38.302221], [-78.304019, 38.302169], [-78.303967, 38.302108], [-78.303888, 38.302035], [-78.303819, 38.302002], [-78.303711, 38.30196], [-78.303649, 38.301932], [-78.303557, 38.301905], [-78.303438, 38.301863], [-78.303281, 38.301808], [-78.303123, 38.301756], [-78.303094, 38.301772], [-78.303118, 38.301807], [-78.303183, 38.301826], [-78.30341, 38.3019], [-78.303689, 38.301984], [-78.303833, 38.302067], [-78.303972, 38.302221], [-78.304073, 38.302361], [-78.304198, 38.302447], [-78.304403, 38.302482], [-78.304381, 38.302586], [-78.304357, 38.302676], [-78.304372, 38.302787], [-78.304395, 38.302904], [-78.30442, 38.303024], [-78.304387, 38.303085], [-78.304346, 38.303187], [-78.304305, 38.303297], [-78.304284, 38.303346], [-78.30426, 38.303397], [-78.304231, 38.303452], [-78.304171, 38.303555], [-78.304116, 38.303657], [-78.304037, 38.303812], [-78.303976, 38.303917], [-78.303952, 38.303967], [-78.303886, 38.303973], [-78.303768, 38.303973], [-78.303582, 38.303974], [-78.303453, 38.303946], [-78.303374, 38.303895], [-78.303307, 38.303825], [-78.303266, 38.303719], [-78.303223, 38.30367], [-78.303135, 38.30363], [-78.303065, 38.303592], [-78.30299, 38.303537], [-78.302928, 38.303464], [-78.302883, 38.303372], [-78.302854, 38.303237], [-78.30285, 38.303048], [-78.302854, 38.302937], [-78.302845, 38.302886], [-78.30283, 38.302801], [-78.302793, 38.302599], [-78.302755, 38.30246], [-78.302748, 38.3023], [-78.302733, 38.302164], [-78.302793, 38.301905], [-78.302831, 38.301825], [-78.302846, 38.301668], [-78.302866, 38.301499], [-78.302873, 38.301356], [-78.302889, 38.301209], [-78.302959, 38.300849], [-78.303024, 38.30059], [-78.303066, 38.300406], [-78.303125, 38.300205], [-78.303201, 38.300092], [-78.303329, 38.300113], [-78.303474, 38.300148], [-78.303534, 38.300157], [-78.303587, 38.300171], [-78.303768, 38.300225], [-78.304105, 38.300329], [-78.304161, 38.300348], [-78.304353, 38.30042], [-78.304525, 38.300483], [-78.304542, 38.300487], [-78.304583, 38.300504], [-78.304588, 38.300505], [-78.304659, 38.300549], [-78.304703, 38.300603], [-78.304726, 38.300673], [-78.304719, 38.30074], [-78.304703, 38.300889], [-78.30464, 38.301099], [-78.304592, 38.30135], [-78.304571, 38.301487], [-78.304555, 38.301727], [-78.304522, 38.302207], [-78.304499, 38.3023], [-78.304481, 38.302394], [-78.304429, 38.302454]]]}}, {"type": "Feature", "properties": {"field_id": "H20", "acreage": 29.83, "farm": "Home", "client": "Cedar Springs"}, "geometry": {"type": "Polygon", "coordinates": [[[-78.30092, 38.300858], [-78.300983, 38.30085], [-78.301021, 38.300851], [-78.301262, 38.300793], [-78.301328, 38.300756], [-78.301399, 38.300734], [-78.301474, 38.300722], [-78.301494, 38.300725], [-78.30151, 38.300721], [-78.301663, 38.300664], [-78.301726, 38.300637], [-78.30174, 38.300631], [-78.301766, 38.300606], [-78.301833, 38.300564], [-78.301871, 38.300537], [-78.301944, 38.300505], [-78.301972, 38.300498], [-78.302011, 38.30047], [-78.302063, 38.300424], [-78.3021, 38.300388], [-78.302137, 38.300348], [-78.302187, 38.300305], [-78.302247, 38.300264], [-78.302328, 38.300219], [-78.302346, 38.300205], [-78.302403, 38.300181], [-78.302411, 38.30018], [-78.302506, 38.300138], [-78.302625, 38.300091], [-78.302685, 38.300071], [-78.302729, 38.300061], [-78.302752, 38.300058], [-78.302818, 38.300069], [-78.302878, 38.30007], [-78.302943, 38.300075], [-78.303033, 38.300072], [-78.303037, 38.300149], [-78.303032, 38.300206], [-78.303008, 38.300265], [-78.302971, 38.300404], [-78.302957, 38.30045], [-78.302885, 38.300655], [-78.30285, 38.300789], [-78.302835, 38.300838], [-78.302804, 38.300924], [-78.302783, 38.301008], [-78.302776, 38.301059], [-78.302776, 38.301094], [-78.302779, 38.301111], [-78.302791, 38.301142], [-78.302803, 38.30118], [-78.302811, 38.301234], [-78.302808, 38.301286], [-78.302793, 38.301343], [-78.302756, 38.30143], [-78.302747, 38.301463], [-78.302707, 38.301737], [-78.302692, 38.30188], [-78.302684, 38.301933], [-78.302637, 38.302127], [-78.302618, 38.30222], [-78.302614, 38.302266], [-78.302612, 38.302313], [-78.302614, 38.302357], [-78.302619, 38.302399], [-78.302635, 38.302482], [-78.302645, 38.302502], [-78.302668, 38.302531], [-78.302682, 38.302592], [-78.302685, 38.302638], [-78.302687, 38.302696], [-78.302698, 38.302747], [-78.302706, 38.302806], [-78.30271, 38.302859], [-78.302716, 38.302962], [-78.302713, 38.303049], [-78.302707, 38.303103], [-78.302695, 38.303161], [-78.302677, 38.303222], [-78.302652, 38.30328], [-78.302624, 38.303336], [-78.302591, 38.303387], [-78.302548, 38.303447], [-78.302527, 38.30349], [-78.302514, 38.303497], [-78.302501, 38.303517], [-78.302479, 38.30356], [-78.302462, 38.303602], [-78.302446, 38.303651], [-78.302406, 38.303756], [-78.302381, 38.303811], [-78.302279, 38.304018], [-78.302222, 38.304116], [-78.302181, 38.304178], [-78.302153, 38.304243], [-78.302102, 38.304327], [-78.30208, 38.304368], [-78.302066, 38.3044], [-78.30204, 38.30445], [-78.302, 38.304494], [-78.301648, 38.305127], [-78.301473, 38.305341], [-78.301187, 38.305543], [-78.300843, 38.30572], [-78.3008, 38.305752], [-78.300753, 38.305782], [-78.300614, 38.305855], [-78.30056, 38.305879], [-78.300512, 38.3059], [-78.300456, 38.30592], [-78.300408, 38.305934], [-78.300354, 38.305948], [-78.300294, 38.305959], [-78.300227, 38.305963], [-78.300159, 38.305957], [-78.300088, 38.305934], [-78.300036, 38.305901], [-78.299975, 38.305858], [-78.299912, 38.305819], [-78.299869, 38.305782], [-78.299847, 38.305759], [-78.299825, 38.305744], [-78.299752, 38.305704], [-78.299701, 38.305672], [-78.299661, 38.305644], [-78.299623, 38.305614], [-78.299582, 38.305577], [-78.299546, 38.305542], [-78.299512, 38.305503], [-78.299483, 38.305459], [-78.299458, 38.30541], [-78.299442, 38.305364], [-78.29943, 38.305318], [-78.299422, 38.305268], [-78.299416, 38.30522], [-78.299411, 38.305124], [-78.299415, 38.305049], [-78.299421, 38.305001], [-78.299443, 38.3049], [-78.299467, 38.30481], [-78.299483, 38.304757], [-78.299517, 38.304665], [-78.299542, 38.304585], [-78.299558, 38.304512], [-78.299571, 38.304421], [-78.299581, 38.304369], [-78.299596, 38.304313], [-78.299615, 38.30426], [-78.299636, 38.304207], [-78.299685, 38.304101], [-78.299735, 38.303988], [-78.299783, 38.303886], [-78.299814, 38.303828], [-78.299959, 38.303592], [-78.300012, 38.303501], [-78.300058, 38.303411], [-78.300063, 38.303405], [-78.300065, 38.303398], [-78.300071, 38.30339], [-78.300072, 38.303384], [-78.300142, 38.303244], [-78.300166, 38.303188], [-78.300228, 38.303035], [-78.300252, 38.302947], [-78.300259, 38.302906], [-78.300265, 38.302855], [-78.300264, 38.302821], [-78.300282, 38.302817], [-78.300292, 38.302812], [-78.300307, 38.302787], [-78.300311, 38.302728], [-78.300312, 38.302684], [-78.300306, 38.302581], [-78.300304, 38.302483], [-78.300298, 38.302324], [-78.300297, 38.302267], [-78.300299, 38.302171], [-78.300293, 38.302026], [-78.300287, 38.301912], [-78.300282, 38.301847], [-78.300274, 38.301785], [-78.300273, 38.301722], [-78.30025, 38.301401], [-78.300238, 38.301212], [-78.300229, 38.301133], [-78.300227, 38.301061], [-78.300366, 38.301025], [-78.300426, 38.301005], [-78.300682, 38.300934], [-78.300829, 38.300898], [-78.30092, 38.300858]]]}}, {"type": "Feature", "properties": {"field_id": "H8", "acreage": 50.37, "farm": "Home", "client": "Cedar Springs"}, "geometry": {"type": "Polygon", "coordinates": [[[-78.312835, 38.316324], [-78.312788, 38.316315], [-78.312704, 38.316264], [-78.312543, 38.316131], [-78.31222, 38.315869], [-78.311991, 38.315673], [-78.311717, 38.315409], [-78.311602, 38.315294], [-78.311532, 38.315186], [-78.311501, 38.315132], [-78.311479, 38.315073], [-78.311425, 38.314889], [-78.311392, 38.314781], [-78.311358, 38.31472], [-78.311278, 38.314616], [-78.311139, 38.314485], [-78.310827, 38.314268], [-78.310548, 38.314047], [-78.310683, 38.313859], [-78.311319, 38.313236], [-78.311409, 38.313134], [-78.312172, 38.312266], [-78.31187, 38.311628], [-78.311511, 38.311059], [-78.311434, 38.310938], [-78.311167, 38.310598], [-78.310838, 38.310285], [-78.310743, 38.310195], [-78.310546, 38.310018], [-78.310395, 38.309788], [-78.310172, 38.309473], [-78.31029, 38.309337], [-78.31051, 38.309113], [-78.310656, 38.308998], [-78.31082, 38.308868], [-78.310963, 38.308752], [-78.311003, 38.30871], [-78.311029, 38.308657], [-78.311095, 38.308479], [-78.311118, 38.30841], [-78.311153, 38.308343], [-78.311401, 38.308005], [-78.311484, 38.307937], [-78.311521, 38.307918], [-78.311571, 38.307908], [-78.31163, 38.307906], [-78.311697, 38.307908], [-78.311751, 38.307914], [-78.311842, 38.307944], [-78.311888, 38.307974], [-78.311945, 38.308023], [-78.312318, 38.308379], [-78.312714, 38.308786], [-78.313023, 38.309091], [-78.313293, 38.309328], [-78.313337, 38.309384], [-78.313425, 38.309579], [-78.313512, 38.30977], [-78.313646, 38.310101], [-78.313652, 38.310167], [-78.313642, 38.310226], [-78.313639, 38.310272], [-78.313648, 38.310339], [-78.313677, 38.310392], [-78.313735, 38.310496], [-78.313813, 38.310673], [-78.313826, 38.310738], [-78.313828, 38.31099], [-78.313815, 38.311062], [-78.313745, 38.311236], [-78.313642, 38.311429], [-78.313581, 38.311519], [-78.313548, 38.311591], [-78.313536, 38.311635], [-78.313533, 38.311689], [-78.313574, 38.311797], [-78.313865, 38.312234], [-78.313892, 38.312288], [-78.313907, 38.312336], [-78.313906, 38.312402], [-78.313898, 38.312482], [-78.313894, 38.312546], [-78.313878, 38.312568], [-78.313768, 38.312702], [-78.313756, 38.312729], [-78.313755, 38.312754], [-78.313768, 38.312785], [-78.313783, 38.312808], [-78.313811, 38.31283], [-78.313867, 38.312856], [-78.314253, 38.312905], [-78.314407, 38.312912], [-78.314525, 38.312919], [-78.314579, 38.312933], [-78.314611, 38.312965], [-78.314609, 38.312993], [-78.31459, 38.313033], [-78.314533, 38.313143], [-78.314443, 38.313254], [-78.314403, 38.313282], [-78.314393, 38.313308], [-78.314403, 38.313328], [-78.314468, 38.313327], [-78.314717, 38.313323], [-78.315081, 38.313298], [-78.315274, 38.313293], [-78.315424, 38.313325], [-78.315546, 38.313371], [-78.315631, 38.313415], [-78.315781, 38.31352], [-78.315857, 38.313584], [-78.315924, 38.313641], [-78.315948, 38.313673], [-78.315958, 38.313702], [-78.315956, 38.313746], [-78.315939, 38.313809], [-78.31591, 38.313861], [-78.315862, 38.31392], [-78.315674, 38.314113], [-78.315226, 38.314486], [-78.314881, 38.314763], [-78.314272, 38.315287], [-78.313815, 38.315644], [-78.313646, 38.315755], [-78.313579, 38.315777], [-78.313526, 38.315773], [-78.313477, 38.315756], [-78.313419, 38.315723], [-78.313174, 38.315512], [-78.312829, 38.3152], [-78.312669, 38.315068], [-78.312666, 38.315067], [-78.312506, 38.31517], [-78.312269, 38.315361], [-78.312228, 38.315394], [-78.312219, 38.315407], [-78.312221, 38.315431], [-78.312236, 38.315464], [-78.312336, 38.315608], [-78.31244, 38.315732], [-78.312503, 38.315789], [-78.312571, 38.315837], [-78.312704, 38.31592], [-78.312864, 38.316012], [-78.313006, 38.316134], [-78.313028, 38.316188], [-78.313028, 38.316224], [-78.313021, 38.316251], [-78.312995, 38.316277], [-78.31296, 38.316297], [-78.312904, 38.316316], [-78.312857, 38.316321], [-78.312835, 38.316324]]]}}, {"type": "Feature", "properties": {"field_id": "H22", "acreage": 36.75, "farm": "Home", "client": "Cedar Springs"}, "geometry": {"type": "Polygon", "coordinates": [[[-78.295858, 38.300723], [-78.295792, 38.300681], [-78.295692, 38.300619], [-78.29562, 38.300587], [-78.295008, 38.30025], [-78.294807, 38.300129], [-78.294649, 38.300039], [-78.294546, 38.29998], [-78.294361, 38.299865], [-78.293931, 38.299597], [-78.293714, 38.299462], [-78.293657, 38.299419], [-78.293596, 38.299377], [-78.293575, 38.299362], [-78.293538, 38.299339], [-78.293492, 38.299312], [-78.293444, 38.299268], [-78.293368, 38.299192], [-78.293358, 38.299132], [-78.293865, 38.298812], [-78.294104, 38.298661], [-78.294302, 38.298581], [-78.294405, 38.298588], [-78.294437, 38.29861], [-78.294461, 38.298639], [-78.294473, 38.2987], [-78.294509, 38.298909], [-78.294528, 38.298975], [-78.294599, 38.299202], [-78.294616, 38.299243], [-78.294636, 38.29928], [-78.294662, 38.299314], [-78.294698, 38.29935], [-78.294739, 38.299385], [-78.294792, 38.299409], [-78.294934, 38.299511], [-78.295049, 38.299576], [-78.2951, 38.29961], [-78.295145, 38.299637], [-78.295177, 38.299651], [-78.295262, 38.299668], [-78.295308, 38.299675], [-78.295362, 38.299682], [-78.295483, 38.299676], [-78.295592, 38.299645], [-78.295673, 38.299623], [-78.295726, 38.299611], [-78.295787, 38.299596], [-78.296019, 38.299548], [-78.296141, 38.299519], [-78.296207, 38.299501], [-78.296342, 38.299456], [-78.296396, 38.299537], [-78.296448, 38.299586], [-78.296486, 38.299628], [-78.296534, 38.299694], [-78.296538, 38.299762], [-78.296514, 38.299845], [-78.296481, 38.299918], [-78.296458, 38.300018], [-78.29644, 38.300205], [-78.296441, 38.300326], [-78.296484, 38.300486], [-78.296544, 38.300602], [-78.296596, 38.300658], [-78.296633, 38.300664], [-78.296625, 38.300593], [-78.296588, 38.300483], [-78.296582, 38.300344], [-78.296587, 38.300154], [-78.296633, 38.300067], [-78.296669, 38.299966], [-78.296678, 38.299858], [-78.296638, 38.299674], [-78.296572, 38.299518], [-78.296458, 38.299402], [-78.296598, 38.299282], [-78.296778, 38.299122], [-78.296902, 38.298989], [-78.296932, 38.298973], [-78.297205, 38.298855], [-78.297498, 38.29875], [-78.297579, 38.29873], [-78.297751, 38.298692], [-78.297926, 38.298696], [-78.298426, 38.29873], [-78.300158, 38.298683], [-78.300187, 38.298713], [-78.300192, 38.298756], [-78.300186, 38.298878], [-78.300198, 38.298975], [-78.300203, 38.299068], [-78.300204, 38.299264], [-78.300206, 38.29936], [-78.300207, 38.299729], [-78.300212, 38.299872], [-78.300208, 38.300005], [-78.300212, 38.300153], [-78.300221, 38.300251], [-78.300222, 38.300299], [-78.300225, 38.300512], [-78.300224, 38.300735], [-78.300231, 38.30083], [-78.300232, 38.300944], [-78.300224, 38.300961], [-78.300227, 38.300989], [-78.300227, 38.301061], [-78.300229, 38.301133], [-78.300238, 38.301212], [-78.30025, 38.301401], [-78.300273, 38.301722], [-78.300274, 38.301785], [-78.300282, 38.301847], [-78.300287, 38.301912], [-78.300293, 38.302026], [-78.300299, 38.302171], [-78.300297, 38.302267], [-78.300298, 38.302324], [-78.300304, 38.302483], [-78.300306, 38.302581], [-78.300312, 38.302684], [-78.300311, 38.302728], [-78.300307, 38.302787], [-78.300292, 38.302812], [-78.300282, 38.302817], [-78.300206, 38.302834], [-78.300134, 38.302835], [-78.300062, 38.302822], [-78.300002, 38.302805], [-78.299898, 38.302769], [-78.299802, 38.302731], [-78.2997, 38.302687], [-78.299593, 38.302636], [-78.299433, 38.302565], [-78.299251, 38.30249], [-78.298829, 38.302331], [-78.298703, 38.30228], [-78.298645, 38.302252], [-78.298591, 38.302229], [-78.298537, 38.30221], [-78.298474, 38.302191], [-78.298404, 38.302173], [-78.298327, 38.30215], [-78.298051, 38.302048], [-78.297851, 38.30197], [-78.297596, 38.301866], [-78.297471, 38.30182], [-78.297344, 38.301776], [-78.297244, 38.301737], [-78.29718, 38.30171], [-78.297112, 38.30168], [-78.297051, 38.30165], [-78.296989, 38.301618], [-78.296929, 38.301583], [-78.296866, 38.301541], [-78.296813, 38.301499], [-78.296766, 38.301457], [-78.296719, 38.301413], [-78.296598, 38.301286], [-78.296511, 38.301202], [-78.296384, 38.30107], [-78.296321, 38.301], [-78.29627, 38.300944], [-78.296234, 38.300911], [-78.296202, 38.30089], [-78.296164, 38.300874], [-78.296096, 38.300848], [-78.296033, 38.300819], [-78.296031, 38.300818], [-78.295971, 38.300787], [-78.295858, 38.300723]]]}}, {"type": "Feature", "properties": {"field_id": "H24", "acreage": 18.0, "farm": "Home", "client": "Cedar Springs"}, "geometry": {"type": "Polygon", "coordinates": [[[-78.293487, 38.291564], [-78.293496, 38.29151], [-78.293547, 38.291439], [-78.293637, 38.291401], [-78.293718, 38.291397], [-78.293974, 38.291407], [-78.294246, 38.291426], [-78.294324, 38.29143], [-78.294529, 38.291439], [-78.294665, 38.291442], [-78.294927, 38.291462], [-78.295365, 38.291488], [-78.295709, 38.291501], [-78.295759, 38.291499], [-78.295788, 38.291495], [-78.295824, 38.291481], [-78.295861, 38.291458], [-78.2959, 38.291423], [-78.296061, 38.291262], [-78.296166, 38.291164], [-78.296237, 38.291098], [-78.296278, 38.291063], [-78.296309, 38.291033], [-78.29634, 38.290992], [-78.296383, 38.290945], [-78.296421, 38.290911], [-78.296464, 38.290877], [-78.29653, 38.290846], [-78.296622, 38.290838], [-78.296703, 38.290866], [-78.296761, 38.290931], [-78.296776, 38.290991], [-78.29679, 38.291081], [-78.296806, 38.291175], [-78.29682, 38.291276], [-78.29686, 38.29149], [-78.296875, 38.291599], [-78.296893, 38.2917], [-78.296902, 38.291753], [-78.296929, 38.291961], [-78.296941, 38.292019], [-78.296967, 38.292176], [-78.296971, 38.29222], [-78.296983, 38.292283], [-78.297008, 38.292408], [-78.297027, 38.292574], [-78.297047, 38.292714], [-78.297059, 38.29278], [-78.297081, 38.292867], [-78.297083, 38.292901], [-78.297082, 38.29293], [-78.2971, 38.293022], [-78.297134, 38.293208], [-78.297162, 38.29343], [-78.297154, 38.293486], [-78.297122, 38.293543], [-78.29707, 38.293583], [-78.296996, 38.293609], [-78.29688, 38.293632], [-78.296556, 38.293689], [-78.296435, 38.293714], [-78.296238, 38.293756], [-78.296179, 38.293772], [-78.296121, 38.29379], [-78.296066, 38.293808], [-78.295846, 38.293896], [-78.295771, 38.293912], [-78.29572, 38.29392], [-78.295655, 38.293925], [-78.295568, 38.293917], [-78.295503, 38.293901], [-78.295391, 38.293865], [-78.295322, 38.293846], [-78.295126, 38.293798], [-78.295001, 38.293763], [-78.294931, 38.293745], [-78.294807, 38.293721], [-78.294746, 38.293704], [-78.294678, 38.293679], [-78.29462, 38.293645], [-78.294563, 38.293603], [-78.294476, 38.293523], [-78.294307, 38.29336], [-78.294263, 38.293316], [-78.294215, 38.293258], [-78.294177, 38.2932], [-78.294146, 38.293144], [-78.294098, 38.293041], [-78.294027, 38.292865], [-78.293992, 38.292769], [-78.293963, 38.292702], [-78.293878, 38.292538], [-78.293836, 38.292439], [-78.293712, 38.292172], [-78.293643, 38.292017], [-78.293589, 38.291887], [-78.29352, 38.291723], [-78.293503, 38.29168], [-78.293487, 38.291618], [-78.293487, 38.291564]]]}}, {"type": "Feature", "properties": {"field_id": "H25", "acreage": 12.18, "farm": "Home", "client": "Cedar Springs"}, "geometry": {"type": "Polygon", "coordinates": [[[-78.2864, 38.292123], [-78.286417, 38.292108], [-78.286546, 38.2922], [-78.286633, 38.29225], [-78.286791, 38.292341], [-78.286939, 38.292408], [-78.287134, 38.292503], [-78.287463, 38.292694], [-78.287731, 38.292856], [-78.287969, 38.292978], [-78.288229, 38.293088], [-78.288239, 38.293115], [-78.288212, 38.293193], [-78.2881, 38.293339], [-78.287959, 38.293545], [-78.28793, 38.293591], [-78.287912, 38.293623], [-78.287793, 38.29383], [-78.287753, 38.293894], [-78.287607, 38.294126], [-78.287409, 38.294426], [-78.287385, 38.294465], [-78.287352, 38.294511], [-78.287291, 38.294584], [-78.287216, 38.294695], [-78.28712, 38.294824], [-78.287029, 38.294937], [-78.286981, 38.294989], [-78.28677, 38.295212], [-78.286721, 38.295257], [-78.286674, 38.295296], [-78.286604, 38.295336], [-78.286516, 38.295359], [-78.286424, 38.295355], [-78.286337, 38.295329], [-78.286267, 38.295289], [-78.28621, 38.295244], [-78.286099, 38.295151], [-78.285973, 38.295037], [-78.285933, 38.295001], [-78.285854, 38.294928], [-78.285756, 38.294833], [-78.285659, 38.294742], [-78.285615, 38.294697], [-78.28558, 38.294657], [-78.285515, 38.294576], [-78.285485, 38.294529], [-78.285466, 38.294487], [-78.285452, 38.29444], [-78.285448, 38.294379], [-78.285452, 38.294347], [-78.285419, 38.294341], [-78.285662, 38.293791], [-78.285879, 38.293301], [-78.2859, 38.293253], [-78.285974, 38.293086], [-78.286351, 38.292233], [-78.286389, 38.292148], [-78.2864, 38.292123]]]}}, {"type": "Feature", "properties": {"field_id": "H28", "acreage": 10.32, "farm": "Home", "client": "Cedar Springs"}, "geometry": {"type": "Polygon", "coordinates": [[[-78.307063, 38.292027], [-78.307038, 38.29208], [-78.307009, 38.292097], [-78.306907, 38.292124], [-78.306693, 38.29207], [-78.306435, 38.291978], [-78.306231, 38.29189], [-78.306119, 38.291817], [-78.305947, 38.291686], [-78.305805, 38.291554], [-78.305641, 38.291421], [-78.305531, 38.291329], [-78.305417, 38.291265], [-78.305307, 38.29118], [-78.30512, 38.291133], [-78.30484, 38.291081], [-78.304622, 38.291023], [-78.30439, 38.290965], [-78.304232, 38.290946], [-78.304165, 38.290938], [-78.304, 38.290977], [-78.303698, 38.291073], [-78.3036, 38.291099], [-78.303431, 38.291106], [-78.303246, 38.291093], [-78.303115, 38.291075], [-78.303036, 38.291063], [-78.302964, 38.291029], [-78.302864, 38.290969], [-78.30259, 38.290818], [-78.302214, 38.290662], [-78.302007, 38.290584], [-78.301725, 38.290485], [-78.301641, 38.290447], [-78.301595, 38.290417], [-78.301584, 38.290374], [-78.301578, 38.290327], [-78.301591, 38.290272], [-78.301623, 38.290183], [-78.301778, 38.289928], [-78.301932, 38.289723], [-78.302081, 38.289598], [-78.302174, 38.289526], [-78.302277, 38.289491], [-78.302395, 38.28947], [-78.302452, 38.289461], [-78.302565, 38.289469], [-78.302788, 38.289513], [-78.303013, 38.289594], [-78.303276, 38.289655], [-78.30351, 38.289727], [-78.303928, 38.289968], [-78.305966, 38.291242], [-78.306711, 38.291723], [-78.307031, 38.291976], [-78.307063, 38.292027]]]}}, {"type": "Feature", "properties": {"field_id": "H29", "acreage": 34.79, "farm": "Home", "client": "Cedar Springs"}, "geometry": {"type": "Polygon", "coordinates": [[[-78.307332, 38.294127], [-78.307238, 38.294323], [-78.306093, 38.295742], [-78.306072, 38.295765], [-78.305601, 38.296306], [-78.305395, 38.296485], [-78.305319, 38.296539], [-78.30516, 38.296592], [-78.304982, 38.296643], [-78.304703, 38.296655], [-78.304334, 38.29662], [-78.30407, 38.29659], [-78.303993, 38.296577], [-78.303295, 38.296548], [-78.303103, 38.296558], [-78.302685, 38.296544], [-78.302416, 38.296478], [-78.302227, 38.296398], [-78.301966, 38.296245], [-78.301867, 38.296188], [-78.301761, 38.296127], [-78.301598, 38.296051], [-78.301409, 38.295958], [-78.301313, 38.295911], [-78.301173, 38.295753], [-78.301003, 38.295407], [-78.300901, 38.295238], [-78.300759, 38.295023], [-78.300644, 38.294893], [-78.300262, 38.294551], [-78.30001, 38.294329], [-78.299703, 38.294025], [-78.299588, 38.293861], [-78.29955, 38.293784], [-78.299558, 38.293684], [-78.299601, 38.293521], [-78.299607, 38.293497], [-78.299642, 38.29339], [-78.299919, 38.292952], [-78.300058, 38.292764], [-78.30013, 38.292695], [-78.300163, 38.292685], [-78.30022, 38.292674], [-78.300347, 38.292679], [-78.300813, 38.29281], [-78.301042, 38.293007], [-78.301141, 38.293176], [-78.301143, 38.293222], [-78.301193, 38.293506], [-78.301387, 38.293656], [-78.301844, 38.29395], [-78.302641, 38.294447], [-78.303, 38.294619], [-78.303073, 38.294641], [-78.303212, 38.294642], [-78.303516, 38.294597], [-78.303768, 38.294535], [-78.303942, 38.294511], [-78.304211, 38.294432], [-78.304656, 38.294358], [-78.305473, 38.294271], [-78.305674, 38.294236], [-78.305928, 38.294155], [-78.306474, 38.294039], [-78.306957, 38.293943], [-78.30713, 38.293926], [-78.307265, 38.29395], [-78.307323, 38.294022], [-78.307338, 38.294099], [-78.307332, 38.294127]]]}}, {"type": "Feature", "properties": {"field_id": "H30", "acreage": 10.61, "farm": "Home", "client": "Cedar Springs"}, "geometry": {"type": "Polygon", "coordinates": [[[-78.309493, 38.295441], [-78.309484, 38.295483], [-78.309473, 38.295528], [-78.309454, 38.295597], [-78.309404, 38.29572], [-78.309345, 38.295896], [-78.309288, 38.296055], [-78.309234, 38.296176], [-78.309178, 38.296274], [-78.309107, 38.296411], [-78.309029, 38.296572], [-78.308971, 38.296691], [-78.308907, 38.29681], [-78.308831, 38.296938], [-78.308751, 38.297092], [-78.308694, 38.297242], [-78.308618, 38.2974], [-78.308574, 38.2975], [-78.30855, 38.297584], [-78.308525, 38.297672], [-78.308509, 38.297752], [-78.30845, 38.297789], [-78.308157, 38.297774], [-78.308056, 38.297753], [-78.307854, 38.297749], [-78.307794, 38.297748], [-78.307441, 38.297742], [-78.307298, 38.297737], [-78.306972, 38.297727], [-78.306716, 38.297715], [-78.3065, 38.297704], [-78.306141, 38.297671], [-78.305985, 38.297635], [-78.305822, 38.29759], [-78.30572, 38.29754], [-78.305681, 38.297481], [-78.305661, 38.297425], [-78.305658, 38.29737], [-78.305671, 38.29732], [-78.305705, 38.297276], [-78.305806, 38.297232], [-78.305908, 38.297215], [-78.306016, 38.297209], [-78.306173, 38.297195], [-78.306316, 38.297147], [-78.306504, 38.297017], [-78.306743, 38.296748], [-78.30686, 38.296591], [-78.307051, 38.296368], [-78.307242, 38.296167], [-78.307286, 38.296124], [-78.307565, 38.295829], [-78.307626, 38.29578], [-78.307665, 38.295769], [-78.30773, 38.295771], [-78.307789, 38.295777], [-78.307845, 38.2958], [-78.307891, 38.295827], [-78.307938, 38.295861], [-78.307967, 38.295889], [-78.307993, 38.295906], [-78.308074, 38.295943], [-78.308381, 38.295959], [-78.308842, 38.295969], [-78.308861, 38.295966], [-78.308942, 38.295916], [-78.308997, 38.295823], [-78.309061, 38.295696], [-78.309138, 38.295541], [-78.309196, 38.295471], [-78.309224, 38.295449], [-78.309259, 38.295433], [-78.309316, 38.295432], [-78.309493, 38.295441]]]}}, {"type": "Feature", "properties": {"field_id": "H40", "acreage": 9.38, "farm": "Home", "client": "Cedar Springs"}, "geometry": {"type": "Polygon", "coordinates": [[[-78.289335, 38.294185], [-78.289412, 38.294145], [-78.289491, 38.294132], [-78.289552, 38.294129], [-78.289619, 38.294131], [-78.289805, 38.294147], [-78.289868, 38.294151], [-78.290042, 38.294159], [-78.2901, 38.29416], [-78.290157, 38.294157], [-78.290222, 38.294151], [-78.290428, 38.294131], [-78.290487, 38.294122], [-78.290545, 38.29411], [-78.290609, 38.294091], [-78.290671, 38.294071], [-78.290794, 38.294028], [-78.290846, 38.294007], [-78.290901, 38.293983], [-78.291014, 38.29393], [-78.291065, 38.293908], [-78.291136, 38.293883], [-78.291225, 38.293882], [-78.291319, 38.293922], [-78.291363, 38.293974], [-78.291385, 38.294038], [-78.291389, 38.294094], [-78.291393, 38.294223], [-78.291394, 38.294257], [-78.291398, 38.294548], [-78.291396, 38.29461], [-78.291387, 38.294717], [-78.291372, 38.294782], [-78.291349, 38.294841], [-78.291281, 38.294952], [-78.291105, 38.29522], [-78.290961, 38.295426], [-78.290889, 38.295526], [-78.290824, 38.295622], [-78.290784, 38.295673], [-78.290707, 38.295767], [-78.290622, 38.295856], [-78.290575, 38.295901], [-78.290515, 38.295946], [-78.290445, 38.295982], [-78.290373, 38.296007], [-78.290245, 38.296048], [-78.290172, 38.296066], [-78.290095, 38.296081], [-78.29003, 38.296093], [-78.289947, 38.296103], [-78.289871, 38.296108], [-78.289802, 38.296109], [-78.289734, 38.296106], [-78.289665, 38.296098], [-78.289594, 38.296081], [-78.289524, 38.29605], [-78.289466, 38.296007], [-78.289423, 38.295958], [-78.289363, 38.295874], [-78.289238, 38.295684], [-78.289005, 38.29534], [-78.288974, 38.295289], [-78.288932, 38.295206], [-78.288915, 38.295158], [-78.288905, 38.2951], [-78.28891, 38.295036], [-78.288928, 38.294982], [-78.288987, 38.294848], [-78.289026, 38.294768], [-78.289246, 38.294275], [-78.289283, 38.294255], [-78.289287, 38.29425], [-78.289294, 38.294234], [-78.289335, 38.294185]]]}}, {"type": "Feature", "properties": {"field_id": "H1", "acreage": 34.95, "farm": "Home", "client": "Cedar Springs"}, "geometry": {"type": "Polygon", "coordinates": [[[-78.323205, 38.297957], [-78.323233, 38.297957], [-78.323371, 38.297992], [-78.323544, 38.298041], [-78.323715, 38.298103], [-78.323744, 38.298114], [-78.323961, 38.298193], [-78.324232, 38.298302], [-78.324443, 38.298386], [-78.324794, 38.298527], [-78.324948, 38.298589], [-78.325143, 38.298662], [-78.325511, 38.298799], [-78.325563, 38.298819], [-78.325624, 38.298842], [-78.325633, 38.298874], [-78.32562, 38.298905], [-78.325584, 38.298935], [-78.325444, 38.29905], [-78.32526, 38.299201], [-78.325139, 38.299272], [-78.324949, 38.299355], [-78.324836, 38.299398], [-78.324707, 38.299438], [-78.324506, 38.299482], [-78.32437, 38.299506], [-78.324215, 38.299516], [-78.324036, 38.299516], [-78.323948, 38.299512], [-78.323888, 38.299509], [-78.32386, 38.299508], [-78.323796, 38.29949], [-78.323793, 38.29949], [-78.323693, 38.299452], [-78.323652, 38.29943], [-78.323511, 38.299394], [-78.323314, 38.299342], [-78.323187, 38.299301], [-78.323057, 38.299259], [-78.322921, 38.299218], [-78.322858, 38.299198], [-78.322844, 38.299186], [-78.322835, 38.299173], [-78.322827, 38.299155], [-78.322819, 38.299136], [-78.322819, 38.299105], [-78.322829, 38.299066], [-78.322856, 38.298961], [-78.322919, 38.298709], [-78.323035, 38.298308], [-78.323094, 38.298089], [-78.323097, 38.298076], [-78.323098, 38.298072], [-78.323105, 38.298054], [-78.323119, 38.298015], [-78.323128, 38.297998], [-78.323154, 38.297973], [-78.323173, 38.297962], [-78.323205, 38.297957]], [[-78.322719, 38.300547], [-78.322747, 38.300408], [-78.322754, 38.300391], [-78.322761, 38.300374], [-78.322776, 38.300369], [-78.322805, 38.300371], [-78.323016, 38.300402], [-78.323057, 38.300407], [-78.323261, 38.300433], [-78.323366, 38.300439], [-78.323436, 38.300439], [-78.323481, 38.300425], [-78.323513, 38.300411], [-78.32354, 38.300393], [-78.323555, 38.300375], [-78.323589, 38.300323], [-78.323624, 38.300279], [-78.323654, 38.300265], [-78.323699, 38.300259], [-78.323717, 38.300256], [-78.323768, 38.300255], [-78.323797, 38.30026], [-78.324565, 38.30039], [-78.324622, 38.300392], [-78.324658, 38.30037], [-78.324691, 38.300335], [-78.324748, 38.300198], [-78.324833, 38.300005], [-78.324852, 38.299938], [-78.324856, 38.299903], [-78.324846, 38.299863], [-78.324837, 38.299843], [-78.324806, 38.299828], [-78.324779, 38.299818], [-78.324737, 38.299805], [-78.324627, 38.299793], [-78.324549, 38.299785], [-78.324312, 38.299776], [-78.324189, 38.299763], [-78.324089, 38.299741], [-78.324049, 38.299732], [-78.324014, 38.299716], [-78.324009, 38.299713], [-78.323979, 38.299683], [-78.323962, 38.299651], [-78.323964, 38.299632], [-78.323976, 38.299614], [-78.323998, 38.299581], [-78.324014, 38.299571], [-78.324039, 38.299559], [-78.324256, 38.299551], [-78.324385, 38.299544], [-78.324553, 38.299515], [-78.32475, 38.299471], [-78.324917, 38.299421], [-78.325059, 38.299365], [-78.325199, 38.299299], [-78.325364, 38.299191], [-78.32548, 38.299094], [-78.325541, 38.299038], [-78.325613, 38.298991], [-78.325707, 38.298947], [-78.325755, 38.298931], [-78.32578, 38.298925], [-78.325848, 38.298925], [-78.325902, 38.298946], [-78.326288, 38.29909], [-78.326826, 38.29929], [-78.326938, 38.299332], [-78.327338, 38.299496], [-78.327585, 38.299583], [-78.328022, 38.299738], [-78.328427, 38.299881], [-78.328427, 38.299882], [-78.328467, 38.299902], [-78.328483, 38.299922], [-78.328495, 38.299948], [-78.328499, 38.299989], [-78.328492, 38.300036], [-78.328415, 38.300214], [-78.328366, 38.300326], [-78.328366, 38.300326], [-78.328315, 38.300429], [-78.328256, 38.300549], [-78.328155, 38.300754], [-78.328117, 38.300818], [-78.327995, 38.301022], [-78.327929, 38.301133], [-78.327827, 38.301303], [-78.327762, 38.301431], [-78.327692, 38.301569], [-78.327601, 38.301732], [-78.327588, 38.301753], [-78.327379, 38.302126], [-78.327349, 38.302179], [-78.327152, 38.302527], [-78.327126, 38.302558], [-78.327101, 38.302565], [-78.327072, 38.302565], [-78.326292, 38.302485], [-78.326223, 38.302478], [-78.325865, 38.302426], [-78.325578, 38.302365], [-78.32527, 38.302308], [-78.325181, 38.302276], [-78.325171, 38.302272], [-78.325133, 38.302242], [-78.3251, 38.302213], [-78.325087, 38.302177], [-78.325077, 38.302116], [-78.325073, 38.302081], [-78.325053, 38.301926], [-78.325032, 38.301765], [-78.325021, 38.30168], [-78.325016, 38.301659], [-78.325008, 38.301641], [-78.324973, 38.301622], [-78.324919, 38.301604], [-78.324846, 38.301585], [-78.324754, 38.301564], [-78.324485, 38.301501], [-78.324033, 38.30138], [-78.323601, 38.301257], [-78.323567, 38.301247], [-78.32354, 38.30124], [-78.322994, 38.301081], [-78.322936, 38.301065], [-78.322746, 38.301003], [-78.322736, 38.300999], [-78.322716, 38.300992], [-78.322678, 38.300979], [-78.322667, 38.300975], [-78.322663, 38.300968], [-78.32266, 38.300963], [-78.322656, 38.300946], [-78.322657, 38.300846], [-78.322719, 38.300547]]]}}, {"type": "Feature", "properties": {"field_id": "H13", "acreage": 6.59, "farm": "Home", "client": "Cedar Springs"}, "geometry": {"type": "Polygon", "coordinates": [[[-78.313361, 38.301441], [-78.313462, 38.30132], [-78.313509, 38.30128], [-78.313582, 38.301203], [-78.31369, 38.30109], [-78.313858, 38.300966], [-78.313956, 38.300868], [-78.314082, 38.300733], [-78.314218, 38.300575], [-78.314307, 38.300447], [-78.31447, 38.300281], [-78.314582, 38.300208], [-78.314698, 38.300216], [-78.314716, 38.300217], [-78.314918, 38.300232], [-78.314921, 38.300233], [-78.315629, 38.300285], [-78.315641, 38.300286], [-78.316093, 38.300319], [-78.316105, 38.300415], [-78.316212, 38.300775], [-78.316306, 38.301088], [-78.316241, 38.301204], [-78.316078, 38.30135], [-78.315945, 38.30146], [-78.315845, 38.301505], [-78.315745, 38.301517], [-78.315707, 38.301522], [-78.315604, 38.301518], [-78.315403, 38.301512], [-78.3149, 38.301496], [-78.314181, 38.301459], [-78.31418, 38.301459], [-78.313731, 38.301455], [-78.31356, 38.301449], [-78.313361, 38.301441]]]}}, {"type": "Feature", "properties": {"field_id": "H14", "acreage": 9.81, "farm": "Home", "client": "Cedar Springs"}, "geometry": {"type": "Polygon", "coordinates": [[[-78.316059, 38.298772], [-78.316122, 38.299234], [-78.316129, 38.299383], [-78.316098, 38.299435], [-78.316045, 38.299493], [-78.31598, 38.299552], [-78.315715, 38.299659], [-78.315101, 38.299887], [-78.314775, 38.300077], [-78.314482, 38.3002], [-78.313692, 38.301021], [-78.313603, 38.301081], [-78.31354, 38.301145], [-78.313483, 38.30121], [-78.313425, 38.301282], [-78.313391, 38.301332], [-78.313372, 38.301383], [-78.313361, 38.301441], [-78.312512, 38.30143], [-78.312536, 38.301369], [-78.312592, 38.301319], [-78.312662, 38.301249], [-78.312706, 38.301173], [-78.312732, 38.3011], [-78.312747, 38.301002], [-78.312746, 38.300922], [-78.312716, 38.300851], [-78.312679, 38.300789], [-78.312627, 38.300697], [-78.312579, 38.300614], [-78.312555, 38.300563], [-78.312552, 38.300489], [-78.31256, 38.300403], [-78.312593, 38.300326], [-78.312648, 38.300259], [-78.312715, 38.300187], [-78.312799, 38.300125], [-78.312893, 38.300058], [-78.312992, 38.300006], [-78.313123, 38.299947], [-78.313263, 38.299889], [-78.313388, 38.299832], [-78.313534, 38.299782], [-78.313686, 38.299721], [-78.3138, 38.29967], [-78.313865, 38.299625], [-78.314039, 38.299506], [-78.314208, 38.299372], [-78.31438, 38.299227], [-78.314548, 38.299055], [-78.314658, 38.298961], [-78.314767, 38.298887], [-78.314879, 38.298817], [-78.314964, 38.298767], [-78.31509, 38.298735], [-78.315198, 38.298717], [-78.315322, 38.298711], [-78.31547, 38.298719], [-78.315661, 38.298719], [-78.315845, 38.298721], [-78.31593, 38.298718], [-78.315989, 38.298762], [-78.316059, 38.298772]]]}}, {"type": "Feature", "properties": {"field_id": "H15", "acreage": 16.17, "farm": "Home", "client": "Cedar Springs"}, "geometry": {"type": "Polygon", "coordinates": [[[-78.315789, 38.301612], [-78.315837, 38.301646], [-78.315875, 38.301695], [-78.315895, 38.301762], [-78.315887, 38.301818], [-78.315869, 38.301867], [-78.315842, 38.301918], [-78.315785, 38.302003], [-78.315758, 38.302042], [-78.31558, 38.302282], [-78.315457, 38.302443], [-78.315425, 38.302488], [-78.31537, 38.302567], [-78.315243, 38.302759], [-78.315209, 38.302806], [-78.315169, 38.302852], [-78.315124, 38.302892], [-78.315066, 38.302934], [-78.314999, 38.302968], [-78.314928, 38.302993], [-78.314866, 38.303011], [-78.314807, 38.303025], [-78.314749, 38.303038], [-78.314643, 38.303056], [-78.314512, 38.30307], [-78.314309, 38.303078], [-78.314147, 38.303079], [-78.313861, 38.303086], [-78.313537, 38.303089], [-78.313374, 38.303089], [-78.313302, 38.303079], [-78.313225, 38.303044], [-78.313201, 38.303027], [-78.31317, 38.303008], [-78.313129, 38.302985], [-78.313099, 38.302971], [-78.313065, 38.30296], [-78.313029, 38.302953], [-78.312995, 38.302953], [-78.312981, 38.302952], [-78.312958, 38.302959], [-78.312929, 38.302985], [-78.312903, 38.303018], [-78.312859, 38.303058], [-78.312802, 38.30309], [-78.312731, 38.303108], [-78.312671, 38.303112], [-78.312439, 38.303122], [-78.312341, 38.303128], [-78.312194, 38.303142], [-78.312001, 38.303165], [-78.311778, 38.303192], [-78.311619, 38.303208], [-78.311475, 38.303225], [-78.311334, 38.303241], [-78.311283, 38.303246], [-78.311241, 38.303251], [-78.311193, 38.303253], [-78.311193, 38.303253], [-78.311195, 38.303216], [-78.311202, 38.303168], [-78.311211, 38.303104], [-78.311211, 38.303101], [-78.311254, 38.30279], [-78.3113, 38.302459], [-78.311339, 38.302182], [-78.311347, 38.302126], [-78.311425, 38.301607], [-78.311428, 38.301543], [-78.31148, 38.301537], [-78.311532, 38.301535], [-78.311595, 38.301527], [-78.311691, 38.301518], [-78.312075, 38.301482], [-78.312285, 38.301453], [-78.312381, 38.301442], [-78.312512, 38.30143], [-78.313361, 38.301441], [-78.313474, 38.301474], [-78.313477, 38.301477], [-78.315181, 38.301547], [-78.315278, 38.301551], [-78.315387, 38.301556], [-78.315453, 38.301559], [-78.315514, 38.301564], [-78.315727, 38.301584], [-78.315789, 38.301612]]]}}, {"type": "Feature", "properties": {"field_id": "H19", "acreage": 36.09, "farm": "Home", "client": "Cedar Springs"}, "geometry": {"type": "Polygon", "coordinates": [[[-78.310469, 38.307425], [-78.310432, 38.30744], [-78.310361, 38.307437], [-78.310165, 38.307405], [-78.310003, 38.307383], [-78.309958, 38.307375], [-78.309914, 38.307369], [-78.30961, 38.307317], [-78.309356, 38.307268], [-78.309255, 38.307236], [-78.309213, 38.307193], [-78.309165, 38.307169], [-78.309114, 38.307154], [-78.309055, 38.307166], [-78.308946, 38.307174], [-78.308892, 38.307171], [-78.308789, 38.307155], [-78.308518, 38.307088], [-78.308083, 38.306968], [-78.307982, 38.306944], [-78.307933, 38.306936], [-78.307887, 38.30693], [-78.307837, 38.306927], [-78.307794, 38.306927], [-78.307759, 38.306929], [-78.307691, 38.306937], [-78.307667, 38.30694], [-78.30761, 38.306952], [-78.30752, 38.306963], [-78.307438, 38.306932], [-78.307406, 38.306896], [-78.307393, 38.306843], [-78.307405, 38.306798], [-78.30743, 38.306763], [-78.307449, 38.306741], [-78.30746, 38.306725], [-78.307529, 38.306606], [-78.307681, 38.306368], [-78.30783, 38.306117], [-78.307937, 38.305945], [-78.308071, 38.305731], [-78.308153, 38.305577], [-78.308183, 38.305517], [-78.308219, 38.305435], [-78.308233, 38.305397], [-78.308269, 38.305277], [-78.308313, 38.305105], [-78.30836, 38.30493], [-78.308391, 38.304807], [-78.308419, 38.304685], [-78.308464, 38.304513], [-78.308525, 38.304199], [-78.308525, 38.304199], [-78.308539, 38.30413], [-78.308573, 38.303968], [-78.308604, 38.303835], [-78.308624, 38.303741], [-78.308676, 38.303461], [-78.308694, 38.303355], [-78.308694, 38.30335], [-78.308696, 38.30334], [-78.308724, 38.303174], [-78.308762, 38.302989], [-78.308809, 38.302789], [-78.308868, 38.302575], [-78.308916, 38.302413], [-78.308936, 38.302335], [-78.308951, 38.302259], [-78.308961, 38.302184], [-78.308964, 38.302154], [-78.308965, 38.302108], [-78.30896, 38.302031], [-78.308954, 38.301965], [-78.308954, 38.301923], [-78.308963, 38.301878], [-78.309038, 38.301852], [-78.309159, 38.301837], [-78.309296, 38.301831], [-78.309434, 38.301818], [-78.309592, 38.301792], [-78.309822, 38.301741], [-78.310098, 38.301694], [-78.310165, 38.301679], [-78.310262, 38.301668], [-78.310355, 38.301655], [-78.310492, 38.301634], [-78.310646, 38.30162], [-78.310827, 38.301596], [-78.311046, 38.301578], [-78.311306, 38.301556], [-78.311428, 38.301543], [-78.311425, 38.301607], [-78.311339, 38.302182], [-78.311254, 38.30279], [-78.311211, 38.303104], [-78.311202, 38.303168], [-78.311195, 38.303216], [-78.311193, 38.303253], [-78.311177, 38.304005], [-78.311168, 38.304273], [-78.311162, 38.304414], [-78.311158, 38.304468], [-78.311136, 38.304704], [-78.311113, 38.304967], [-78.311089, 38.305232], [-78.311066, 38.30548], [-78.311064, 38.305504], [-78.311055, 38.305613], [-78.311013, 38.305856], [-78.31099, 38.305987], [-78.310974, 38.306083], [-78.310913, 38.306257], [-78.310792, 38.3066], [-78.310789, 38.306609], [-78.31069, 38.306892], [-78.310508, 38.307408], [-78.310469, 38.307425]]]}}, {"type": "Feature", "properties": {"field_id": "H3", "acreage": 25.32, "farm": "Home", "client": "Cedar Springs"}, "geometry": {"type": "Polygon", "coordinates": [[[-78.321643, 38.301995], [-78.32175, 38.302378], [-78.321769, 38.302545], [-78.321782, 38.302667], [-78.321762, 38.302795], [-78.321696, 38.302928], [-78.32155, 38.303132], [-78.321451, 38.303361], [-78.321436, 38.303454], [-78.321459, 38.303537], [-78.321488, 38.303602], [-78.321524, 38.303717], [-78.321574, 38.303814], [-78.321615, 38.303881], [-78.321676, 38.303975], [-78.321744, 38.304065], [-78.321782, 38.304144], [-78.321864, 38.304205], [-78.32189, 38.304204], [-78.321896, 38.304153], [-78.321846, 38.304068], [-78.321795, 38.303932], [-78.321707, 38.303744], [-78.321622, 38.303622], [-78.321566, 38.303489], [-78.321562, 38.303394], [-78.321595, 38.303277], [-78.321674, 38.303117], [-78.321788, 38.302952], [-78.321852, 38.302796], [-78.321892, 38.302577], [-78.321876, 38.302393], [-78.321829, 38.302206], [-78.3218, 38.302044], [-78.321907, 38.302075], [-78.322013, 38.3021], [-78.322092, 38.30211], [-78.322238, 38.302125], [-78.322324, 38.302101], [-78.322415, 38.302105], [-78.322537, 38.302126], [-78.322644, 38.302142], [-78.322738, 38.302161], [-78.322814, 38.30218], [-78.322934, 38.302191], [-78.323129, 38.302219], [-78.323242, 38.302237], [-78.323495, 38.302283], [-78.323676, 38.302332], [-78.323835, 38.302384], [-78.323861, 38.302416], [-78.323806, 38.302658], [-78.323632, 38.30312], [-78.323394, 38.30375], [-78.323323, 38.303956], [-78.323296, 38.304167], [-78.323285, 38.304255], [-78.323212, 38.304511], [-78.323126, 38.304616], [-78.323061, 38.304658], [-78.322869, 38.304711], [-78.322594, 38.304711], [-78.322306, 38.304712], [-78.321827, 38.304665], [-78.321548, 38.304659], [-78.32151, 38.304658], [-78.321373, 38.304655], [-78.320821, 38.304614], [-78.320025, 38.304591], [-78.319755, 38.304577], [-78.319606, 38.304593], [-78.319586, 38.304512], [-78.319584, 38.30447], [-78.319543, 38.304334], [-78.319535, 38.304244], [-78.31953, 38.304177], [-78.319527, 38.304148], [-78.319515, 38.304049], [-78.319433, 38.303357], [-78.319431, 38.303334], [-78.319381, 38.30291], [-78.3193, 38.302225], [-78.319295, 38.302183], [-78.319301, 38.301886], [-78.319263, 38.30181], [-78.319531, 38.301816], [-78.320453, 38.301871], [-78.320662, 38.301874], [-78.320862, 38.301882], [-78.321099, 38.301897], [-78.32133, 38.301917], [-78.321541, 38.301966], [-78.321643, 38.301995]]]}}, {"type": "Feature", "properties": {"field_id": "H31", "acreage": 26.9, "farm": "Home", "client": "Cedar Springs"}, "geometry": {"type": "Polygon", "coordinates": [[[-78.310569, 38.298965], [-78.310544, 38.298997], [-78.310404, 38.299262], [-78.309984, 38.299706], [-78.309839, 38.299892], [-78.309601, 38.300194], [-78.309547, 38.300425], [-78.309479, 38.300632], [-78.30933, 38.300784], [-78.308955, 38.301109], [-78.308761, 38.301224], [-78.308658, 38.300745], [-78.308508, 38.300497], [-78.308233, 38.300163], [-78.307984, 38.299948], [-78.307909, 38.299859], [-78.307825, 38.29976], [-78.307767, 38.299662], [-78.307777, 38.299512], [-78.307808, 38.299365], [-78.307877, 38.299209], [-78.307955, 38.299037], [-78.308032, 38.298888], [-78.308075, 38.298739], [-78.308128, 38.2985], [-78.308169, 38.298417], [-78.308262, 38.298227], [-78.308344, 38.298115], [-78.308346, 38.29809], [-78.308423, 38.298026], [-78.308495, 38.29795], [-78.308533, 38.297895], [-78.308571, 38.297749], [-78.308621, 38.297544], [-78.308785, 38.29716], [-78.308891, 38.29694], [-78.309031, 38.296714], [-78.309132, 38.296509], [-78.309394, 38.295974], [-78.30949, 38.295701], [-78.309535, 38.295443], [-78.309679, 38.295482], [-78.310029, 38.295579], [-78.310048, 38.295593], [-78.310176, 38.295684], [-78.310318, 38.295723], [-78.310512, 38.295793], [-78.310646, 38.295831], [-78.31067, 38.295838], [-78.310813, 38.295853], [-78.310924, 38.29591], [-78.311041, 38.296008], [-78.311246, 38.297431], [-78.311238, 38.297558], [-78.311237, 38.297571], [-78.311227, 38.297746], [-78.31118, 38.297995], [-78.311109, 38.298274], [-78.311014, 38.298594], [-78.310926, 38.298729], [-78.310694, 38.29886], [-78.310569, 38.298965]]]}}, {"type": "Feature", "properties": {"field_id": "H32", "acreage": 19.66, "farm": "Home", "client": "Cedar Springs"}, "geometry": {"type": "Polygon", "coordinates": [[[-78.31402, 38.299399], [-78.313862, 38.299521], [-78.313716, 38.29961], [-78.313522, 38.2997], [-78.313377, 38.29975], [-78.31305, 38.299894], [-78.313049, 38.299895], [-78.312876, 38.299989], [-78.312746, 38.300063], [-78.312579, 38.300204], [-78.312525, 38.300277], [-78.312491, 38.300338], [-78.312483, 38.300391], [-78.312474, 38.30049], [-78.312477, 38.300535], [-78.312492, 38.300593], [-78.312524, 38.300668], [-78.312541, 38.300694], [-78.312624, 38.30083], [-78.312657, 38.300907], [-78.312662, 38.300947], [-78.312656, 38.301027], [-78.312635, 38.301116], [-78.312601, 38.301173], [-78.31255, 38.301233], [-78.312466, 38.301299], [-78.312386, 38.301348], [-78.312346, 38.301364], [-78.312246, 38.30139], [-78.312175, 38.301403], [-78.311961, 38.301428], [-78.311945, 38.30143], [-78.311606, 38.301451], [-78.311496, 38.301453], [-78.311441, 38.301454], [-78.311417, 38.301444], [-78.311404, 38.301432], [-78.311386, 38.301382], [-78.311381, 38.301341], [-78.311381, 38.301266], [-78.311391, 38.301193], [-78.311422, 38.301102], [-78.311461, 38.301016], [-78.311467, 38.300916], [-78.311458, 38.300816], [-78.311425, 38.300694], [-78.311396, 38.300628], [-78.311313, 38.300518], [-78.311252, 38.300451], [-78.311125, 38.300256], [-78.311102, 38.300174], [-78.31109, 38.300008], [-78.311107, 38.299888], [-78.311147, 38.299671], [-78.311162, 38.299506], [-78.311165, 38.299408], [-78.311152, 38.299333], [-78.311144, 38.299324], [-78.311131, 38.299301], [-78.311125, 38.299274], [-78.311129, 38.299248], [-78.311145, 38.29923], [-78.311176, 38.299203], [-78.311612, 38.299019], [-78.311669, 38.299012], [-78.311702, 38.299011], [-78.311755, 38.299008], [-78.311805, 38.299008], [-78.311835, 38.299005], [-78.311866, 38.298994], [-78.311888, 38.298973], [-78.31191, 38.298939], [-78.311933, 38.298903], [-78.311964, 38.298868], [-78.312331, 38.298692], [-78.312376, 38.298677], [-78.312384, 38.298675], [-78.312439, 38.298672], [-78.312519, 38.298674], [-78.312584, 38.298683], [-78.313043, 38.29876], [-78.313091, 38.298787], [-78.313591, 38.299069], [-78.31402, 38.299399]], [[-78.311114, 38.299454], [-78.311065, 38.299659], [-78.311037, 38.299853], [-78.311021, 38.299969], [-78.311017, 38.300089], [-78.311031, 38.300216], [-78.311082, 38.300334], [-78.311146, 38.300422], [-78.311258, 38.30055], [-78.311323, 38.300637], [-78.311373, 38.300737], [-78.311393, 38.30085], [-78.31139, 38.300945], [-78.311356, 38.301047], [-78.311329, 38.301102], [-78.311301, 38.301175], [-78.311297, 38.301255], [-78.311301, 38.301308], [-78.311305, 38.301348], [-78.311311, 38.301389], [-78.311329, 38.301449], [-78.311325, 38.301466], [-78.311304, 38.301476], [-78.311024, 38.301521], [-78.310738, 38.301549], [-78.310283, 38.301604], [-78.30996, 38.301652], [-78.309769, 38.301689], [-78.30976, 38.301691], [-78.309574, 38.301728], [-78.309474, 38.301749], [-78.309415, 38.301757], [-78.309203, 38.301782], [-78.30912, 38.301783], [-78.309053, 38.301775], [-78.309013, 38.301761], [-78.308927, 38.301718], [-78.308895, 38.301693], [-78.308872, 38.301664], [-78.308862, 38.301637], [-78.308864, 38.301593], [-78.308881, 38.301473], [-78.308943, 38.301266], [-78.308966, 38.301218], [-78.309036, 38.301118], [-78.309199, 38.300957], [-78.309359, 38.300816], [-78.309513, 38.300696], [-78.309556, 38.300646], [-78.309613, 38.300494], [-78.309687, 38.300281], [-78.309742, 38.30019], [-78.309827, 38.300087], [-78.309895, 38.299999], [-78.309927, 38.299963], [-78.310147, 38.299736], [-78.310242, 38.299661], [-78.31042, 38.299571], [-78.310633, 38.299459], [-78.31086, 38.299355], [-78.310943, 38.299319], [-78.311023, 38.2993], [-78.31106, 38.299301], [-78.311094, 38.299334], [-78.311108, 38.299375], [-78.311115, 38.299411], [-78.311114, 38.299454]]]}}, {"type": "Feature", "properties": {"field_id": "H33", "acreage": 63.61, "farm": "Home", "client": "Cedar Springs"}, "geometry": {"type": "Polygon", "coordinates": [[[-78.324855, 38.293319], [-78.324705, 38.294313], [-78.324642, 38.294733], [-78.324612, 38.294904], [-78.324603, 38.29495], [-78.324568, 38.29512], [-78.324549, 38.295239], [-78.324547, 38.295266], [-78.32455, 38.295282], [-78.324559, 38.295302], [-78.324562, 38.295305], [-78.324583, 38.295314], [-78.324728, 38.295324], [-78.324791, 38.295332], [-78.32484, 38.295337], [-78.324892, 38.295344], [-78.324953, 38.29535], [-78.325, 38.295353], [-78.325156, 38.295354], [-78.325208, 38.295356], [-78.325317, 38.295365], [-78.325691, 38.295391], [-78.325731, 38.295396], [-78.325781, 38.295399], [-78.325807, 38.295401], [-78.325985, 38.295415], [-78.326074, 38.295419], [-78.326136, 38.295425], [-78.326185, 38.295433], [-78.326239, 38.295446], [-78.326289, 38.295462], [-78.326345, 38.295494], [-78.326383, 38.295532], [-78.326413, 38.295581], [-78.32642, 38.295608], [-78.326412, 38.29567], [-78.326309, 38.295921], [-78.32603, 38.296519], [-78.325759, 38.297061], [-78.325758, 38.297062], [-78.325725, 38.297082], [-78.325687, 38.297089], [-78.325628, 38.297084], [-78.325555, 38.297055], [-78.325469, 38.29698], [-78.325339, 38.296863], [-78.32524, 38.296777], [-78.325177, 38.296732], [-78.325095, 38.296701], [-78.325038, 38.29668], [-78.324952, 38.29666], [-78.324875, 38.296649], [-78.324397, 38.296606], [-78.324329, 38.296601], [-78.324121, 38.296586], [-78.32403, 38.296583], [-78.324006, 38.296582], [-78.323995, 38.296587], [-78.323988, 38.296602], [-78.323841, 38.296926], [-78.323758, 38.29711], [-78.323745, 38.297152], [-78.323676, 38.297347], [-78.323592, 38.297586], [-78.323549, 38.297688], [-78.323529, 38.297719], [-78.323516, 38.297733], [-78.323468, 38.297765], [-78.3234, 38.29779], [-78.32334, 38.297799], [-78.323279, 38.297801], [-78.323219, 38.297797], [-78.323106, 38.297781], [-78.322985, 38.297768], [-78.322861, 38.29776], [-78.322802, 38.297758], [-78.322677, 38.297756], [-78.322356, 38.297759], [-78.321988, 38.297771], [-78.321873, 38.297773], [-78.321823, 38.297772], [-78.321809, 38.297771], [-78.321751, 38.297767], [-78.321687, 38.297754], [-78.321618, 38.29772], [-78.321575, 38.297675], [-78.32155, 38.297613], [-78.321542, 38.297515], [-78.321557, 38.297473], [-78.321627, 38.297366], [-78.321633, 38.297362], [-78.321728, 38.2973], [-78.32182, 38.297249], [-78.321938, 38.297155], [-78.321968, 38.297116], [-78.322092, 38.296902], [-78.322185, 38.296747], [-78.322195, 38.296722], [-78.322212, 38.296679], [-78.32222, 38.296639], [-78.322221, 38.296601], [-78.322215, 38.296564], [-78.322192, 38.296524], [-78.322155, 38.296499], [-78.32214, 38.296494], [-78.321964, 38.296434], [-78.321942, 38.296426], [-78.321807, 38.296396], [-78.321691, 38.296362], [-78.321584, 38.296311], [-78.321558, 38.296288], [-78.321553, 38.296281], [-78.321532, 38.296246], [-78.321534, 38.296203], [-78.321535, 38.296163], [-78.32152, 38.296126], [-78.321499, 38.296101], [-78.321459, 38.296077], [-78.321288, 38.296033], [-78.321023, 38.295961], [-78.32077, 38.295887], [-78.320532, 38.295817], [-78.320524, 38.295812], [-78.320518, 38.295801], [-78.320515, 38.295786], [-78.320523, 38.295737], [-78.320532, 38.295698], [-78.320575, 38.295377], [-78.320583, 38.29519], [-78.320582, 38.295177], [-78.320579, 38.295156], [-78.320558, 38.295063], [-78.32055, 38.295008], [-78.320549, 38.294956], [-78.320552, 38.294902], [-78.320561, 38.29485], [-78.320571, 38.294804], [-78.320572, 38.294799], [-78.320623, 38.294617], [-78.320641, 38.294529], [-78.320649, 38.294489], [-78.320653, 38.294452], [-78.320654, 38.294414], [-78.320663, 38.294342], [-78.320659, 38.294311], [-78.320643, 38.294268], [-78.320603, 38.294206], [-78.320544, 38.294168], [-78.320458, 38.294145], [-78.320418, 38.29414], [-78.320388, 38.294136], [-78.320321, 38.294152], [-78.320296, 38.294162], [-78.320269, 38.294172], [-78.320233, 38.29417], [-78.320208, 38.294159], [-78.320192, 38.294147], [-78.320186, 38.294128], [-78.320187, 38.294108], [-78.32019, 38.294045], [-78.32021, 38.293936], [-78.320225, 38.293883], [-78.320233, 38.293857], [-78.320273, 38.293719], [-78.320283, 38.293685], [-78.320321, 38.293554], [-78.320408, 38.293254], [-78.320435, 38.293162], [-78.320517, 38.29289], [-78.32059, 38.292651], [-78.32061, 38.29232], [-78.320633, 38.291939], [-78.320648, 38.291697], [-78.320653, 38.291609], [-78.320656, 38.291553], [-78.320668, 38.291357], [-78.320701, 38.290984], [-78.320722, 38.290807], [-78.320733, 38.290777], [-78.320737, 38.290773], [-78.320766, 38.290762], [-78.320807, 38.290758], [-78.320858, 38.290758], [-78.321459, 38.290903], [-78.321561, 38.290928], [-78.321672, 38.29096], [-78.322542, 38.291165], [-78.323552, 38.291413], [-78.323743, 38.29146], [-78.32378, 38.291469], [-78.324729, 38.291707], [-78.324779, 38.291731], [-78.32482, 38.291758], [-78.324905, 38.291834], [-78.325015, 38.291961], [-78.325044, 38.292008], [-78.325055, 38.292061], [-78.325058, 38.292145], [-78.325054, 38.292189], [-78.325047, 38.292239], [-78.324871, 38.29323], [-78.324855, 38.293319]]]}}, {"type": "Feature", "properties": {"field_id": "H38", "acreage": 14.12, "farm": "Home", "client": "Cedar Springs"}, "geometry": {"type": "Polygon", "coordinates": [[[-78.329307, 38.298428], [-78.329128, 38.29886], [-78.329075, 38.298871], [-78.328951, 38.298856], [-78.328814, 38.298824], [-78.328683, 38.298776], [-78.328626, 38.298699], [-78.328562, 38.298624], [-78.328539, 38.298596], [-78.328349, 38.298105], [-78.327722, 38.296404], [-78.327581, 38.295841], [-78.327548, 38.2957], [-78.327544, 38.295617], [-78.327577, 38.295547], [-78.327622, 38.295519], [-78.327682, 38.295516], [-78.327775, 38.295524], [-78.327928, 38.295537], [-78.328151, 38.295544], [-78.328342, 38.295556], [-78.328722, 38.295568], [-78.328849, 38.295571], [-78.329138, 38.295592], [-78.329489, 38.295614], [-78.329565, 38.295616], [-78.329826, 38.29568], [-78.330012, 38.295711], [-78.330098, 38.295756], [-78.330199, 38.295797], [-78.330301, 38.295838], [-78.3304, 38.295892], [-78.330445, 38.295929], [-78.330452, 38.295995], [-78.330104, 38.296761], [-78.330102, 38.296766], [-78.329916, 38.297176], [-78.329661, 38.297701], [-78.329626, 38.297773], [-78.329307, 38.298428]]]}}, {"type": "Feature", "properties": {"field_id": "H4", "acreage": 12.2, "farm": "Home", "client": "Cedar Springs"}, "geometry": {"type": "Polygon", "coordinates": [[[-78.318138, 38.301766], [-78.31819, 38.301747], [-78.31828, 38.301742], [-78.318355, 38.301745], [-78.318749, 38.301769], [-78.319129, 38.301811], [-78.319263, 38.30181], [-78.319301, 38.301886], [-78.319295, 38.302183], [-78.319431, 38.303334], [-78.319433, 38.303357], [-78.319527, 38.304148], [-78.31953, 38.304177], [-78.319543, 38.304334], [-78.319584, 38.30447], [-78.319586, 38.304512], [-78.319606, 38.304593], [-78.319493, 38.304691], [-78.319338, 38.304716], [-78.318865, 38.304748], [-78.318685, 38.304726], [-78.318479, 38.304653], [-78.318364, 38.304592], [-78.317917, 38.304347], [-78.317716, 38.304157], [-78.317712, 38.304148], [-78.317631, 38.303983], [-78.317565, 38.303803], [-78.317527, 38.303623], [-78.317423, 38.303485], [-78.317313, 38.303375], [-78.317267, 38.303288], [-78.31727, 38.303202], [-78.317283, 38.303081], [-78.317333, 38.302954], [-78.317439, 38.302799], [-78.317468, 38.30277], [-78.317546, 38.302694], [-78.317577, 38.302644], [-78.317666, 38.302542], [-78.317758, 38.30242], [-78.317857, 38.302226], [-78.317921, 38.302038], [-78.318062, 38.301831], [-78.318108, 38.301789], [-78.318138, 38.301766]]]}}, {"type": "Feature", "properties": {"field_id": "H5", "acreage": 20.3, "farm": "Home", "client": "Cedar Springs"}, "geometry": {"type": "Polygon", "coordinates": [[[-78.317502, 38.312096], [-78.317484, 38.312093], [-78.317291, 38.312057], [-78.316704, 38.311946], [-78.316558, 38.311924], [-78.316268, 38.311866], [-78.316192, 38.311746], [-78.316314, 38.311147], [-78.316378, 38.310831], [-78.316378, 38.310828], [-78.31657, 38.309883], [-78.316747, 38.309005], [-78.316849, 38.308707], [-78.316907, 38.308622], [-78.317083, 38.308512], [-78.317097, 38.308376], [-78.31707, 38.308125], [-78.317115, 38.30789], [-78.317164, 38.307555], [-78.317167, 38.30751], [-78.317181, 38.307264], [-78.317187, 38.307163], [-78.31719, 38.30712], [-78.317201, 38.306928], [-78.317205, 38.306867], [-78.317205, 38.306859], [-78.317211, 38.306755], [-78.317146, 38.306318], [-78.317041, 38.305972], [-78.316925, 38.305655], [-78.316687, 38.304977], [-78.316657, 38.304902], [-78.316646, 38.304873], [-78.316446, 38.304371], [-78.316012, 38.303853], [-78.316313, 38.303648], [-78.316446, 38.303561], [-78.316638, 38.303472], [-78.316876, 38.303382], [-78.316976, 38.303341], [-78.317054, 38.303398], [-78.317141, 38.303473], [-78.317244, 38.303571], [-78.317338, 38.303652], [-78.31736, 38.303743], [-78.317419, 38.303869], [-78.317461, 38.303978], [-78.317476, 38.304096], [-78.317497, 38.304191], [-78.317514, 38.304246], [-78.317538, 38.304333], [-78.317556, 38.304399], [-78.31758, 38.304461], [-78.317645, 38.304554], [-78.317707, 38.304591], [-78.317796, 38.304614], [-78.317855, 38.304623], [-78.317961, 38.304651], [-78.318008, 38.30468], [-78.318028, 38.30472], [-78.318029, 38.304752], [-78.318022, 38.3048], [-78.318013, 38.304839], [-78.317907, 38.304883], [-78.317597, 38.304905], [-78.317316, 38.304913], [-78.317142, 38.304959], [-78.317136, 38.305102], [-78.317202, 38.305539], [-78.317356, 38.306044], [-78.317428, 38.306773], [-78.317448, 38.306975], [-78.317483, 38.307269], [-78.317609, 38.308045], [-78.317665, 38.308434], [-78.317788, 38.309177], [-78.317855, 38.309529], [-78.317856, 38.309537], [-78.31793, 38.309926], [-78.318131, 38.310562], [-78.318132, 38.310566], [-78.318247, 38.310927], [-78.3184, 38.311703], [-78.318365, 38.311903], [-78.318112, 38.312111], [-78.318036, 38.312168], [-78.317929, 38.312191], [-78.317766, 38.312162], [-78.317571, 38.312113], [-78.317566, 38.312111], [-78.317502, 38.312096]]]}}, {"type": "Feature", "properties": {"field_id": "H6", "acreage": 56.66, "farm": "Home", "client": "Cedar Springs"}, "geometry": {"type": "Polygon", "coordinates": [[[-78.316158, 38.304307], [-78.316356, 38.304612], [-78.316395, 38.304765], [-78.316396, 38.304769], [-78.316443, 38.30495], [-78.316642, 38.305455], [-78.316722, 38.305637], [-78.31686, 38.305954], [-78.31704, 38.306723], [-78.317083, 38.307053], [-78.316987, 38.307959], [-78.316986, 38.30797], [-78.316957, 38.308252], [-78.316914, 38.308436], [-78.316907, 38.308622], [-78.316849, 38.308707], [-78.316747, 38.309005], [-78.31657, 38.309883], [-78.316314, 38.311147], [-78.316192, 38.311746], [-78.316007, 38.311796], [-78.31554, 38.3117], [-78.315136, 38.311633], [-78.314925, 38.311592], [-78.314799, 38.311559], [-78.314603, 38.311519], [-78.314496, 38.311489], [-78.314446, 38.311456], [-78.314422, 38.311427], [-78.314399, 38.311377], [-78.314367, 38.311244], [-78.314347, 38.31106], [-78.314339, 38.310817], [-78.314285, 38.310318], [-78.314283, 38.310077], [-78.314304, 38.309845], [-78.314308, 38.309802], [-78.314313, 38.309673], [-78.314314, 38.309641], [-78.314294, 38.309606], [-78.314259, 38.309561], [-78.314206, 38.309486], [-78.314021, 38.309336], [-78.313603, 38.308907], [-78.31299, 38.308341], [-78.31252, 38.307918], [-78.312484, 38.307875], [-78.312447, 38.307837], [-78.31243, 38.307789], [-78.312395, 38.307486], [-78.312415, 38.307321], [-78.31244, 38.306952], [-78.312475, 38.306648], [-78.312565, 38.306447], [-78.312605, 38.30637], [-78.312996, 38.305891], [-78.313561, 38.305267], [-78.313941, 38.304839], [-78.314024, 38.304744], [-78.314576, 38.304448], [-78.315334, 38.304107], [-78.315442, 38.304096], [-78.315524, 38.304091], [-78.315565, 38.304079], [-78.315622, 38.304062], [-78.31568, 38.304049], [-78.315712, 38.304038], [-78.315753, 38.304021], [-78.315785, 38.304012], [-78.315814, 38.304009], [-78.315899, 38.304033], [-78.316158, 38.304307]]]}}, {"type": "Feature", "properties": {"field_id": "Jake", "acreage": 3.55, "farm": "Jake", "client": "Cedar Springs"}, "geometry": {"type": "Polygon", "coordinates": [[[-78.286232, 38.314401], [-78.286292, 38.314365], [-78.286386, 38.314343], [-78.286467, 38.314352], [-78.286551, 38.314399], [-78.286594, 38.314468], [-78.286602, 38.314568], [-78.286611, 38.314599], [-78.28663, 38.314635], [-78.286647, 38.31466], [-78.286671, 38.314681], [-78.286698, 38.314697], [-78.286728, 38.314709], [-78.286764, 38.314717], [-78.286806, 38.314719], [-78.286832, 38.314717], [-78.28687, 38.314706], [-78.286911, 38.314685], [-78.286949, 38.314657], [-78.287096, 38.314524], [-78.287158, 38.314478], [-78.287227, 38.314437], [-78.287316, 38.314409], [-78.28742, 38.314417], [-78.287511, 38.314479], [-78.287533, 38.314559], [-78.287517, 38.314622], [-78.287485, 38.314701], [-78.28732, 38.315048], [-78.287287, 38.3151], [-78.287253, 38.315147], [-78.287209, 38.315202], [-78.28713, 38.315289], [-78.287081, 38.315342], [-78.28703, 38.315389], [-78.286963, 38.315435], [-78.28685, 38.31554], [-78.28678, 38.315574], [-78.28672, 38.3156], [-78.286656, 38.315593], [-78.286621, 38.315573], [-78.286594, 38.315532], [-78.28659, 38.315532], [-78.286534, 38.315483], [-78.286439, 38.315474], [-78.286316, 38.315502], [-78.286246, 38.315513], [-78.286117, 38.315541], [-78.286032, 38.315556], [-78.285947, 38.315559], [-78.285859, 38.315545], [-78.28578, 38.315511], [-78.285716, 38.315458], [-78.285679, 38.315384], [-78.285673, 38.315307], [-78.285692, 38.315241], [-78.285749, 38.31513], [-78.285807, 38.315024], [-78.285839, 38.31497], [-78.285898, 38.314887], [-78.285954, 38.314826], [-78.285965, 38.314798], [-78.28599, 38.314754], [-78.286082, 38.314607], [-78.286122, 38.314534], [-78.28621, 38.314429], [-78.286232, 38.314401]]]}}, {"type": "Feature", "properties": {"field_id": "JA13", "acreage": 10.89, "farm": "James Aylor", "client": "Cedar Springs"}, "geometry": {"type": "Polygon", "coordinates": [[[-78.261564, 38.262493], [-78.261657, 38.262525], [-78.261718, 38.262571], [-78.261762, 38.262626], [-78.261791, 38.262678], [-78.261813, 38.262735], [-78.261832, 38.262789], [-78.261885, 38.262963], [-78.261907, 38.263024], [-78.261959, 38.263152], [-78.262007, 38.263291], [-78.262049, 38.263434], [-78.26213, 38.263736], [-78.262144, 38.263778], [-78.262192, 38.263886], [-78.262239, 38.264003], [-78.262261, 38.264071], [-78.262268, 38.264142], [-78.262241, 38.264217], [-78.262176, 38.264281], [-78.262088, 38.264316], [-78.262004, 38.26433], [-78.26192, 38.264334], [-78.261838, 38.264337], [-78.261668, 38.264338], [-78.261509, 38.264348], [-78.26143, 38.264349], [-78.261344, 38.264347], [-78.261268, 38.264339], [-78.261187, 38.264326], [-78.261101, 38.264307], [-78.261015, 38.264275], [-78.26094, 38.264238], [-78.260812, 38.264165], [-78.260755, 38.26414], [-78.260682, 38.264114], [-78.260612, 38.264097], [-78.260534, 38.264083], [-78.260462, 38.264076], [-78.260401, 38.264078], [-78.260331, 38.264089], [-78.260258, 38.264107], [-78.260181, 38.26413], [-78.26011, 38.264158], [-78.260037, 38.264192], [-78.259968, 38.264229], [-78.259894, 38.264273], [-78.25971, 38.264399], [-78.259643, 38.264441], [-78.259574, 38.264476], [-78.259507, 38.264505], [-78.259431, 38.264531], [-78.259223, 38.264579], [-78.259137, 38.264598], [-78.259053, 38.264608], [-78.258965, 38.264602], [-78.258884, 38.264577], [-78.258823, 38.264547], [-78.258766, 38.264508], [-78.258683, 38.264439], [-78.258515, 38.264324], [-78.258459, 38.264278], [-78.258413, 38.264204], [-78.25842, 38.264115], [-78.258468, 38.264052], [-78.258524, 38.264006], [-78.258601, 38.263948], [-78.258681, 38.263889], [-78.258745, 38.263845], [-78.258792, 38.263799], [-78.258915, 38.263705], [-78.258978, 38.26366], [-78.259199, 38.263515], [-78.259227, 38.263498], [-78.26008, 38.263064], [-78.260692, 38.262799], [-78.261477, 38.262492], [-78.261564, 38.262493]]]}}, {"type": "Feature", "properties": {"field_id": "JA14", "acreage": 3.13, "farm": "James Aylor", "client": "Cedar Springs"}, "geometry": {"type": "Polygon", "coordinates": [[[-78.264121, 38.263805], [-78.264014, 38.263843], [-78.263937, 38.263843], [-78.26387, 38.26383], [-78.263836, 38.263817], [-78.263787, 38.263772], [-78.263744, 38.263706], [-78.263729, 38.263588], [-78.263743, 38.263529], [-78.263789, 38.263463], [-78.263818, 38.263395], [-78.26385, 38.263274], [-78.263847, 38.263205], [-78.263829, 38.263117], [-78.263809, 38.263073], [-78.263705, 38.262945], [-78.263642, 38.262878], [-78.263587, 38.262806], [-78.263539, 38.262717], [-78.263532, 38.262679], [-78.263395, 38.261878], [-78.263354, 38.261453], [-78.263345, 38.261391], [-78.263314, 38.261307], [-78.26322, 38.261186], [-78.263175, 38.261128], [-78.263137, 38.261051], [-78.263038, 38.26064], [-78.263053, 38.260606], [-78.263137, 38.260553], [-78.263231, 38.260549], [-78.263282, 38.260573], [-78.263718, 38.261774], [-78.264133, 38.262577], [-78.264156, 38.262712], [-78.264162, 38.262771], [-78.264166, 38.262833], [-78.264173, 38.262873], [-78.264185, 38.262986], [-78.264222, 38.263485], [-78.264229, 38.263549], [-78.26423, 38.263616], [-78.264219, 38.263682], [-78.264182, 38.263752], [-78.264121, 38.263805]]]}}, {"type": "Feature", "properties": {"field_id": "JA2", "acreage": 8.38, "farm": "James Aylor", "client": "Cedar Springs"}, "geometry": {"type": "Polygon", "coordinates": [[[-78.267032, 38.26612], [-78.267018, 38.266193], [-78.266981, 38.266257], [-78.266976, 38.266266], [-78.266924, 38.266321], [-78.266875, 38.266363], [-78.266709, 38.266499], [-78.2667, 38.266508], [-78.26669, 38.266514], [-78.266686, 38.26652], [-78.266644, 38.266554], [-78.266597, 38.266588], [-78.266533, 38.266617], [-78.266479, 38.266623], [-78.266431, 38.266628], [-78.266332, 38.2666], [-78.266321, 38.266592], [-78.266273, 38.266556], [-78.266188, 38.266468], [-78.265949, 38.266193], [-78.265926, 38.266165], [-78.265775, 38.265982], [-78.264994, 38.265032], [-78.264895, 38.264914], [-78.264803, 38.264802], [-78.264751, 38.264737], [-78.264627, 38.264592], [-78.264451, 38.264403], [-78.264399, 38.264345], [-78.264358, 38.264263], [-78.26434, 38.264192], [-78.264317, 38.264058], [-78.264275, 38.263559], [-78.264239, 38.263134], [-78.264241, 38.263116], [-78.264253, 38.263104], [-78.264273, 38.263082], [-78.264299, 38.263055], [-78.264398, 38.263029], [-78.264504, 38.263057], [-78.264531, 38.263081], [-78.264586, 38.263145], [-78.265546, 38.264272], [-78.26559, 38.264323], [-78.265678, 38.264428], [-78.265859, 38.264646], [-78.265884, 38.264676], [-78.265973, 38.264786], [-78.266037, 38.264861], [-78.266332, 38.265194], [-78.2665, 38.265389], [-78.266618, 38.265531], [-78.266979, 38.265973], [-78.267005, 38.266019], [-78.267018, 38.266042], [-78.267032, 38.26612]]]}}, {"type": "Feature", "properties": {"field_id": "JA4", "acreage": 39.64, "farm": "James Aylor", "client": "Cedar Springs"}, "geometry": {"type": "Polygon", "coordinates": [[[-78.265866, 38.258196], [-78.266065, 38.258205], [-78.266146, 38.258216], [-78.266213, 38.258244], [-78.266249, 38.258306], [-78.266299, 38.258554], [-78.266332, 38.25872], [-78.266339, 38.25882], [-78.266329, 38.258875], [-78.266304, 38.258905], [-78.266112, 38.259056], [-78.266023, 38.259119], [-78.265898, 38.259253], [-78.265853, 38.259314], [-78.26582, 38.259394], [-78.265805, 38.259474], [-78.265812, 38.259831], [-78.265807, 38.260069], [-78.265782, 38.260256], [-78.265804, 38.260395], [-78.265837, 38.260492], [-78.265855, 38.260525], [-78.266009, 38.26084], [-78.26607, 38.261027], [-78.266187, 38.261414], [-78.266231, 38.261564], [-78.266309, 38.261703], [-78.266402, 38.26183], [-78.266441, 38.261914], [-78.266434, 38.261986], [-78.266402, 38.262045], [-78.266348, 38.262073], [-78.266208, 38.262119], [-78.266129, 38.262144], [-78.266089, 38.262172], [-78.266045, 38.262234], [-78.266018, 38.262369], [-78.265995, 38.262481], [-78.265982, 38.262604], [-78.265976, 38.262663], [-78.26599, 38.26273], [-78.266039, 38.2628], [-78.266239, 38.262973], [-78.266374, 38.263134], [-78.266456, 38.263222], [-78.266817, 38.263522], [-78.267172, 38.263738], [-78.267386, 38.263824], [-78.267529, 38.263882], [-78.267595, 38.263923], [-78.267742, 38.264051], [-78.268082, 38.264311], [-78.268151, 38.264339], [-78.268213, 38.264356], [-78.268296, 38.264346], [-78.268419, 38.264332], [-78.268501, 38.264338], [-78.268556, 38.26436], [-78.268613, 38.264405], [-78.269094, 38.264933], [-78.269119, 38.264958], [-78.269212, 38.265051], [-78.269303, 38.265209], [-78.269299, 38.265231], [-78.269286, 38.265244], [-78.269234, 38.265259], [-78.269152, 38.265255], [-78.268683, 38.265134], [-78.268582, 38.265115], [-78.268476, 38.265123], [-78.268398, 38.26514], [-78.268329, 38.265175], [-78.26828, 38.265209], [-78.267285, 38.265995], [-78.26718, 38.266042], [-78.267148, 38.266038], [-78.267111, 38.26601], [-78.266355, 38.265129], [-78.265522, 38.264098], [-78.264148, 38.262472], [-78.264041, 38.262276], [-78.263971, 38.26214], [-78.263935, 38.262068], [-78.263901, 38.261993], [-78.263869, 38.261919], [-78.263671, 38.261242], [-78.263657, 38.261193], [-78.263656, 38.261192], [-78.263635, 38.261117], [-78.263182, 38.25957], [-78.263191, 38.25949], [-78.26322, 38.259411], [-78.263262, 38.259341], [-78.263318, 38.259272], [-78.263376, 38.259212], [-78.263436, 38.259158], [-78.263497, 38.259106], [-78.263566, 38.259055], [-78.263616, 38.259027], [-78.264174, 38.258929], [-78.264393, 38.258856], [-78.26449, 38.258808], [-78.264963, 38.258553], [-78.265047, 38.258499], [-78.265083, 38.258456], [-78.265144, 38.258356], [-78.265209, 38.25825], [-78.265227, 38.258225], [-78.265264, 38.258194], [-78.265338, 38.258172], [-78.265866, 38.258196]]]}}, {"type": "Feature", "properties": {"field_id": "JA10", "acreage": 25.43, "farm": "James Aylor", "client": "Cedar Springs"}, "geometry": {"type": "Polygon", "coordinates": [[[-78.256217, 38.260661], [-78.256395, 38.260602], [-78.256645, 38.260516], [-78.256979, 38.260411], [-78.25716, 38.260355], [-78.257346, 38.260301], [-78.257529, 38.26025], [-78.257618, 38.260229], [-78.257709, 38.26021], [-78.257806, 38.260193], [-78.257907, 38.260179], [-78.258004, 38.26017], [-78.2581, 38.260164], [-78.258294, 38.260154], [-78.258366, 38.260148], [-78.258452, 38.260136], [-78.258527, 38.260117], [-78.25869, 38.260064], [-78.258777, 38.26004], [-78.258874, 38.260019], [-78.258956, 38.260009], [-78.258967, 38.260007], [-78.259075, 38.260005], [-78.259171, 38.260011], [-78.259268, 38.260018], [-78.259466, 38.260038], [-78.259553, 38.26004], [-78.259636, 38.260037], [-78.259718, 38.260024], [-78.259797, 38.260004], [-78.259871, 38.259976], [-78.259941, 38.259942], [-78.260012, 38.259901], [-78.260086, 38.259853], [-78.260161, 38.259798], [-78.260297, 38.259691], [-78.260565, 38.259495], [-78.260695, 38.259405], [-78.260772, 38.259354], [-78.260914, 38.259272], [-78.26096, 38.259249], [-78.260992, 38.259233], [-78.261072, 38.259197], [-78.261492, 38.25903], [-78.261752, 38.258934], [-78.26194, 38.258868], [-78.262038, 38.258838], [-78.262139, 38.258813], [-78.262233, 38.258793], [-78.262424, 38.25876], [-78.262508, 38.258747], [-78.262685, 38.258724], [-78.26278, 38.258718], [-78.262862, 38.258718], [-78.262956, 38.258724], [-78.263044, 38.25874], [-78.263132, 38.258763], [-78.263213, 38.258792], [-78.263288, 38.258826], [-78.263354, 38.258868], [-78.263417, 38.25893], [-78.263446, 38.259008], [-78.263428, 38.259089], [-78.263376, 38.259155], [-78.263267, 38.259247], [-78.263221, 38.259291], [-78.263183, 38.259337], [-78.263147, 38.259394], [-78.263123, 38.25945], [-78.263107, 38.259511], [-78.263102, 38.259579], [-78.263109, 38.259645], [-78.263125, 38.259718], [-78.26323, 38.26008], [-78.263247, 38.260159], [-78.263254, 38.26023], [-78.263242, 38.260306], [-78.2632, 38.260377], [-78.26312, 38.260434], [-78.263049, 38.260459], [-78.262988, 38.260478], [-78.262927, 38.260501], [-78.262875, 38.260527], [-78.262824, 38.260557], [-78.262764, 38.2606], [-78.262714, 38.260641], [-78.262651, 38.260687], [-78.26259, 38.260728], [-78.262519, 38.26077], [-78.262443, 38.260809], [-78.262367, 38.260843], [-78.262287, 38.260872], [-78.262213, 38.260896], [-78.26213, 38.260921], [-78.261887, 38.260981], [-78.261533, 38.261066], [-78.261164, 38.261158], [-78.260594, 38.26129], [-78.260507, 38.26131], [-78.260418, 38.261326], [-78.260327, 38.261331], [-78.260222, 38.261321], [-78.260133, 38.261296], [-78.260051, 38.261258], [-78.259984, 38.261218], [-78.259918, 38.261174], [-78.259907, 38.261164], [-78.259855, 38.261126], [-78.259796, 38.261075], [-78.25974, 38.261021], [-78.259691, 38.260966], [-78.259658, 38.260925], [-78.259655, 38.260919], [-78.259647, 38.260912], [-78.259635, 38.260897], [-78.259629, 38.260894], [-78.259553, 38.260826], [-78.259532, 38.260804], [-78.259509, 38.260775], [-78.259491, 38.260754], [-78.259456, 38.260731], [-78.259441, 38.260726], [-78.259405, 38.260724], [-78.25935, 38.260729], [-78.259287, 38.26074], [-78.259138, 38.260773], [-78.258881, 38.260839], [-78.258784, 38.260866], [-78.258689, 38.260889], [-78.25822, 38.26099], [-78.257647, 38.261122], [-78.257577, 38.261136], [-78.257091, 38.261239], [-78.256653, 38.26134], [-78.256227, 38.26144], [-78.255613, 38.261575], [-78.255449, 38.261614], [-78.25537, 38.261634], [-78.255282, 38.261652], [-78.255194, 38.261664], [-78.255087, 38.261672], [-78.254977, 38.261657], [-78.25488, 38.261611], [-78.254812, 38.261543], [-78.2547, 38.261372], [-78.254661, 38.26131], [-78.254628, 38.261235], [-78.254619, 38.261151], [-78.254643, 38.261069], [-78.254703, 38.260993], [-78.254778, 38.260937], [-78.254861, 38.260895], [-78.254945, 38.260864], [-78.255032, 38.260839], [-78.255211, 38.260798], [-78.255304, 38.260779], [-78.255409, 38.260763], [-78.255521, 38.260756], [-78.255715, 38.260751], [-78.255806, 38.260746], [-78.255895, 38.260739], [-78.255976, 38.260727], [-78.256055, 38.260709], [-78.256132, 38.260688], [-78.256217, 38.260661]]]}}, {"type": "Feature", "properties": {"field_id": "L1", "acreage": 8.44, "farm": "Laneway", "client": "Cedar Springs"}, "geometry": {"type": "Polygon", "coordinates": [[[-78.340676, 38.293268], [-78.340829, 38.293067], [-78.34092, 38.292907], [-78.341085, 38.292597], [-78.341237, 38.292437], [-78.341417, 38.292253], [-78.341463, 38.29218], [-78.341523, 38.292065], [-78.341562, 38.29196], [-78.341592, 38.291863], [-78.341634, 38.291789], [-78.341723, 38.291684], [-78.341831, 38.291618], [-78.341921, 38.291525], [-78.341981, 38.291456], [-78.342013, 38.291355], [-78.342065, 38.29121], [-78.342185, 38.290992], [-78.342215, 38.290899], [-78.342231, 38.290847], [-78.342217, 38.290691], [-78.342208, 38.29051], [-78.342192, 38.290436], [-78.342188, 38.290375], [-78.342177, 38.290335], [-78.34217, 38.290298], [-78.342172, 38.290235], [-78.342189, 38.290173], [-78.342299, 38.289829], [-78.342407, 38.289537], [-78.342434, 38.289447], [-78.342442, 38.289393], [-78.342447, 38.289347], [-78.342463, 38.289288], [-78.342484, 38.289239], [-78.342532, 38.289179], [-78.342653, 38.28904], [-78.342762, 38.288888], [-78.342835, 38.28875], [-78.342975, 38.288521], [-78.343076, 38.288347], [-78.343193, 38.288236], [-78.343303, 38.288113], [-78.343396, 38.287999], [-78.343446, 38.28791], [-78.343461, 38.28784], [-78.343461, 38.28775], [-78.343463, 38.287685], [-78.343451, 38.287578], [-78.343443, 38.287486], [-78.343417, 38.287382], [-78.343396, 38.287245], [-78.343386, 38.287194], [-78.343385, 38.287158], [-78.34339, 38.287112], [-78.343389, 38.287055], [-78.343342, 38.286938], [-78.343309, 38.28685], [-78.343251, 38.286622], [-78.343166, 38.286424], [-78.343137, 38.286349], [-78.343138, 38.286292], [-78.343174, 38.286137], [-78.343253, 38.285944], [-78.343295, 38.285838], [-78.34329, 38.285769], [-78.343351, 38.285632], [-78.343425, 38.28544], [-78.343436, 38.285355], [-78.343439, 38.28531], [-78.343497, 38.285259], [-78.343532, 38.285238], [-78.343563, 38.285228], [-78.343597, 38.285227], [-78.343632, 38.285236], [-78.343669, 38.285248], [-78.343695, 38.285267], [-78.343703, 38.285326], [-78.343702, 38.285386], [-78.343688, 38.285462], [-78.343644, 38.285536], [-78.343604, 38.285608], [-78.343549, 38.285721], [-78.343516, 38.285823], [-78.343504, 38.285895], [-78.343506, 38.285959], [-78.343519, 38.28601], [-78.343547, 38.286072], [-78.343673, 38.286256], [-78.343698, 38.286326], [-78.34369, 38.286419], [-78.343658, 38.286513], [-78.343586, 38.286652], [-78.343545, 38.286738], [-78.343501, 38.286802], [-78.343465, 38.286846], [-78.343457, 38.286879], [-78.343497, 38.286925], [-78.343551, 38.28694], [-78.343626, 38.286958], [-78.343714, 38.286984], [-78.343775, 38.287008], [-78.343829, 38.287031], [-78.343863, 38.287056], [-78.343879, 38.287087], [-78.343886, 38.28714], [-78.343866, 38.287209], [-78.34388, 38.287243], [-78.343898, 38.287265], [-78.34391, 38.287299], [-78.343912, 38.287351], [-78.343909, 38.287438], [-78.343842, 38.287664], [-78.343756, 38.287972], [-78.343571, 38.288522], [-78.343455, 38.288775], [-78.343315, 38.288929], [-78.343166, 38.289082], [-78.342957, 38.2893], [-78.342882, 38.289365], [-78.342834, 38.289402], [-78.342781, 38.289431], [-78.342739, 38.289466], [-78.342633, 38.289567], [-78.342579, 38.28964], [-78.342546, 38.289721], [-78.342517, 38.28981], [-78.342509, 38.289865], [-78.342507, 38.289905], [-78.342522, 38.289953], [-78.342553, 38.290001], [-78.342596, 38.290048], [-78.342632, 38.290093], [-78.342655, 38.29012], [-78.34268, 38.29014], [-78.342744, 38.290203], [-78.342781, 38.290263], [-78.342794, 38.290304], [-78.342804, 38.290356], [-78.342799, 38.290419], [-78.34274, 38.290512], [-78.342664, 38.290598], [-78.342579, 38.290718], [-78.342531, 38.290808], [-78.342488, 38.290878], [-78.342457, 38.290985], [-78.342363, 38.291188], [-78.342247, 38.291398], [-78.342137, 38.291573], [-78.342054, 38.291691], [-78.341973, 38.291815], [-78.341857, 38.292029], [-78.341786, 38.292135], [-78.341705, 38.29227], [-78.341553, 38.292489], [-78.341272, 38.292838], [-78.341172, 38.292985], [-78.341001, 38.293189], [-78.340897, 38.29329], [-78.340835, 38.293408], [-78.340818, 38.293536], [-78.340852, 38.293661], [-78.340929, 38.293824], [-78.340954, 38.293939], [-78.340958, 38.294102], [-78.340899, 38.294253], [-78.340846, 38.294321], [-78.340799, 38.294353], [-78.340743, 38.294364], [-78.340676, 38.294365], [-78.340619, 38.294345], [-78.340535, 38.2943], [-78.340308, 38.294177], [-78.340244, 38.294133], [-78.340219, 38.294099], [-78.340199, 38.294065], [-78.340195, 38.29401], [-78.340202, 38.293971], [-78.340241, 38.293933], [-78.340294, 38.293901], [-78.34034, 38.293883], [-78.340384, 38.293851], [-78.340428, 38.293824], [-78.340461, 38.293796], [-78.340494, 38.293751], [-78.340514, 38.293692], [-78.340552, 38.293487], [-78.340592, 38.293381], [-78.340676, 38.293268]]]}}, {"type": "Feature", "properties": {"field_id": "L13", "acreage": 0.63, "farm": "Laneway", "client": "Cedar Springs"}, "geometry": {"type": "Polygon", "coordinates": [[[-78.343791, 38.282247], [-78.343682, 38.28224], [-78.343576, 38.282226], [-78.343484, 38.282208], [-78.343383, 38.282172], [-78.343341, 38.282133], [-78.343351, 38.282083], [-78.34337, 38.28203], [-78.343386, 38.281984], [-78.343423, 38.281938], [-78.343455, 38.281896], [-78.343482, 38.281843], [-78.343483, 38.281802], [-78.343487, 38.281755], [-78.343512, 38.281699], [-78.343527, 38.281634], [-78.343564, 38.28159], [-78.343607, 38.281584], [-78.343646, 38.281583], [-78.343718, 38.281586], [-78.343782, 38.281587], [-78.343816, 38.281607], [-78.343812, 38.281652], [-78.343809, 38.281719], [-78.343812, 38.281776], [-78.343827, 38.281847], [-78.343848, 38.281895], [-78.343885, 38.281996], [-78.343902, 38.282093], [-78.343889, 38.282146], [-78.343856, 38.282207], [-78.343791, 38.282247]]]}}, {"type": "Feature", "properties": {"field_id": "L14", "acreage": 21.84, "farm": "Laneway", "client": "Cedar Springs"}, "geometry": {"type": "Polygon", "coordinates": [[[-78.335438, 38.286781], [-78.335023, 38.287361], [-78.334706, 38.287817], [-78.3345, 38.288138], [-78.334285, 38.288522], [-78.334098, 38.288843], [-78.333695, 38.289531], [-78.333545, 38.28965], [-78.333539, 38.289814], [-78.333468, 38.289954], [-78.332884, 38.291101], [-78.332789, 38.291291], [-78.332542, 38.291787], [-78.332218, 38.291695], [-78.332048, 38.291647], [-78.331939, 38.29157], [-78.33188, 38.291528], [-78.331775, 38.291397], [-78.331638, 38.290944], [-78.331623, 38.290883], [-78.3315, 38.290372], [-78.331267, 38.289412], [-78.331343, 38.289328], [-78.331475, 38.288959], [-78.331471, 38.288816], [-78.331577, 38.288632], [-78.333081, 38.287675], [-78.333779, 38.28723], [-78.335005, 38.286481], [-78.335079, 38.28648], [-78.335481, 38.286671], [-78.335482, 38.28672], [-78.335438, 38.286781]]]}}, {"type": "Feature", "properties": {"field_id": "L15", "acreage": 8.88, "farm": "Laneway", "client": "Cedar Springs"}, "geometry": {"type": "Polygon", "coordinates": [[[-78.333751, 38.287045], [-78.333683, 38.287055], [-78.333618, 38.287055], [-78.33359, 38.28705], [-78.333551, 38.287036], [-78.333501, 38.287007], [-78.33346, 38.28696], [-78.333448, 38.286913], [-78.333439, 38.286867], [-78.333454, 38.286817], [-78.333509, 38.28676], [-78.33355, 38.286717], [-78.333688, 38.286596], [-78.333792, 38.286501], [-78.333835, 38.286458], [-78.33386, 38.286422], [-78.33387, 38.286395], [-78.336353, 38.284191], [-78.336909, 38.284549], [-78.336946, 38.284569], [-78.337001, 38.284609], [-78.337044, 38.284656], [-78.337073, 38.28472], [-78.337073, 38.284785], [-78.337059, 38.284838], [-78.337033, 38.284883], [-78.336462, 38.285561], [-78.336161, 38.285918], [-78.336103, 38.285988], [-78.335953, 38.286162], [-78.335919, 38.286205], [-78.335693, 38.28647], [-78.335539, 38.286652], [-78.335518, 38.286672], [-78.335481, 38.286671], [-78.335079, 38.28648], [-78.334917, 38.286414], [-78.334844, 38.28641], [-78.334797, 38.28642], [-78.334578, 38.286529], [-78.334283, 38.28671], [-78.333812, 38.287021], [-78.333751, 38.287045]]]}}, {"type": "Feature", "properties": {"field_id": "L16", "acreage": 28.82, "farm": "Laneway", "client": "Cedar Springs"}, "geometry": {"type": "Polygon", "coordinates": [[[-78.335354, 38.28172], [-78.335433, 38.281595], [-78.335481, 38.281526], [-78.335548, 38.281462], [-78.33563, 38.281408], [-78.33578, 38.281335], [-78.33584, 38.281301], [-78.335881, 38.281268], [-78.335924, 38.281223], [-78.335955, 38.281177], [-78.336008, 38.281057], [-78.33605, 38.280987], [-78.336102, 38.280925], [-78.336179, 38.280867], [-78.33626, 38.28083], [-78.336332, 38.280809], [-78.336454, 38.280789], [-78.336485, 38.280782], [-78.336515, 38.280771], [-78.33656, 38.280749], [-78.336608, 38.280721], [-78.336653, 38.280692], [-78.336696, 38.280655], [-78.336744, 38.280607], [-78.336787, 38.280553], [-78.336825, 38.280493], [-78.336858, 38.280434], [-78.3369, 38.280375], [-78.336939, 38.280322], [-78.337055, 38.28018], [-78.33709, 38.280131], [-78.337124, 38.280078], [-78.337154, 38.280026], [-78.337177, 38.279972], [-78.337243, 38.279804], [-78.337282, 38.279736], [-78.337348, 38.279684], [-78.337441, 38.279657], [-78.337525, 38.279662], [-78.337603, 38.279689], [-78.337655, 38.27972], [-78.337815, 38.279836], [-78.337873, 38.279875], [-78.337935, 38.279915], [-78.337994, 38.279945], [-78.338051, 38.279965], [-78.338116, 38.279978], [-78.338177, 38.279981], [-78.338247, 38.279973], [-78.338317, 38.279958], [-78.33839, 38.279935], [-78.338551, 38.279873], [-78.33864, 38.279845], [-78.338732, 38.279829], [-78.338824, 38.279826], [-78.338901, 38.279829], [-78.338983, 38.279839], [-78.339136, 38.279864], [-78.339214, 38.27988], [-78.339287, 38.279898], [-78.339305, 38.2799], [-78.339321, 38.279905], [-78.339354, 38.279913], [-78.339363, 38.279917], [-78.339374, 38.279918], [-78.339434, 38.279932], [-78.339519, 38.279957], [-78.339595, 38.279995], [-78.339658, 38.280042], [-78.339707, 38.280092], [-78.339743, 38.28014], [-78.339779, 38.280193], [-78.339812, 38.280251], [-78.339843, 38.280314], [-78.339869, 38.280377], [-78.339887, 38.280461], [-78.339883, 38.280528], [-78.339864, 38.280591], [-78.339839, 38.280645], [-78.339813, 38.280693], [-78.339767, 38.280784], [-78.339608, 38.281113], [-78.339545, 38.281226], [-78.339509, 38.281282], [-78.339469, 38.281342], [-78.339417, 38.281408], [-78.339352, 38.281467], [-78.339273, 38.281516], [-78.339216, 38.281547], [-78.339158, 38.281579], [-78.339115, 38.281613], [-78.33907, 38.281657], [-78.339036, 38.281701], [-78.339003, 38.281755], [-78.338978, 38.281809], [-78.338956, 38.281869], [-78.338938, 38.281929], [-78.338909, 38.28204], [-78.338873, 38.282162], [-78.338855, 38.28222], [-78.338831, 38.282286], [-78.338804, 38.282348], [-78.338775, 38.282408], [-78.338742, 38.282468], [-78.338705, 38.282527], [-78.338666, 38.282586], [-78.338501, 38.282817], [-78.33836, 38.282997], [-78.33829, 38.283093], [-78.338174, 38.283251], [-78.337977, 38.283504], [-78.337927, 38.283572], [-78.33789, 38.283629], [-78.337849, 38.283703], [-78.337824, 38.283752], [-78.337758, 38.283865], [-78.337662, 38.283981], [-78.337616, 38.284025], [-78.337571, 38.284069], [-78.337522, 38.284094], [-78.337458, 38.284109], [-78.337415, 38.284106], [-78.337334, 38.284094], [-78.337132, 38.284011], [-78.336897, 38.283904], [-78.336759, 38.283824], [-78.336666, 38.283758], [-78.336561, 38.283652], [-78.336467, 38.283564], [-78.335757, 38.282913], [-78.335292, 38.2824], [-78.335262, 38.282359], [-78.335166, 38.282225], [-78.335122, 38.282133], [-78.335119, 38.282073], [-78.335094, 38.282001], [-78.335126, 38.281996], [-78.335194, 38.281956], [-78.335354, 38.28172]]]}}, {"type": "Feature", "properties": {"field_id": "L19", "acreage": 23.17, "farm": "Laneway", "client": "Cedar Springs"}, "geometry": {"type": "Polygon", "coordinates": [[[-78.333263, 38.286237], [-78.333152, 38.286213], [-78.333074, 38.286186], [-78.332969, 38.286136], [-78.332878, 38.286068], [-78.332828, 38.286019], [-78.332811, 38.285996], [-78.332733, 38.285884], [-78.332692, 38.285816], [-78.332656, 38.285748], [-78.332625, 38.285682], [-78.332597, 38.285608], [-78.332579, 38.285536], [-78.332569, 38.285458], [-78.33257, 38.285443], [-78.332573, 38.28538], [-78.33259, 38.285246], [-78.3326, 38.285181], [-78.332634, 38.285041], [-78.332649, 38.284965], [-78.332659, 38.284891], [-78.332685, 38.284668], [-78.332686, 38.284662], [-78.332699, 38.284632], [-78.332746, 38.284599], [-78.332792, 38.284591], [-78.332852, 38.284595], [-78.332882, 38.284599], [-78.332946, 38.284609], [-78.333015, 38.284639], [-78.33302, 38.284649], [-78.33303, 38.28466], [-78.333037, 38.284665], [-78.333049, 38.284672], [-78.333059, 38.284675], [-78.333081, 38.284678], [-78.333144, 38.284672], [-78.333206, 38.284658], [-78.333288, 38.284637], [-78.333383, 38.284618], [-78.333488, 38.284617], [-78.333578, 38.28463], [-78.333637, 38.284643], [-78.333648, 38.284643], [-78.33366, 38.284641], [-78.333697, 38.284624], [-78.333722, 38.284616], [-78.333734, 38.284602], [-78.333746, 38.284492], [-78.333751, 38.28443], [-78.333747, 38.284371], [-78.333732, 38.284299], [-78.333689, 38.284165], [-78.333673, 38.284085], [-78.333684, 38.284006], [-78.333718, 38.283937], [-78.3338, 38.283837], [-78.333828, 38.28379], [-78.333853, 38.283731], [-78.333864, 38.283676], [-78.333867, 38.283614], [-78.333859, 38.283537], [-78.33385, 38.283479], [-78.333831, 38.283426], [-78.333798, 38.283377], [-78.333755, 38.283319], [-78.33371, 38.283254], [-78.333673, 38.283179], [-78.333658, 38.2831], [-78.333658, 38.283024], [-78.333673, 38.282892], [-78.333689, 38.282813], [-78.333713, 38.282739], [-78.333745, 38.282669], [-78.333785, 38.282598], [-78.33382, 38.282542], [-78.333933, 38.282386], [-78.333963, 38.282338], [-78.334029, 38.28221], [-78.334061, 38.282141], [-78.334166, 38.281938], [-78.334202, 38.281877], [-78.334279, 38.281733], [-78.334325, 38.281671], [-78.334397, 38.281621], [-78.334463, 38.2816], [-78.334551, 38.281596], [-78.334614, 38.281619], [-78.334635, 38.28163], [-78.334698, 38.281679], [-78.334765, 38.281727], [-78.334829, 38.281781], [-78.3349, 38.28184], [-78.334951, 38.281882], [-78.335009, 38.281933], [-78.335094, 38.282001], [-78.335119, 38.282073], [-78.335122, 38.282133], [-78.335166, 38.282225], [-78.335292, 38.2824], [-78.335757, 38.282913], [-78.336561, 38.283652], [-78.336666, 38.283758], [-78.336759, 38.283824], [-78.336897, 38.283904], [-78.336852, 38.283914], [-78.336724, 38.283963], [-78.336518, 38.284072], [-78.336353, 38.284191], [-78.336178, 38.284346], [-78.336067, 38.284445], [-78.33387, 38.286395], [-78.333854, 38.286351], [-78.333828, 38.28633], [-78.333769, 38.286307], [-78.333637, 38.286288], [-78.333426, 38.286262], [-78.333263, 38.286237]]]}}, {"type": "Feature", "properties": {"field_id": "L2", "acreage": 18.15, "farm": "Laneway", "client": "Cedar Springs"}, "geometry": {"type": "Polygon", "coordinates": [[[-78.341682, 38.291654], [-78.341623, 38.291701], [-78.341608, 38.291715], [-78.341582, 38.29174], [-78.341554, 38.291772], [-78.341522, 38.291814], [-78.341499, 38.291855], [-78.341477, 38.291907], [-78.341469, 38.291937], [-78.341468, 38.291947], [-78.341465, 38.291952], [-78.341445, 38.292015], [-78.341403, 38.29212], [-78.341392, 38.292154], [-78.341383, 38.292173], [-78.34136, 38.292205], [-78.341299, 38.292277], [-78.341223, 38.292357], [-78.341168, 38.292384], [-78.341103, 38.292382], [-78.34106, 38.292351], [-78.34102, 38.292276], [-78.340967, 38.292159], [-78.340964, 38.292158], [-78.340878, 38.292023], [-78.340809, 38.291882], [-78.340783, 38.291793], [-78.340765, 38.291677], [-78.340773, 38.291581], [-78.340807, 38.291434], [-78.340881, 38.291143], [-78.340888, 38.291033], [-78.340873, 38.290921], [-78.340835, 38.290815], [-78.340818, 38.290766], [-78.340792, 38.290723], [-78.340769, 38.290693], [-78.34074, 38.29064], [-78.340734, 38.29057], [-78.340724, 38.290469], [-78.34072, 38.290374], [-78.340742, 38.290276], [-78.340776, 38.290222], [-78.340805, 38.290171], [-78.340803, 38.290124], [-78.340762, 38.290081], [-78.340727, 38.29004], [-78.34071, 38.289987], [-78.34068, 38.289759], [-78.340665, 38.289605], [-78.34068, 38.289494], [-78.340705, 38.28931], [-78.340749, 38.289153], [-78.340827, 38.289004], [-78.340934, 38.288871], [-78.341044, 38.288778], [-78.341148, 38.288735], [-78.341248, 38.288698], [-78.34136, 38.288659], [-78.34144, 38.288612], [-78.341534, 38.288499], [-78.341683, 38.288373], [-78.341775, 38.28826], [-78.341882, 38.288068], [-78.342007, 38.287946], [-78.34211, 38.28788], [-78.342156, 38.287822], [-78.342204, 38.287752], [-78.342232, 38.287684], [-78.342233, 38.287552], [-78.342252, 38.287426], [-78.342305, 38.287312], [-78.342374, 38.287142], [-78.342392, 38.286949], [-78.342432, 38.286774], [-78.342598, 38.286282], [-78.342626, 38.286207], [-78.342664, 38.286063], [-78.342803, 38.2859], [-78.342867, 38.28587], [-78.34294, 38.285826], [-78.342979, 38.285769], [-78.343005, 38.285713], [-78.343027, 38.285648], [-78.34303, 38.285522], [-78.343021, 38.285465], [-78.34302, 38.285358], [-78.343052, 38.285262], [-78.343117, 38.285199], [-78.343176, 38.285163], [-78.343238, 38.285152], [-78.343287, 38.28515], [-78.343341, 38.285175], [-78.34337, 38.285215], [-78.343399, 38.285257], [-78.343389, 38.285277], [-78.343375, 38.28533], [-78.343368, 38.285366], [-78.343358, 38.285392], [-78.343339, 38.285456], [-78.343327, 38.28549], [-78.343298, 38.285561], [-78.343253, 38.285681], [-78.343234, 38.28574], [-78.343224, 38.285763], [-78.343168, 38.285938], [-78.343169, 38.28595], [-78.343137, 38.286035], [-78.343107, 38.286129], [-78.343098, 38.286147], [-78.343085, 38.286193], [-78.343077, 38.286243], [-78.343073, 38.286285], [-78.343073, 38.286336], [-78.34308, 38.286385], [-78.34309, 38.286425], [-78.343105, 38.286472], [-78.343126, 38.286528], [-78.343131, 38.286535], [-78.343132, 38.286543], [-78.343137, 38.286551], [-78.343137, 38.286557], [-78.343171, 38.286645], [-78.343178, 38.28667], [-78.343182, 38.286675], [-78.343183, 38.286684], [-78.343211, 38.286769], [-78.343222, 38.286817], [-78.343246, 38.286902], [-78.343283, 38.287001], [-78.343282, 38.287006], [-78.343286, 38.287011], [-78.343287, 38.287022], [-78.343296, 38.287054], [-78.343306, 38.287112], [-78.343315, 38.287172], [-78.343348, 38.287478], [-78.343355, 38.287525], [-78.343366, 38.287574], [-78.343389, 38.287652], [-78.343403, 38.287727], [-78.343404, 38.28778], [-78.343394, 38.28784], [-78.343383, 38.287872], [-78.343361, 38.28792], [-78.343334, 38.287965], [-78.343301, 38.288013], [-78.343278, 38.288043], [-78.34325, 38.288076], [-78.343246, 38.288082], [-78.343195, 38.288136], [-78.343187, 38.288146], [-78.3431, 38.288232], [-78.343061, 38.288277], [-78.343024, 38.288326], [-78.34297, 38.28841], [-78.34294, 38.288458], [-78.342867, 38.288583], [-78.342804, 38.288683], [-78.342776, 38.288732], [-78.342762, 38.288764], [-78.342717, 38.288837], [-78.342685, 38.288881], [-78.342679, 38.288891], [-78.342674, 38.288896], [-78.342671, 38.288902], [-78.342625, 38.288959], [-78.342549, 38.289043], [-78.342477, 38.289128], [-78.342443, 38.289181], [-78.342418, 38.289232], [-78.342397, 38.289284], [-78.342382, 38.289339], [-78.342376, 38.289366], [-78.342374, 38.28937], [-78.342342, 38.289501], [-78.342332, 38.289535], [-78.34233, 38.289546], [-78.342328, 38.289549], [-78.342325, 38.289561], [-78.342292, 38.289664], [-78.342248, 38.289773], [-78.342235, 38.289811], [-78.342213, 38.28989], [-78.342208, 38.289905], [-78.342124, 38.290152], [-78.34211, 38.2902], [-78.3421, 38.290251], [-78.342095, 38.290306], [-78.342096, 38.290373], [-78.342099, 38.290405], [-78.342101, 38.29041], [-78.3421, 38.290421], [-78.342103, 38.290426], [-78.342103, 38.290437], [-78.342105, 38.290442], [-78.342105, 38.290453], [-78.342107, 38.290459], [-78.342115, 38.290544], [-78.342117, 38.290638], [-78.342128, 38.290737], [-78.342136, 38.290789], [-78.342138, 38.290871], [-78.342145, 38.290925], [-78.342142, 38.290941], [-78.342127, 38.290967], [-78.342097, 38.291015], [-78.34207, 38.291066], [-78.342024, 38.291175], [-78.341987, 38.291272], [-78.341979, 38.291296], [-78.341975, 38.291304], [-78.341974, 38.291312], [-78.341969, 38.29132], [-78.341969, 38.291324], [-78.341963, 38.291337], [-78.341961, 38.291347], [-78.341956, 38.291353], [-78.341956, 38.291359], [-78.34195, 38.29137], [-78.341931, 38.291418], [-78.341908, 38.291458], [-78.341888, 38.291488], [-78.341852, 38.291529], [-78.341821, 38.291558], [-78.341799, 38.291575], [-78.34178, 38.29159], [-78.341736, 38.291617], [-78.341682, 38.291654]]]}}, {"type": "Feature", "properties": {"field_id": "L20", "acreage": 14.93, "farm": "Laneway", "client": "Cedar Springs"}, "geometry": {"type": "Polygon", "coordinates": [[[-78.329683, 38.28753], [-78.330076, 38.28715], [-78.330594, 38.286591], [-78.330959, 38.286307], [-78.33165, 38.28573], [-78.331751, 38.285634], [-78.331814, 38.285615], [-78.331889, 38.285606], [-78.331968, 38.285611], [-78.332078, 38.285636], [-78.332183, 38.285681], [-78.33225, 38.285763], [-78.332358, 38.285879], [-78.33245, 38.28604], [-78.332554, 38.286257], [-78.332697, 38.286546], [-78.33274, 38.286619], [-78.332868, 38.286715], [-78.333016, 38.286842], [-78.333262, 38.287028], [-78.333387, 38.287078], [-78.333539, 38.287103], [-78.333696, 38.287284], [-78.333081, 38.287675], [-78.332152, 38.288266], [-78.331577, 38.288632], [-78.331321, 38.288433], [-78.331077, 38.288428], [-78.329683, 38.28753]]]}}, {"type": "Feature", "properties": {"field_id": "L21", "acreage": 25.0, "farm": "Laneway", "client": "Cedar Springs"}, "geometry": {"type": "Polygon", "coordinates": [[[-78.331502, 38.285812], [-78.330598, 38.286534], [-78.329986, 38.287177], [-78.329649, 38.287508], [-78.329214, 38.287262], [-78.328968, 38.287049], [-78.328872, 38.28694], [-78.329324, 38.286471], [-78.329632, 38.286242], [-78.330666, 38.285264], [-78.330076, 38.284848], [-78.329817, 38.284666], [-78.330327, 38.284134], [-78.330824, 38.28368], [-78.331223, 38.283261], [-78.331957, 38.28249], [-78.332728, 38.281743], [-78.333018, 38.281513], [-78.333266, 38.281433], [-78.33411, 38.280673], [-78.334295, 38.280813], [-78.334241, 38.281055], [-78.334168, 38.281325], [-78.334101, 38.281652], [-78.333842, 38.282033], [-78.333451, 38.28281], [-78.333077, 38.283596], [-78.332825, 38.284041], [-78.33262, 38.284186], [-78.332561, 38.284321], [-78.332495, 38.284641], [-78.332369, 38.284867], [-78.332069, 38.285125], [-78.331899, 38.285296], [-78.331759, 38.285534], [-78.331732, 38.285557], [-78.331624, 38.285695], [-78.331502, 38.285812]]]}}, {"type": "Feature", "properties": {"field_id": "L22", "acreage": 9.04, "farm": "Laneway", "client": "Cedar Springs"}, "geometry": {"type": "Polygon", "coordinates": [[[-78.348101, 38.281943], [-78.348078, 38.281982], [-78.348019, 38.282023], [-78.347995, 38.282034], [-78.347937, 38.282035], [-78.347893, 38.282003], [-78.347859, 38.281954], [-78.347755, 38.281814], [-78.347563, 38.28159], [-78.346938, 38.280994], [-78.346151, 38.28047], [-78.345934, 38.280346], [-78.345342, 38.280014], [-78.345218, 38.27997], [-78.345167, 38.279958], [-78.34499, 38.279939], [-78.344697, 38.27998], [-78.344625, 38.279991], [-78.344555, 38.279982], [-78.344514, 38.279955], [-78.344518, 38.279919], [-78.34455, 38.279884], [-78.344609, 38.279847], [-78.344937, 38.279693], [-78.345121, 38.279621], [-78.345418, 38.279512], [-78.345864, 38.279416], [-78.346016, 38.2794], [-78.346285, 38.279399], [-78.346539, 38.279398], [-78.346786, 38.279432], [-78.346894, 38.279456], [-78.346977, 38.279493], [-78.347372, 38.279698], [-78.34749, 38.279779], [-78.347584, 38.279853], [-78.347652, 38.279914], [-78.347698, 38.27996], [-78.347744, 38.280045], [-78.347765, 38.280128], [-78.347768, 38.280198], [-78.347788, 38.28032], [-78.347803, 38.280399], [-78.347826, 38.280462], [-78.347867, 38.28054], [-78.347938, 38.280634], [-78.347975, 38.280697], [-78.348027, 38.280847], [-78.348066, 38.28099], [-78.348123, 38.281279], [-78.348188, 38.281613], [-78.348184, 38.281716], [-78.348169, 38.281781], [-78.348101, 38.281943]]]}}, {"type": "Feature", "properties": {"field_id": "L23", "acreage": 28.46, "farm": "Laneway", "client": "Cedar Springs"}, "geometry": {"type": "Polygon", "coordinates": [[[-78.345628, 38.28414], [-78.345792, 38.28412], [-78.346159, 38.284076], [-78.346528, 38.284066], [-78.346903, 38.284069], [-78.3472, 38.284085], [-78.347455, 38.284101], [-78.347759, 38.28414], [-78.348062, 38.28416], [-78.348462, 38.284163], [-78.348648, 38.284148], [-78.348846, 38.284109], [-78.34899, 38.28409], [-78.349049, 38.284158], [-78.349125, 38.28429], [-78.349192, 38.284424], [-78.349231, 38.284542], [-78.349227, 38.284849], [-78.349158, 38.285123], [-78.349064, 38.285248], [-78.348835, 38.285443], [-78.348535, 38.285656], [-78.34837, 38.285768], [-78.34814, 38.2859], [-78.347919, 38.286005], [-78.347713, 38.286118], [-78.347552, 38.286249], [-78.347421, 38.286384], [-78.347254, 38.286621], [-78.347094, 38.28686], [-78.347033, 38.286991], [-78.346981, 38.287168], [-78.346915, 38.287347], [-78.346864, 38.28748], [-78.346805, 38.287585], [-78.346676, 38.287675], [-78.346613, 38.287711], [-78.346483, 38.287757], [-78.346399, 38.287772], [-78.346321, 38.287793], [-78.346234, 38.287841], [-78.346147, 38.287887], [-78.345995, 38.287951], [-78.345811, 38.288028], [-78.345693, 38.288071], [-78.345621, 38.28809], [-78.345519, 38.288104], [-78.345424, 38.2881], [-78.345356, 38.288077], [-78.345308, 38.288044], [-78.345279, 38.288003], [-78.345254, 38.28795], [-78.345226, 38.287887], [-78.345211, 38.287819], [-78.345195, 38.287756], [-78.345181, 38.287687], [-78.345166, 38.287621], [-78.345148, 38.287565], [-78.345114, 38.287476], [-78.345091, 38.28734], [-78.345001, 38.286957], [-78.344984, 38.286897], [-78.344972, 38.286832], [-78.344955, 38.286518], [-78.344961, 38.28646], [-78.344956, 38.286409], [-78.344953, 38.286345], [-78.344921, 38.286232], [-78.344859, 38.286149], [-78.344804, 38.286087], [-78.344553, 38.285936], [-78.344421, 38.285856], [-78.34435, 38.285762], [-78.344345, 38.28572], [-78.34438, 38.28568], [-78.344413, 38.28562], [-78.344425, 38.285522], [-78.344435, 38.28538], [-78.344408, 38.285305], [-78.344353, 38.28523], [-78.34428, 38.28518], [-78.3442, 38.285134], [-78.344164, 38.285094], [-78.344142, 38.285058], [-78.344129, 38.284996], [-78.344139, 38.284908], [-78.344159, 38.284851], [-78.344209, 38.284804], [-78.344277, 38.284771], [-78.344407, 38.284718], [-78.344575, 38.284668], [-78.344914, 38.284572], [-78.345071, 38.284539], [-78.34533, 38.284507], [-78.345549, 38.284484], [-78.345635, 38.284445], [-78.345661, 38.284417], [-78.345679, 38.284372], [-78.345652, 38.28425], [-78.345628, 38.28414]], [[-78.346877, 38.28554], [-78.346813, 38.285563], [-78.346764, 38.285576], [-78.346646, 38.285589], [-78.346555, 38.285591], [-78.346505, 38.285591], [-78.346446, 38.285586], [-78.346377, 38.285575], [-78.346362, 38.285575], [-78.346324, 38.285584], [-78.346323, 38.285612], [-78.346338, 38.285624], [-78.34635, 38.28564], [-78.346368, 38.285664], [-78.346388, 38.285695], [-78.3465, 38.285866], [-78.346516, 38.285884], [-78.346532, 38.285894], [-78.346547, 38.285899], [-78.346561, 38.285902], [-78.346588, 38.2859], [-78.346616, 38.285895], [-78.346659, 38.285882], [-78.346708, 38.285865], [-78.346745, 38.285847], [-78.346811, 38.285808], [-78.346939, 38.285727], [-78.346962, 38.285712], [-78.347023, 38.285671], [-78.347113, 38.285614], [-78.347247, 38.285532], [-78.347363, 38.285467], [-78.347389, 38.285447], [-78.347416, 38.28542], [-78.347436, 38.285396], [-78.347446, 38.285356], [-78.34745, 38.285327], [-78.34745, 38.285297], [-78.347442, 38.285229], [-78.347431, 38.285193], [-78.347419, 38.285167], [-78.347406, 38.285145], [-78.347365, 38.285142], [-78.347324, 38.285179], [-78.347278, 38.285206], [-78.347264, 38.285225], [-78.347247, 38.285312], [-78.347207, 38.285355], [-78.347174, 38.285386], [-78.347135, 38.285417], [-78.347097, 38.285443], [-78.34704, 38.285471], [-78.347005, 38.285484], [-78.346877, 38.28554]]]}}, {"type": "Feature", "properties": {"field_id": "L17", "acreage": 3.9, "farm": "Laneway", "client": "Cedar Springs"}, "geometry": {"type": "Polygon", "coordinates": [[[-78.335128, 38.277674], [-78.335194, 38.277647], [-78.33528, 38.277631], [-78.335364, 38.277629], [-78.335455, 38.277638], [-78.335539, 38.277658], [-78.33562, 38.277687], [-78.335695, 38.277729], [-78.33576, 38.277777], [-78.335815, 38.277828], [-78.335953, 38.277979], [-78.336097, 38.278133], [-78.336194, 38.278232], [-78.336242, 38.278276], [-78.336292, 38.27832], [-78.336344, 38.278361], [-78.336397, 38.278399], [-78.336456, 38.278437], [-78.336586, 38.278515], [-78.33665, 38.278555], [-78.336713, 38.278601], [-78.336769, 38.278656], [-78.336811, 38.278724], [-78.336829, 38.278802], [-78.336817, 38.278874], [-78.336792, 38.278936], [-78.336763, 38.278987], [-78.336724, 38.279043], [-78.336678, 38.279093], [-78.336581, 38.279141], [-78.336517, 38.27914], [-78.336506, 38.279144], [-78.336485, 38.279142], [-78.336474, 38.27914], [-78.336464, 38.27914], [-78.336379, 38.279133], [-78.336064, 38.278994], [-78.335818, 38.278884], [-78.335387, 38.278683], [-78.335128, 38.278565], [-78.335045, 38.278523], [-78.334962, 38.278469], [-78.334902, 38.278403], [-78.334867, 38.278327], [-78.334859, 38.278249], [-78.334873, 38.278176], [-78.334918, 38.278057], [-78.334947, 38.277938], [-78.334966, 38.277868], [-78.334997, 38.277797], [-78.335044, 38.277733], [-78.335112, 38.277681], [-78.335128, 38.277674]]]}}, {"type": "Feature", "properties": {"field_id": "L3", "acreage": 7.04, "farm": "Laneway", "client": "Cedar Springs"}, "geometry": {"type": "Polygon", "coordinates": [[[-78.340164, 38.293601], [-78.340079, 38.293685], [-78.339935, 38.293791], [-78.339889, 38.293816], [-78.339805, 38.293829], [-78.339732, 38.293824], [-78.33966, 38.29379], [-78.3396, 38.293736], [-78.339551, 38.293671], [-78.339507, 38.293611], [-78.339474, 38.293578], [-78.339438, 38.293541], [-78.339395, 38.293502], [-78.339343, 38.293425], [-78.339328, 38.293364], [-78.339316, 38.293248], [-78.339325, 38.29308], [-78.339349, 38.292767], [-78.339349, 38.292386], [-78.339355, 38.292048], [-78.339337, 38.291907], [-78.339339, 38.291739], [-78.339355, 38.291421], [-78.339371, 38.291277], [-78.339404, 38.291105], [-78.339446, 38.291019], [-78.339523, 38.290952], [-78.339636, 38.29089], [-78.339776, 38.290835], [-78.339876, 38.290803], [-78.339998, 38.290777], [-78.340107, 38.290772], [-78.340185, 38.290775], [-78.340244, 38.290795], [-78.340279, 38.290826], [-78.340302, 38.290858], [-78.340312, 38.290907], [-78.340294, 38.290949], [-78.34023, 38.291], [-78.340175, 38.291043], [-78.340133, 38.291094], [-78.340127, 38.291127], [-78.340126, 38.291165], [-78.340142, 38.291238], [-78.340145, 38.29136], [-78.34014, 38.291424], [-78.340124, 38.291474], [-78.34009, 38.291543], [-78.340071, 38.291652], [-78.340081, 38.291717], [-78.340113, 38.291777], [-78.340161, 38.291846], [-78.34025, 38.291921], [-78.340494, 38.292065], [-78.340646, 38.292176], [-78.340691, 38.292231], [-78.340718, 38.292284], [-78.340746, 38.292402], [-78.340739, 38.292594], [-78.340716, 38.292698], [-78.340691, 38.292776], [-78.340629, 38.292875], [-78.34045, 38.293129], [-78.340368, 38.293239], [-78.340246, 38.293483], [-78.340164, 38.293601]]]}}, {"type": "Feature", "properties": {"field_id": "L7", "acreage": 31.22, "farm": "Laneway", "client": "Cedar Springs"}, "geometry": {"type": "Polygon", "coordinates": [[[-78.34899, 38.28409], [-78.348846, 38.284109], [-78.348648, 38.284148], [-78.348462, 38.284163], [-78.348062, 38.28416], [-78.347871, 38.284147], [-78.347759, 38.28414], [-78.347455, 38.284101], [-78.3472, 38.284085], [-78.346903, 38.284069], [-78.346528, 38.284066], [-78.346159, 38.284076], [-78.346083, 38.284085], [-78.345792, 38.28412], [-78.345628, 38.28414], [-78.345389, 38.284155], [-78.345106, 38.284189], [-78.344689, 38.284313], [-78.34437, 38.284418], [-78.344247, 38.28444], [-78.344178, 38.284459], [-78.3441, 38.284464], [-78.34405, 38.284437], [-78.344021, 38.284387], [-78.344015, 38.28434], [-78.3441, 38.284213], [-78.344291, 38.283991], [-78.344366, 38.283904], [-78.344634, 38.283588], [-78.344713, 38.283467], [-78.344751, 38.283368], [-78.34476, 38.283244], [-78.344752, 38.283134], [-78.344742, 38.283041], [-78.344686, 38.282927], [-78.344493, 38.282676], [-78.344404, 38.28253], [-78.344308, 38.282341], [-78.344252, 38.282149], [-78.344182, 38.281872], [-78.344121, 38.281636], [-78.344087, 38.281256], [-78.34408, 38.281074], [-78.344103, 38.280801], [-78.344093, 38.28053], [-78.344086, 38.280384], [-78.344102, 38.280311], [-78.344117, 38.280261], [-78.344141, 38.280203], [-78.344188, 38.280171], [-78.344352, 38.280107], [-78.344478, 38.280073], [-78.344648, 38.280041], [-78.344779, 38.280043], [-78.344903, 38.280055], [-78.345016, 38.28009], [-78.345375, 38.28028], [-78.346066, 38.280611], [-78.346287, 38.280746], [-78.346531, 38.280895], [-78.346843, 38.28115], [-78.347319, 38.281567], [-78.347512, 38.281764], [-78.347647, 38.281905], [-78.347802, 38.282129], [-78.348012, 38.282476], [-78.348191, 38.282856], [-78.348389, 38.283255], [-78.348559, 38.283601], [-78.348673, 38.283813], [-78.348784, 38.283972], [-78.348807, 38.283992], [-78.348894, 38.284031], [-78.348956, 38.284068], [-78.34899, 38.28409]]]}}, {"type": "Feature", "properties": {"field_id": "L8", "acreage": 18.04, "farm": "Laneway", "client": "Cedar Springs"}, "geometry": {"type": "Polygon", "coordinates": [[[-78.34934, 38.279958], [-78.349247, 38.279951], [-78.349162, 38.279931], [-78.349032, 38.279849], [-78.348875, 38.279752], [-78.348763, 38.27969], [-78.348678, 38.279643], [-78.348484, 38.27954], [-78.34825, 38.279457], [-78.348148, 38.279429], [-78.347937, 38.279363], [-78.347488, 38.279283], [-78.347165, 38.279237], [-78.346501, 38.279183], [-78.346134, 38.279172], [-78.345683, 38.279214], [-78.3453, 38.27931], [-78.345055, 38.279379], [-78.344825, 38.279437], [-78.344772, 38.279427], [-78.344736, 38.279396], [-78.344722, 38.27936], [-78.344718, 38.279244], [-78.344722, 38.279209], [-78.344745, 38.27915], [-78.34498, 38.278795], [-78.34513, 38.278634], [-78.345171, 38.278599], [-78.345273, 38.2785], [-78.345304, 38.278467], [-78.345611, 38.278177], [-78.345799, 38.278057], [-78.345882, 38.278031], [-78.34602, 38.278038], [-78.346091, 38.278044], [-78.346174, 38.278044], [-78.34628, 38.27804], [-78.346381, 38.278016], [-78.346424, 38.277984], [-78.346463, 38.27795], [-78.346504, 38.27791], [-78.346581, 38.277827], [-78.346658, 38.277738], [-78.346688, 38.277701], [-78.346715, 38.277659], [-78.346742, 38.277609], [-78.346777, 38.277556], [-78.346817, 38.277506], [-78.346859, 38.277467], [-78.346929, 38.277427], [-78.347006, 38.277408], [-78.347086, 38.277409], [-78.34715, 38.277426], [-78.347214, 38.27745], [-78.347272, 38.277478], [-78.347321, 38.277507], [-78.347385, 38.277543], [-78.347575, 38.27765], [-78.347679, 38.277688], [-78.347792, 38.277709], [-78.348022, 38.27772], [-78.3481, 38.277724], [-78.348126, 38.277723], [-78.348179, 38.27772], [-78.348271, 38.277723], [-78.348352, 38.277743], [-78.348419, 38.27777], [-78.348479, 38.277802], [-78.349191, 38.278085], [-78.349248, 38.27812], [-78.349315, 38.278173], [-78.349409, 38.278225], [-78.349503, 38.278265], [-78.349849, 38.27838], [-78.349925, 38.278426], [-78.349967, 38.278469], [-78.350048, 38.278648], [-78.350077, 38.278773], [-78.350093, 38.278874], [-78.350083, 38.279004], [-78.349956, 38.279345], [-78.349855, 38.279581], [-78.34982, 38.279664], [-78.349794, 38.279714], [-78.34976, 38.279763], [-78.349647, 38.279902], [-78.349547, 38.279946], [-78.349491, 38.279958], [-78.34934, 38.279958]]]}}, {"type": "Feature", "properties": {"field_id": "L9", "acreage": 2.01, "farm": "Laneway", "client": "Cedar Springs"}, "geometry": {"type": "Polygon", "coordinates": [[[-78.343773, 38.283953], [-78.34372, 38.283992], [-78.343637, 38.284028], [-78.343565, 38.284044], [-78.343533, 38.284007], [-78.343567, 38.283949], [-78.343576, 38.283891], [-78.343598, 38.283843], [-78.343638, 38.283775], [-78.343683, 38.283707], [-78.343687, 38.283659], [-78.343675, 38.283545], [-78.34367, 38.283422], [-78.343652, 38.283298], [-78.343526, 38.282935], [-78.343476, 38.28276], [-78.343432, 38.282589], [-78.343409, 38.282485], [-78.343406, 38.282428], [-78.343441, 38.282389], [-78.343519, 38.282372], [-78.343603, 38.282365], [-78.343676, 38.282363], [-78.34373, 38.282371], [-78.343762, 38.282408], [-78.343747, 38.282475], [-78.343721, 38.282553], [-78.343724, 38.282638], [-78.343739, 38.282695], [-78.343778, 38.282746], [-78.343847, 38.282802], [-78.343915, 38.282847], [-78.34399, 38.282879], [-78.344107, 38.282937], [-78.344181, 38.282973], [-78.344256, 38.283009], [-78.344299, 38.283041], [-78.344357, 38.283106], [-78.344416, 38.283205], [-78.344425, 38.283271], [-78.344422, 38.283348], [-78.344402, 38.283425], [-78.344351, 38.283512], [-78.344242, 38.283634], [-78.344061, 38.283778], [-78.343908, 38.283877], [-78.343773, 38.283953]]]}}, {"type": "Feature", "properties": {"field_id": "LP10", "acreage": 28.63, "farm": "Laneway Pasture", "client": "Cedar Springs"}, "geometry": {"type": "Polygon", "coordinates": [[[-78.342317, 38.28319], [-78.342375, 38.283184], [-78.342491, 38.283158], [-78.3426, 38.283141], [-78.342751, 38.283145], [-78.342881, 38.283164], [-78.342995, 38.283193], [-78.343085, 38.283219], [-78.343147, 38.283247], [-78.343239, 38.283326], [-78.343276, 38.283358], [-78.343277, 38.283358], [-78.343575, 38.283664], [-78.343586, 38.283681], [-78.343597, 38.283717], [-78.343595, 38.283761], [-78.343581, 38.283801], [-78.343557, 38.283842], [-78.343396, 38.284061], [-78.343126, 38.284322], [-78.34303, 38.284409], [-78.342912, 38.284485], [-78.342837, 38.284508], [-78.342675, 38.284513], [-78.342634, 38.28451], [-78.342584, 38.284491], [-78.342541, 38.284456], [-78.342485, 38.2844], [-78.342429, 38.28436], [-78.342384, 38.284335], [-78.342323, 38.284329], [-78.342289, 38.284344], [-78.342252, 38.284375], [-78.342216, 38.284422], [-78.342204, 38.28444], [-78.342167, 38.284478], [-78.342082, 38.284543], [-78.341912, 38.284675], [-78.341863, 38.284714], [-78.34173, 38.284829], [-78.341616, 38.284891], [-78.341532, 38.284922], [-78.341447, 38.284945], [-78.341316, 38.284953], [-78.341144, 38.284953], [-78.341045, 38.284951], [-78.340892, 38.284968], [-78.340743, 38.284992], [-78.340641, 38.285003], [-78.340542, 38.285008], [-78.34038, 38.284995], [-78.340134, 38.284976], [-78.340028, 38.284966], [-78.33991, 38.284963], [-78.339759, 38.284971], [-78.339662, 38.284979], [-78.339587, 38.28499], [-78.339477, 38.285011], [-78.339382, 38.285048], [-78.339299, 38.285068], [-78.339146, 38.285081], [-78.33894, 38.285086], [-78.338713, 38.285079], [-78.33862, 38.285088], [-78.338312, 38.28519], [-78.338187, 38.285237], [-78.338012, 38.285333], [-78.337959, 38.285363], [-78.337901, 38.285399], [-78.337863, 38.285419], [-78.337765, 38.285467], [-78.337592, 38.285551], [-78.33746, 38.285581], [-78.337383, 38.285575], [-78.337345, 38.285563], [-78.337323, 38.285549], [-78.337302, 38.285529], [-78.337294, 38.285508], [-78.337289, 38.285479], [-78.33731, 38.285375], [-78.337328, 38.285341], [-78.337387, 38.285259], [-78.337473, 38.285154], [-78.337886, 38.284715], [-78.338168, 38.284433], [-78.338235, 38.284374], [-78.338268, 38.28434], [-78.338295, 38.284314], [-78.338318, 38.284288], [-78.338336, 38.284248], [-78.338379, 38.284152], [-78.338407, 38.284111], [-78.338462, 38.284051], [-78.338625, 38.283898], [-78.338694, 38.283864], [-78.338787, 38.283841], [-78.338944, 38.283782], [-78.33905, 38.283717], [-78.339113, 38.283667], [-78.339318, 38.283464], [-78.339534, 38.283246], [-78.339573, 38.283209], [-78.339619, 38.283122], [-78.339625, 38.28309], [-78.339648, 38.282995], [-78.339679, 38.282879], [-78.339713, 38.282802], [-78.339761, 38.282744], [-78.339798, 38.282714], [-78.339848, 38.282688], [-78.339917, 38.282646], [-78.339965, 38.282579], [-78.339994, 38.28253], [-78.340046, 38.282367], [-78.340077, 38.28231], [-78.340158, 38.2822], [-78.340408, 38.281923], [-78.340478, 38.281862], [-78.340507, 38.28182], [-78.340517, 38.281789], [-78.340505, 38.281744], [-78.340514, 38.281688], [-78.340673, 38.281429], [-78.340733, 38.281358], [-78.34077, 38.281342], [-78.340824, 38.281337], [-78.340906, 38.281339], [-78.341964, 38.281431], [-78.342014, 38.281443], [-78.342123, 38.281468], [-78.342199, 38.281512], [-78.342314, 38.281598], [-78.342344, 38.281645], [-78.342351, 38.281713], [-78.342332, 38.281764], [-78.342244, 38.281869], [-78.342131, 38.281998], [-78.342116, 38.282024], [-78.341993, 38.282439], [-78.341975, 38.282546], [-78.341979, 38.28259], [-78.341995, 38.282628], [-78.34207, 38.282758], [-78.342092, 38.282796], [-78.34212, 38.282854], [-78.342193, 38.283075], [-78.342227, 38.283162], [-78.34224, 38.283184], [-78.342259, 38.283191], [-78.342317, 38.28319]]]}}, {"type": "Feature", "properties": {"field_id": "LP4", "acreage": 13.52, "farm": "Laneway Pasture", "client": "Cedar Springs"}, "geometry": {"type": "Polygon", "coordinates": [[[-78.34265, 38.285327], [-78.342643, 38.285494], [-78.342624, 38.285548], [-78.342592, 38.285604], [-78.342556, 38.285646], [-78.342487, 38.285707], [-78.342458, 38.285732], [-78.342406, 38.285773], [-78.342361, 38.285806], [-78.342296, 38.285856], [-78.342258, 38.285897], [-78.342211, 38.285951], [-78.342192, 38.286011], [-78.342184, 38.286052], [-78.342131, 38.286211], [-78.342098, 38.286259], [-78.34204, 38.286299], [-78.34197, 38.286329], [-78.341793, 38.286379], [-78.341408, 38.286508], [-78.34124, 38.286565], [-78.341107, 38.28663], [-78.341017, 38.286692], [-78.341002, 38.286711], [-78.341002, 38.28672], [-78.341009, 38.286726], [-78.341022, 38.286727], [-78.341065, 38.286718], [-78.341325, 38.286641], [-78.341517, 38.286592], [-78.341549, 38.286586], [-78.341587, 38.286584], [-78.341613, 38.286586], [-78.341644, 38.286597], [-78.341664, 38.286617], [-78.341674, 38.286641], [-78.341686, 38.286694], [-78.341688, 38.28673], [-78.341676, 38.286795], [-78.341666, 38.286851], [-78.341603, 38.287009], [-78.341552, 38.287095], [-78.341506, 38.287148], [-78.341414, 38.287248], [-78.341209, 38.287477], [-78.341053, 38.287623], [-78.340968, 38.28769], [-78.340925, 38.287717], [-78.340881, 38.287737], [-78.340824, 38.287755], [-78.340764, 38.287764], [-78.340661, 38.28777], [-78.340375, 38.287753], [-78.340077, 38.287726], [-78.339994, 38.287721], [-78.339594, 38.287685], [-78.339509, 38.28767], [-78.339436, 38.287648], [-78.339358, 38.287618], [-78.339347, 38.287611], [-78.339314, 38.287585], [-78.339282, 38.287551], [-78.339269, 38.287515], [-78.33923, 38.287399], [-78.339213, 38.287329], [-78.339204, 38.287144], [-78.339218, 38.287017], [-78.339292, 38.286776], [-78.339309, 38.286709], [-78.339309, 38.286684], [-78.339308, 38.286663], [-78.339288, 38.286627], [-78.339157, 38.286391], [-78.339139, 38.286357], [-78.33911, 38.286246], [-78.339104, 38.286202], [-78.339106, 38.286153], [-78.339115, 38.286123], [-78.33914, 38.286097], [-78.33925, 38.286007], [-78.339304, 38.285982], [-78.33941, 38.285937], [-78.339583, 38.285881], [-78.339881, 38.285808], [-78.340131, 38.28574], [-78.340402, 38.285647], [-78.34045, 38.285631], [-78.340481, 38.285615], [-78.340516, 38.285591], [-78.340594, 38.285532], [-78.340678, 38.28546], [-78.340771, 38.285388], [-78.340866, 38.285334], [-78.340895, 38.285321], [-78.340997, 38.285296], [-78.341044, 38.285297], [-78.341073, 38.2853], [-78.341101, 38.285305], [-78.341135, 38.285307], [-78.341168, 38.285308], [-78.341279, 38.285319], [-78.341409, 38.285323], [-78.341563, 38.285321], [-78.341594, 38.28532], [-78.342294, 38.285246], [-78.342417, 38.285233], [-78.342506, 38.285236], [-78.342584, 38.285247], [-78.342615, 38.285261], [-78.342637, 38.285283], [-78.342646, 38.285298], [-78.34265, 38.285327]]]}}, {"type": "Feature", "properties": {"field_id": "M2", "acreage": 55.05, "farm": "Miller", "client": "Cedar Springs"}, "geometry": {"type": "Polygon", "coordinates": [[[-78.262124, 38.283452], [-78.262223, 38.283421], [-78.262307, 38.283424], [-78.262534, 38.283547], [-78.262576, 38.283608], [-78.262583, 38.283687], [-78.262544, 38.283767], [-78.262506, 38.283844], [-78.262472, 38.283878], [-78.262449, 38.283906], [-78.262421, 38.283934], [-78.262387, 38.283973], [-78.262364, 38.284027], [-78.262308, 38.284182], [-78.262293, 38.284263], [-78.262264, 38.284304], [-78.262232, 38.284322], [-78.26218, 38.284335], [-78.262125, 38.28434], [-78.261992, 38.284206], [-78.261962, 38.284153], [-78.261918, 38.284076], [-78.261887, 38.283991], [-78.261877, 38.283877], [-78.261901, 38.283801], [-78.261982, 38.283691], [-78.26211, 38.283464], [-78.262124, 38.283452]], [[-78.261671, 38.283106], [-78.261699, 38.283105], [-78.261757, 38.283131], [-78.262044, 38.28328], [-78.262097, 38.283315], [-78.262098, 38.283335], [-78.262086, 38.283373], [-78.261922, 38.283661], [-78.261863, 38.283756], [-78.261822, 38.283853], [-78.261817, 38.283939], [-78.261844, 38.284053], [-78.261885, 38.284152], [-78.261957, 38.284236], [-78.262037, 38.284312], [-78.262125, 38.284398], [-78.262148, 38.284435], [-78.26215, 38.284466], [-78.262151, 38.284489], [-78.262136, 38.284501], [-78.262112, 38.284502], [-78.262057, 38.284499], [-78.261987, 38.284473], [-78.261883, 38.284413], [-78.261781, 38.284315], [-78.261764, 38.284298], [-78.261724, 38.284275], [-78.261642, 38.284237], [-78.261529, 38.284199], [-78.261447, 38.284175], [-78.261377, 38.28415], [-78.261316, 38.284127], [-78.261239, 38.284091], [-78.261172, 38.284038], [-78.261138, 38.28399], [-78.26112, 38.28392], [-78.261133, 38.283865], [-78.261155, 38.283823], [-78.261271, 38.28366], [-78.261368, 38.283508], [-78.261437, 38.283394], [-78.261472, 38.283339], [-78.261516, 38.283276], [-78.261632, 38.283139], [-78.261656, 38.283111], [-78.261671, 38.283106]], [[-78.260494, 38.287529], [-78.259627, 38.287272], [-78.259505, 38.287233], [-78.259335, 38.287175], [-78.259242, 38.287141], [-78.258909, 38.287032], [-78.258743, 38.286973], [-78.257524, 38.286568], [-78.257373, 38.286518], [-78.255948, 38.28605], [-78.255793, 38.285997], [-78.255711, 38.285959], [-78.255644, 38.285882], [-78.255643, 38.285796], [-78.255679, 38.28574], [-78.255733, 38.285687], [-78.255911, 38.285554], [-78.25604, 38.285452], [-78.256175, 38.285347], [-78.256382, 38.285184], [-78.25664, 38.284975], [-78.256829, 38.284829], [-78.256839, 38.28482], [-78.256844, 38.284818], [-78.256855, 38.284807], [-78.256886, 38.284781], [-78.256916, 38.284762], [-78.257084, 38.284638], [-78.257148, 38.284593], [-78.257216, 38.284548], [-78.257355, 38.284464], [-78.257417, 38.284425], [-78.25781, 38.284118], [-78.25791, 38.284038], [-78.258046, 38.283929], [-78.258098, 38.283906], [-78.258154, 38.283878], [-78.258195, 38.28388], [-78.258227, 38.2839], [-78.258254, 38.283923], [-78.258333, 38.283989], [-78.25856, 38.28429], [-78.258586, 38.284326], [-78.258605, 38.284367], [-78.258619, 38.284417], [-78.258625, 38.28447], [-78.258626, 38.284698], [-78.258632, 38.284826], [-78.258657, 38.285037], [-78.258663, 38.285073], [-78.258673, 38.285111], [-78.258686, 38.285143], [-78.258707, 38.285185], [-78.258734, 38.285231], [-78.258759, 38.28528], [-78.258779, 38.285328], [-78.2588, 38.28537], [-78.258821, 38.285408], [-78.258886, 38.285503], [-78.258945, 38.28557], [-78.258997, 38.285615], [-78.259019, 38.285636], [-78.259057, 38.285663], [-78.259075, 38.285671], [-78.259095, 38.285672], [-78.259117, 38.285666], [-78.259147, 38.285623], [-78.259163, 38.285586], [-78.259178, 38.28555], [-78.259219, 38.285443], [-78.259294, 38.285389], [-78.259344, 38.285369], [-78.259408, 38.285381], [-78.259458, 38.285406], [-78.259514, 38.285448], [-78.259748, 38.28557], [-78.259808, 38.285606], [-78.259915, 38.285677], [-78.259968, 38.285704], [-78.260021, 38.285728], [-78.260142, 38.285773], [-78.260287, 38.285821], [-78.260392, 38.285867], [-78.260439, 38.285894], [-78.260587, 38.285997], [-78.260641, 38.286041], [-78.260545, 38.285942], [-78.260434, 38.285827], [-78.260392, 38.285782], [-78.260332, 38.285727], [-78.260162, 38.285602], [-78.260102, 38.285566], [-78.259715, 38.285422], [-78.259648, 38.28539], [-78.259569, 38.285345], [-78.259495, 38.285295], [-78.259429, 38.285246], [-78.259239, 38.285096], [-78.259201, 38.285068], [-78.259141, 38.285022], [-78.258997, 38.284911], [-78.258944, 38.284855], [-78.25891, 38.284796], [-78.258902, 38.284772], [-78.258871, 38.284609], [-78.258848, 38.284473], [-78.258845, 38.284454], [-78.258828, 38.284354], [-78.258811, 38.284302], [-78.258787, 38.284248], [-78.258725, 38.284134], [-78.258688, 38.284076], [-78.258601, 38.283953], [-78.258556, 38.283875], [-78.258536, 38.283801], [-78.258539, 38.283728], [-78.258558, 38.283664], [-78.258595, 38.283602], [-78.258637, 38.283551], [-78.258692, 38.283499], [-78.259, 38.283259], [-78.259063, 38.28322], [-78.259206, 38.283153], [-78.259288, 38.283138], [-78.259368, 38.283138], [-78.259447, 38.283161], [-78.259547, 38.283202], [-78.259661, 38.283272], [-78.25986, 38.283419], [-78.260141, 38.283637], [-78.260263, 38.283732], [-78.260366, 38.283801], [-78.260923, 38.28411], [-78.260991, 38.284132], [-78.261217, 38.284181], [-78.261334, 38.284214], [-78.261416, 38.284257], [-78.261583, 38.284367], [-78.26178, 38.284456], [-78.261857, 38.284484], [-78.261952, 38.284527], [-78.262058, 38.284593], [-78.262086, 38.284622], [-78.262093, 38.284643], [-78.262088, 38.284673], [-78.262016, 38.284831], [-78.262001, 38.284863], [-78.261971, 38.284943], [-78.261957, 38.285034], [-78.261958, 38.285135], [-78.261983, 38.285248], [-78.261988, 38.285268], [-78.262051, 38.285409], [-78.26206, 38.285456], [-78.262059, 38.285536], [-78.262052, 38.285641], [-78.262037, 38.285723], [-78.261988, 38.285964], [-78.261962, 38.286096], [-78.261934, 38.286282], [-78.261921, 38.286333], [-78.261918, 38.286355], [-78.261915, 38.286367], [-78.261875, 38.286662], [-78.261851, 38.286752], [-78.261828, 38.286796], [-78.261803, 38.286822], [-78.261864, 38.286838], [-78.262034, 38.286894], [-78.262122, 38.286914], [-78.262184, 38.286917], [-78.262246, 38.286912], [-78.2623, 38.286902], [-78.262311, 38.286886], [-78.262352, 38.286845], [-78.262405, 38.286815], [-78.262458, 38.286804], [-78.262521, 38.286804], [-78.262581, 38.286802], [-78.26262, 38.286795], [-78.262668, 38.28677], [-78.262694, 38.286738], [-78.262702, 38.286695], [-78.2627, 38.286655], [-78.262687, 38.286604], [-78.262661, 38.286563], [-78.262595, 38.286473], [-78.262538, 38.286401], [-78.262498, 38.286349], [-78.262465, 38.286323], [-78.262419, 38.286311], [-78.262384, 38.286309], [-78.262322, 38.286316], [-78.262085, 38.286333], [-78.262052, 38.286329], [-78.262024, 38.286312], [-78.262017, 38.286298], [-78.262018, 38.286258], [-78.26204, 38.286156], [-78.262095, 38.285844], [-78.262104, 38.285727], [-78.262108, 38.285657], [-78.262112, 38.285507], [-78.262109, 38.285447], [-78.262098, 38.285389], [-78.262084, 38.285329], [-78.262034, 38.285149], [-78.262024, 38.285083], [-78.262029, 38.284972], [-78.262045, 38.284924], [-78.262052, 38.284906], [-78.26211, 38.284771], [-78.262127, 38.284752], [-78.262139, 38.284752], [-78.262141, 38.284753], [-78.262165, 38.284756], [-78.262216, 38.284766], [-78.26228, 38.284784], [-78.262314, 38.28479], [-78.262332, 38.284793], [-78.262395, 38.284802], [-78.262465, 38.284817], [-78.262536, 38.284841], [-78.262604, 38.284874], [-78.262659, 38.284913], [-78.26271, 38.284964], [-78.262745, 38.285017], [-78.262771, 38.285067], [-78.262793, 38.285122], [-78.262829, 38.285223], [-78.262845, 38.285279], [-78.262853, 38.285335], [-78.262855, 38.285399], [-78.262849, 38.285456], [-78.262838, 38.285504], [-78.262813, 38.285585], [-78.26277, 38.285694], [-78.262746, 38.285775], [-78.262736, 38.285822], [-78.262732, 38.285866], [-78.262733, 38.285916], [-78.262739, 38.285978], [-78.262751, 38.28603], [-78.262772, 38.28609], [-78.262795, 38.286139], [-78.262825, 38.28619], [-78.262938, 38.286353], [-78.26297, 38.286406], [-78.262994, 38.286459], [-78.263031, 38.286554], [-78.26305, 38.286615], [-78.263076, 38.286685], [-78.26312, 38.286831], [-78.263166, 38.287017], [-78.263194, 38.287086], [-78.263231, 38.28714], [-78.263246, 38.287149], [-78.263256, 38.287153], [-78.26331, 38.287154], [-78.263327, 38.287153], [-78.26337, 38.287145], [-78.263402, 38.287132], [-78.263467, 38.287094], [-78.263516, 38.287049], [-78.263531, 38.287013], [-78.263531, 38.286988], [-78.263524, 38.286972], [-78.263497, 38.286951], [-78.263422, 38.286908], [-78.263223, 38.286776], [-78.263197, 38.286746], [-78.263165, 38.286686], [-78.263148, 38.28663], [-78.263102, 38.286493], [-78.263074, 38.286396], [-78.263072, 38.286365], [-78.263077, 38.286313], [-78.263089, 38.286282], [-78.263106, 38.28625], [-78.263135, 38.286213], [-78.263183, 38.286169], [-78.263198, 38.286149], [-78.263201, 38.286126], [-78.263188, 38.286095], [-78.263104, 38.285984], [-78.262995, 38.28585], [-78.262964, 38.285801], [-78.262952, 38.285771], [-78.262949, 38.285691], [-78.262955, 38.285643], [-78.262974, 38.285617], [-78.263004, 38.285594], [-78.263084, 38.285553], [-78.263136, 38.285538], [-78.263182, 38.285531], [-78.26322, 38.285531], [-78.263275, 38.285531], [-78.263348, 38.285553], [-78.263441, 38.285589], [-78.263486, 38.285614], [-78.263714, 38.285775], [-78.263959, 38.285904], [-78.26403, 38.28594], [-78.264068, 38.285968], [-78.264122, 38.286026], [-78.264123, 38.286027], [-78.264176, 38.286084], [-78.264196, 38.286111], [-78.26422, 38.286157], [-78.264229, 38.28619], [-78.264228, 38.286207], [-78.264117, 38.286566], [-78.263912, 38.287171], [-78.263787, 38.28756], [-78.263706, 38.287821], [-78.263584, 38.288124], [-78.26354, 38.288194], [-78.263508, 38.28822], [-78.263468, 38.288246], [-78.263429, 38.28826], [-78.263382, 38.28827], [-78.263307, 38.288276], [-78.263177, 38.288278], [-78.263053, 38.288269], [-78.262876, 38.288245], [-78.262799, 38.288229], [-78.26278, 38.288225], [-78.262752, 38.288217], [-78.262615, 38.288173], [-78.262568, 38.288159], [-78.262491, 38.288142], [-78.262477, 38.288139], [-78.262444, 38.288134], [-78.262376, 38.288121], [-78.262291, 38.2881], [-78.262165, 38.288066], [-78.26208, 38.288042], [-78.262005, 38.288019], [-78.261634, 38.287893], [-78.261393, 38.28782], [-78.260973, 38.287688], [-78.260753, 38.287615], [-78.260625, 38.287571], [-78.260494, 38.287529]], [[-78.262503, 38.287376], [-78.262499, 38.287345], [-78.262466, 38.287346], [-78.262424, 38.287345], [-78.262364, 38.287346], [-78.262329, 38.287347], [-78.262313, 38.287357], [-78.262296, 38.287373], [-78.262295, 38.287388], [-78.2623, 38.287403], [-78.26231, 38.287418], [-78.262339, 38.287433], [-78.262364, 38.287436], [-78.262484, 38.287442], [-78.262497, 38.287407], [-78.262503, 38.287376]]]}}, {"type": "Feature", "properties": {"field_id": "SM2", "acreage": 34.91, "farm": "Samuels", "client": "Cedar Springs"}, "geometry": {"type": "Polygon", "coordinates": [[[-78.301566, 38.314398], [-78.301597, 38.314365], [-78.302126, 38.312703], [-78.30235, 38.311898], [-78.302367, 38.311839], [-78.302397, 38.3118], [-78.302431, 38.311795], [-78.302785, 38.31187], [-78.302965, 38.311931], [-78.303231, 38.312026], [-78.303915, 38.312191], [-78.304668, 38.312416], [-78.304745, 38.312439], [-78.304787, 38.31245], [-78.304912, 38.312484], [-78.304883, 38.312563], [-78.304724, 38.312832], [-78.304275, 38.313478], [-78.303386, 38.314732], [-78.303311, 38.314804], [-78.303219, 38.314842], [-78.303186, 38.314849], [-78.303113, 38.314848], [-78.302948, 38.314825], [-78.302916, 38.314894], [-78.302899, 38.31497], [-78.302888, 38.315169], [-78.302882, 38.31526], [-78.302964, 38.315649], [-78.302961, 38.315726], [-78.302901, 38.315947], [-78.302844, 38.316067], [-78.302801, 38.316134], [-78.302525, 38.316566], [-78.302449, 38.316716], [-78.302397, 38.316929], [-78.302344, 38.317137], [-78.302279, 38.317348], [-78.302194, 38.317592], [-78.302173, 38.317657], [-78.302111, 38.317725], [-78.302034, 38.317771], [-78.301969, 38.317781], [-78.301902, 38.317774], [-78.300327, 38.317267], [-78.29987, 38.317117], [-78.299638, 38.317053], [-78.299594, 38.317029], [-78.299579, 38.316983], [-78.299583, 38.316969], [-78.2996, 38.316869], [-78.299916, 38.316119], [-78.300009, 38.315862], [-78.300046, 38.315758], [-78.300054, 38.315737], [-78.300503, 38.314519], [-78.300693, 38.313974], [-78.300763, 38.313838], [-78.300809, 38.313777], [-78.300866, 38.313747], [-78.30091, 38.313737], [-78.300982, 38.313744], [-78.301148, 38.313782], [-78.301293, 38.313847], [-78.301349, 38.313898], [-78.301381, 38.313946], [-78.301393, 38.314017], [-78.301363, 38.314175], [-78.301361, 38.314291], [-78.301377, 38.314339], [-78.301428, 38.31438], [-78.301479, 38.314399], [-78.301534, 38.314406], [-78.301566, 38.314398]]]}}, {"type": "Feature", "properties": {"field_id": "S10", "acreage": 2.13, "farm": "Smith", "client": "Cedar Springs"}, "geometry": {"type": "Polygon", "coordinates": [[[-78.280086, 38.305189], [-78.280089, 38.305136], [-78.280101, 38.305139], [-78.280129, 38.305131], [-78.280139, 38.305116], [-78.28018, 38.305077], [-78.280249, 38.305037], [-78.280322, 38.305016], [-78.280395, 38.305009], [-78.280471, 38.305011], [-78.28055, 38.305029], [-78.280615, 38.305063], [-78.280655, 38.305096], [-78.280688, 38.305151], [-78.280698, 38.305209], [-78.280695, 38.305246], [-78.280686, 38.305297], [-78.280679, 38.305322], [-78.280579, 38.305296], [-78.280468, 38.305269], [-78.280414, 38.305247], [-78.280349, 38.305231], [-78.280288, 38.305215], [-78.280208, 38.305199], [-78.280177, 38.305194], [-78.280086, 38.305189]], [[-78.280004, 38.306822], [-78.280084, 38.305233], [-78.280141, 38.305237], [-78.280179, 38.305242], [-78.280236, 38.305249], [-78.280328, 38.305267], [-78.280381, 38.305281], [-78.280462, 38.305299], [-78.280527, 38.305318], [-78.28067, 38.305354], [-78.280643, 38.305455], [-78.280602, 38.30559], [-78.280599, 38.305634], [-78.280578, 38.305676], [-78.280532, 38.305824], [-78.280512, 38.305893], [-78.28048, 38.306028], [-78.280453, 38.306165], [-78.280383, 38.306449], [-78.28036, 38.306581], [-78.280354, 38.306639], [-78.280354, 38.306697], [-78.280359, 38.306752], [-78.280374, 38.306858], [-78.280368, 38.30693], [-78.280327, 38.307039], [-78.280285, 38.307066], [-78.280215, 38.307103], [-78.280126, 38.307105], [-78.280085, 38.30709], [-78.280066, 38.307055], [-78.280004, 38.306822]]]}}, {"type": "Feature", "properties": {"field_id": "S2", "acreage": 19.78, "farm": "Smith", "client": "Cedar Springs"}, "geometry": {"type": "Polygon", "coordinates": [[[-78.281907, 38.30991], [-78.281799, 38.309696], [-78.281675, 38.30941], [-78.281323, 38.308627], [-78.281266, 38.308534], [-78.281195, 38.308448], [-78.281109, 38.308399], [-78.281169, 38.308418], [-78.283582, 38.309018], [-78.283678, 38.309034], [-78.283792, 38.309054], [-78.283814, 38.309056], [-78.283853, 38.309052], [-78.283889, 38.309043], [-78.28393, 38.309026], [-78.283964, 38.309006], [-78.284004, 38.308974], [-78.284039, 38.30894], [-78.284073, 38.308901], [-78.284106, 38.308856], [-78.284166, 38.308761], [-78.284193, 38.308715], [-78.284265, 38.308527], [-78.284292, 38.308479], [-78.284331, 38.308435], [-78.284377, 38.3084], [-78.284386, 38.308396], [-78.284452, 38.308375], [-78.284496, 38.30836], [-78.284562, 38.308357], [-78.284648, 38.308367], [-78.284757, 38.308385], [-78.284865, 38.308415], [-78.285019, 38.308478], [-78.285073, 38.308504], [-78.285129, 38.308532], [-78.285158, 38.308549], [-78.285183, 38.308563], [-78.285237, 38.3086], [-78.285292, 38.308643], [-78.285377, 38.30872], [-78.285421, 38.308762], [-78.285458, 38.308801], [-78.285494, 38.308841], [-78.285545, 38.30891], [-78.28558, 38.308974], [-78.285596, 38.309008], [-78.285615, 38.309051], [-78.285684, 38.309229], [-78.2857, 38.309285], [-78.285709, 38.309343], [-78.285714, 38.309409], [-78.285716, 38.309462], [-78.285715, 38.309527], [-78.285689, 38.309703], [-78.285678, 38.309757], [-78.285634, 38.309921], [-78.285578, 38.310148], [-78.285543, 38.310304], [-78.285494, 38.3105], [-78.285197, 38.311245], [-78.285167, 38.311238], [-78.285078, 38.311199], [-78.285037, 38.311181], [-78.284908, 38.311124], [-78.28472, 38.311068], [-78.28458, 38.31103], [-78.284507, 38.311013], [-78.284433, 38.310997], [-78.284365, 38.310986], [-78.284295, 38.310977], [-78.284233, 38.310973], [-78.284183, 38.310974], [-78.284128, 38.310982], [-78.284067, 38.310997], [-78.284009, 38.311016], [-78.283884, 38.311063], [-78.283807, 38.311089], [-78.283714, 38.3111], [-78.283622, 38.311092], [-78.283546, 38.311071], [-78.283472, 38.311042], [-78.283414, 38.311013], [-78.283351, 38.31098], [-78.283238, 38.310918], [-78.283177, 38.310883], [-78.283, 38.310784], [-78.282888, 38.310717], [-78.282832, 38.31068], [-78.282624, 38.310551], [-78.282521, 38.310492], [-78.282401, 38.310426], [-78.282337, 38.310388], [-78.282274, 38.310347], [-78.282216, 38.310303], [-78.282168, 38.310261], [-78.282126, 38.310221], [-78.282081, 38.310174], [-78.282044, 38.310126], [-78.282012, 38.310076], [-78.281966, 38.31], [-78.281937, 38.309957], [-78.281907, 38.30991]]]}}, {"type": "Feature", "properties": {"field_id": "S3", "acreage": 24.58, "farm": "Smith", "client": "Cedar Springs"}, "geometry": {"type": "Polygon", "coordinates": [[[-78.280848, 38.305154], [-78.280893, 38.305045], [-78.280918, 38.304995], [-78.280941, 38.304955], [-78.280981, 38.304908], [-78.281023, 38.304877], [-78.281106, 38.304847], [-78.281189, 38.304847], [-78.281266, 38.30487], [-78.281316, 38.304894], [-78.28136, 38.304918], [-78.281395, 38.304935], [-78.281534, 38.304995], [-78.281718, 38.305079], [-78.281735, 38.305079], [-78.281853, 38.305126], [-78.281911, 38.305151], [-78.282029, 38.305207], [-78.282091, 38.30524], [-78.282205, 38.305307], [-78.282266, 38.305347], [-78.28232, 38.305386], [-78.282375, 38.305429], [-78.282426, 38.305473], [-78.282478, 38.30552], [-78.282528, 38.305569], [-78.282663, 38.305706], [-78.282789, 38.305851], [-78.282923, 38.305999], [-78.28297, 38.30605], [-78.283114, 38.306194], [-78.283203, 38.306289], [-78.283313, 38.30642], [-78.283376, 38.306509], [-78.283434, 38.306606], [-78.283463, 38.306661], [-78.283527, 38.306808], [-78.283551, 38.306846], [-78.283579, 38.306881], [-78.283606, 38.306907], [-78.283719, 38.306999], [-78.283761, 38.307035], [-78.283806, 38.307082], [-78.283841, 38.307129], [-78.28387, 38.307181], [-78.28397, 38.307378], [-78.283991, 38.307436], [-78.284001, 38.30749], [-78.284006, 38.307546], [-78.284008, 38.307599], [-78.284006, 38.307653], [-78.283998, 38.307703], [-78.28397, 38.307853], [-78.283965, 38.307893], [-78.283966, 38.30793], [-78.283969, 38.307958], [-78.283982, 38.307992], [-78.284025, 38.308059], [-78.284038, 38.308076], [-78.284103, 38.308118], [-78.284149, 38.308155], [-78.28418, 38.308191], [-78.284191, 38.308208], [-78.284221, 38.308265], [-78.284226, 38.308299], [-78.28422, 38.308324], [-78.284215, 38.308349], [-78.284177, 38.308472], [-78.28412, 38.308615], [-78.284098, 38.308662], [-78.284071, 38.308709], [-78.284042, 38.308753], [-78.284006, 38.308795], [-78.2839, 38.308908], [-78.28385, 38.308958], [-78.283806, 38.309002], [-78.283729, 38.309031], [-78.283678, 38.309034], [-78.283582, 38.309018], [-78.281169, 38.308418], [-78.281055, 38.308382], [-78.28103, 38.308362], [-78.280989, 38.308325], [-78.280952, 38.308284], [-78.280929, 38.30825], [-78.280928, 38.308248], [-78.280916, 38.308231], [-78.280892, 38.30818], [-78.280877, 38.308124], [-78.280863, 38.308039], [-78.280857, 38.308023], [-78.280851, 38.308014], [-78.28083, 38.308003], [-78.280803, 38.307994], [-78.280762, 38.307983], [-78.280682, 38.307951], [-78.280636, 38.307917], [-78.28059, 38.307854], [-78.280572, 38.3078], [-78.280563, 38.307744], [-78.280561, 38.307693], [-78.280556, 38.307646], [-78.280548, 38.307584], [-78.280531, 38.307476], [-78.28051, 38.307312], [-78.280505, 38.307258], [-78.280495, 38.307097], [-78.280485, 38.306983], [-78.280482, 38.306927], [-78.28048, 38.306811], [-78.280481, 38.306752], [-78.280489, 38.306643], [-78.280495, 38.306586], [-78.280505, 38.306521], [-78.280534, 38.306347], [-78.280556, 38.306227], [-78.280581, 38.306105], [-78.280597, 38.306039], [-78.280656, 38.305852], [-78.280695, 38.305734], [-78.28074, 38.305564], [-78.280786, 38.305377], [-78.280795, 38.30534], [-78.280814, 38.305261], [-78.280828, 38.305208], [-78.280848, 38.305154]]]}}, {"type": "Feature", "properties": {"field_id": "S4", "acreage": 15.95, "farm": "Smith", "client": "Cedar Springs"}, "geometry": {"type": "Polygon", "coordinates": [[[-78.282798, 38.303257], [-78.282804, 38.303259], [-78.282817, 38.303258], [-78.282846, 38.303259], [-78.282884, 38.303257], [-78.282934, 38.303252], [-78.282984, 38.303243], [-78.283198, 38.303201], [-78.283292, 38.30319], [-78.28338, 38.303185], [-78.283469, 38.303186], [-78.283558, 38.303192], [-78.283947, 38.303227], [-78.284032, 38.30324], [-78.284112, 38.303259], [-78.284195, 38.303285], [-78.28427, 38.303317], [-78.28439, 38.303387], [-78.284439, 38.303413], [-78.284493, 38.303439], [-78.284555, 38.303481], [-78.284605, 38.303536], [-78.284634, 38.303599], [-78.284641, 38.303663], [-78.284632, 38.30376], [-78.284593, 38.304064], [-78.284571, 38.304197], [-78.284556, 38.304266], [-78.284524, 38.304385], [-78.284514, 38.304451], [-78.284497, 38.304651], [-78.284487, 38.304718], [-78.284462, 38.304844], [-78.284451, 38.304906], [-78.284445, 38.304963], [-78.284442, 38.305031], [-78.284433, 38.305093], [-78.284424, 38.305203], [-78.28441, 38.305315], [-78.284406, 38.305366], [-78.284397, 38.305429], [-78.284386, 38.305484], [-78.284361, 38.305644], [-78.284347, 38.305698], [-78.284328, 38.305759], [-78.284306, 38.30581], [-78.28428, 38.30586], [-78.28424, 38.305919], [-78.284177, 38.305975], [-78.284112, 38.306015], [-78.283979, 38.306084], [-78.283897, 38.306119], [-78.283821, 38.306146], [-78.283733, 38.306167], [-78.283654, 38.306178], [-78.283515, 38.306191], [-78.283436, 38.306193], [-78.283363, 38.306186], [-78.28329, 38.306168], [-78.283221, 38.306138], [-78.283156, 38.306096], [-78.283102, 38.306049], [-78.282958, 38.305902], [-78.282805, 38.305754], [-78.282758, 38.30571], [-78.282702, 38.305662], [-78.282595, 38.305563], [-78.282481, 38.305462], [-78.282319, 38.305333], [-78.282263, 38.305291], [-78.282216, 38.305258], [-78.282161, 38.30523], [-78.282092, 38.305201], [-78.281956, 38.30514], [-78.281889, 38.305109], [-78.281701, 38.305015], [-78.281658, 38.304996], [-78.281604, 38.304975], [-78.281508, 38.304937], [-78.281449, 38.30491], [-78.281394, 38.30488], [-78.281333, 38.304836], [-78.281279, 38.304783], [-78.281269, 38.304768], [-78.28124, 38.304723], [-78.281223, 38.304652], [-78.28124, 38.304572], [-78.281311, 38.304488], [-78.281356, 38.304441], [-78.2814, 38.304402], [-78.281437, 38.304364], [-78.281468, 38.304329], [-78.281496, 38.304289], [-78.281522, 38.304241], [-78.28158, 38.304132], [-78.281621, 38.304073], [-78.281661, 38.304023], [-78.281746, 38.303922], [-78.281889, 38.303776], [-78.282062, 38.303584], [-78.282093, 38.303545], [-78.282112, 38.303513], [-78.28215, 38.303408], [-78.282189, 38.303346], [-78.282233, 38.303303], [-78.282305, 38.30326], [-78.28238, 38.303241], [-78.282458, 38.303239], [-78.282525, 38.303246], [-78.28276, 38.303256], [-78.282798, 38.303257]], [[-78.282756, 38.305156], [-78.282424, 38.305006], [-78.282345, 38.305009], [-78.282285, 38.304994], [-78.282223, 38.304955], [-78.282187, 38.304905], [-78.282184, 38.304889], [-78.282142, 38.304884], [-78.282069, 38.304978], [-78.282078, 38.305005], [-78.282195, 38.305058], [-78.282263, 38.305087], [-78.282339, 38.305125], [-78.282409, 38.305173], [-78.282465, 38.305215], [-78.282576, 38.305303], [-78.282658, 38.305371], [-78.282691, 38.305377], [-78.282719, 38.30535], [-78.282758, 38.305303], [-78.282772, 38.305281], [-78.28278, 38.30526], [-78.282783, 38.305239], [-78.282779, 38.305218], [-78.282756, 38.305156]], [[-78.283282, 38.304189], [-78.283322, 38.30422], [-78.283359, 38.304241], [-78.283409, 38.304264], [-78.283467, 38.304288], [-78.283528, 38.30431], [-78.283588, 38.304331], [-78.28365, 38.304351], [-78.283716, 38.304369], [-78.283787, 38.304384], [-78.283853, 38.304395], [-78.283899, 38.3044], [-78.283945, 38.304397], [-78.283964, 38.304392], [-78.28398, 38.304375], [-78.283992, 38.304182], [-78.284005, 38.304061], [-78.284006, 38.304025], [-78.283999, 38.304003], [-78.283989, 38.303989], [-78.28396, 38.303966], [-78.283927, 38.30395], [-78.283881, 38.30393], [-78.283838, 38.303916], [-78.283786, 38.303907], [-78.283725, 38.3039], [-78.283659, 38.303897], [-78.283465, 38.303881], [-78.283382, 38.303871], [-78.283365, 38.30387], [-78.283325, 38.303873], [-78.283311, 38.303876], [-78.283289, 38.303883], [-78.283255, 38.303902], [-78.283241, 38.303925], [-78.283211, 38.303953], [-78.283216, 38.304038], [-78.283249, 38.304161], [-78.283282, 38.304189]]]}}, {"type": "Feature", "properties": {"field_id": "S5", "acreage": 11.12, "farm": "Smith", "client": "Cedar Springs"}, "geometry": {"type": "Polygon", "coordinates": [[[-78.283409, 38.302699], [-78.283458, 38.302652], [-78.283674, 38.302414], [-78.283853, 38.302176], [-78.28391, 38.30208], [-78.284028, 38.301818], [-78.28414, 38.301675], [-78.284351, 38.301437], [-78.284563, 38.301209], [-78.284769, 38.301039], [-78.284917, 38.300946], [-78.284924, 38.300941], [-78.284942, 38.300939], [-78.284962, 38.300947], [-78.284979, 38.30098], [-78.284987, 38.301005], [-78.284975, 38.301262], [-78.284958, 38.301328], [-78.284922, 38.301454], [-78.284892, 38.301572], [-78.284882, 38.301638], [-78.284871, 38.301695], [-78.284851, 38.301796], [-78.284815, 38.302064], [-78.284813, 38.302084], [-78.284794, 38.302206], [-78.284785, 38.302279], [-78.284764, 38.30231], [-78.284715, 38.302385], [-78.284692, 38.30242], [-78.284659, 38.302449], [-78.284592, 38.302485], [-78.284541, 38.302504], [-78.284494, 38.302524], [-78.284465, 38.302545], [-78.284345, 38.302674], [-78.284307, 38.302721], [-78.284276, 38.302766], [-78.284254, 38.302808], [-78.284244, 38.302841], [-78.284239, 38.302868], [-78.284204, 38.302984], [-78.284191, 38.303026], [-78.284159, 38.303069], [-78.284122, 38.303091], [-78.284091, 38.303099], [-78.284037, 38.303101], [-78.283849, 38.303089], [-78.283555, 38.303067], [-78.283365, 38.303069], [-78.283267, 38.303078], [-78.283142, 38.303096], [-78.283095, 38.303106], [-78.283065, 38.303114], [-78.282916, 38.303146], [-78.282885, 38.303146], [-78.282871, 38.303138], [-78.282865, 38.303125], [-78.282862, 38.303098], [-78.282864, 38.303093], [-78.282925, 38.303003], [-78.282988, 38.302936], [-78.283056, 38.302887], [-78.283176, 38.302839], [-78.283233, 38.302817], [-78.283318, 38.302767], [-78.283409, 38.302699]], [[-78.284899, 38.300816], [-78.284901, 38.300856], [-78.284894, 38.300876], [-78.284869, 38.300906], [-78.284657, 38.301063], [-78.284486, 38.301232], [-78.284145, 38.301585], [-78.284018, 38.301731], [-78.283965, 38.301818], [-78.283924, 38.30191], [-78.283894, 38.301969], [-78.28388, 38.302009], [-78.283857, 38.302078], [-78.283791, 38.302179], [-78.283693, 38.302289], [-78.28344, 38.302601], [-78.28339, 38.302657], [-78.283307, 38.302722], [-78.283264, 38.30275], [-78.283048, 38.302855], [-78.283012, 38.30287], [-78.282932, 38.302925], [-78.282854, 38.303028], [-78.282839, 38.303047], [-78.282828, 38.303049], [-78.282817, 38.303016], [-78.282818, 38.302997], [-78.282816, 38.302956], [-78.282801, 38.302922], [-78.282784, 38.302895], [-78.282752, 38.302885], [-78.282724, 38.302896], [-78.282698, 38.302927], [-78.282682, 38.30295], [-78.282679, 38.302988], [-78.28269, 38.303027], [-78.282729, 38.303065], [-78.282738, 38.303101], [-78.282726, 38.303125], [-78.282684, 38.303146], [-78.282622, 38.303154], [-78.282588, 38.303152], [-78.282513, 38.303135], [-78.282436, 38.303078], [-78.282428, 38.303054], [-78.282427, 38.303024], [-78.282461, 38.302938], [-78.282512, 38.302823], [-78.282526, 38.302791], [-78.282552, 38.30273], [-78.282616, 38.3026], [-78.282904, 38.302121], [-78.283013, 38.301912], [-78.283027, 38.301879], [-78.283041, 38.301868], [-78.283255, 38.301859], [-78.283277, 38.301859], [-78.283374, 38.301872], [-78.283465, 38.30189], [-78.283687, 38.30194], [-78.283717, 38.301938], [-78.283722, 38.301934], [-78.283722, 38.301925], [-78.283678, 38.301907], [-78.283523, 38.301878], [-78.283261, 38.301837], [-78.283158, 38.301822], [-78.28307, 38.30181], [-78.283034, 38.301798], [-78.283001, 38.301764], [-78.282982, 38.301724], [-78.282944, 38.301635], [-78.282924, 38.301578], [-78.282925, 38.301555], [-78.282935, 38.301517], [-78.282947, 38.301485], [-78.282968, 38.301469], [-78.282999, 38.301457], [-78.283045, 38.301458], [-78.283082, 38.301471], [-78.283121, 38.301493], [-78.283161, 38.301515], [-78.283184, 38.301524], [-78.283229, 38.301523], [-78.283286, 38.301503], [-78.283346, 38.301467], [-78.283448, 38.301404], [-78.283616, 38.301216], [-78.283636, 38.301182], [-78.283637, 38.301148], [-78.283719, 38.299813], [-78.283732, 38.299722], [-78.283736, 38.299694], [-78.283753, 38.299674], [-78.28378, 38.299663], [-78.283852, 38.299674], [-78.284033, 38.29973], [-78.284131, 38.299777], [-78.284176, 38.29981], [-78.284333, 38.299984], [-78.28463, 38.300407], [-78.284899, 38.300816]]]}}, {"type": "Feature", "properties": {"field_id": "S6", "acreage": 12.18, "farm": "Smith", "client": "Cedar Springs"}, "geometry": {"type": "Polygon", "coordinates": [[[-78.280372, 38.304456], [-78.280331, 38.304482], [-78.280284, 38.304509], [-78.280192, 38.304561], [-78.280121, 38.304583], [-78.280022, 38.304596], [-78.279904, 38.304596], [-78.279837, 38.304595], [-78.27974, 38.304575], [-78.279622, 38.304512], [-78.27941, 38.304331], [-78.27937, 38.304305], [-78.279305, 38.304267], [-78.279238, 38.304239], [-78.279171, 38.304218], [-78.279096, 38.304205], [-78.279018, 38.3042], [-78.278931, 38.304199], [-78.278848, 38.304202], [-78.278778, 38.304209], [-78.278774, 38.304209], [-78.278776, 38.304206], [-78.278885, 38.304116], [-78.278982, 38.304037], [-78.279023, 38.304003], [-78.279185, 38.303869], [-78.279413, 38.303681], [-78.279589, 38.303536], [-78.279775, 38.303383], [-78.280029, 38.303174], [-78.280268, 38.302977], [-78.280374, 38.30289], [-78.280818, 38.302524], [-78.28114, 38.302259], [-78.28118, 38.302226], [-78.281876, 38.301653], [-78.282105, 38.301587], [-78.282128, 38.301582], [-78.282147, 38.301578], [-78.282463, 38.301515], [-78.282621, 38.301557], [-78.282707, 38.301601], [-78.282738, 38.301624], [-78.282767, 38.301679], [-78.282781, 38.301732], [-78.282789, 38.301898], [-78.282783, 38.301932], [-78.282634, 38.302222], [-78.282165, 38.303075], [-78.282007, 38.303305], [-78.281796, 38.303632], [-78.281768, 38.303675], [-78.28172, 38.303745], [-78.281672, 38.303808], [-78.281572, 38.303932], [-78.281278, 38.304315], [-78.280986, 38.304709], [-78.280933, 38.304768], [-78.280868, 38.304825], [-78.280795, 38.304868], [-78.280717, 38.304895], [-78.280624, 38.304898], [-78.280604, 38.304893], [-78.280529, 38.304844], [-78.280516, 38.304815], [-78.280515, 38.304789], [-78.280538, 38.304745], [-78.280558, 38.304726], [-78.280616, 38.304696], [-78.280745, 38.304643], [-78.280823, 38.304578], [-78.281027, 38.304332], [-78.281537, 38.303709], [-78.281566, 38.303656], [-78.281563, 38.303619], [-78.281536, 38.3036], [-78.281522, 38.30359], [-78.281491, 38.303581], [-78.281449, 38.303574], [-78.281402, 38.303575], [-78.281392, 38.303577], [-78.281354, 38.3036], [-78.281335, 38.303609], [-78.281315, 38.303625], [-78.281278, 38.30366], [-78.281239, 38.303699], [-78.281197, 38.303745], [-78.281149, 38.303792], [-78.281098, 38.303838], [-78.280933, 38.303981], [-78.280639, 38.304237], [-78.280441, 38.304402], [-78.280372, 38.304456]], [[-78.280801, 38.303129], [-78.280776, 38.303115], [-78.280629, 38.303172], [-78.280595, 38.303192], [-78.280569, 38.303214], [-78.280535, 38.303249], [-78.280485, 38.303288], [-78.280474, 38.303314], [-78.280523, 38.30335], [-78.280547, 38.303384], [-78.280566, 38.303429], [-78.280574, 38.303458], [-78.280579, 38.303492], [-78.280584, 38.303535], [-78.280585, 38.303573], [-78.280592, 38.303608], [-78.280607, 38.30364], [-78.28061, 38.303644], [-78.28064, 38.303647], [-78.280658, 38.303639], [-78.28069, 38.303618], [-78.280718, 38.303588], [-78.280742, 38.303551], [-78.280765, 38.303503], [-78.280795, 38.303448], [-78.28084, 38.303394], [-78.280906, 38.303351], [-78.280961, 38.303337], [-78.280954, 38.303304], [-78.2809, 38.303283], [-78.280838, 38.303244], [-78.28079, 38.303177], [-78.280801, 38.303129]]]}}, {"type": "Feature", "properties": {"field_id": "S9", "acreage": 44.2, "farm": "Smith", "client": "Cedar Springs"}, "geometry": {"type": "Polygon", "coordinates": [[[-78.275657, 38.307273], [-78.275642, 38.307201], [-78.275631, 38.307131], [-78.275621, 38.307061], [-78.275631, 38.306996], [-78.275697, 38.306911], [-78.275794, 38.306858], [-78.275934, 38.306814], [-78.276011, 38.306783], [-78.276106, 38.306738], [-78.276201, 38.306683], [-78.276242, 38.306658], [-78.276274, 38.30664], [-78.27633, 38.306605], [-78.276358, 38.306554], [-78.27641, 38.30654], [-78.276584, 38.306543], [-78.276644, 38.306532], [-78.276709, 38.306494], [-78.276912, 38.306491], [-78.277, 38.306498], [-78.277048, 38.306499], [-78.27709, 38.306484], [-78.277122, 38.306464], [-78.277148, 38.306437], [-78.277153, 38.30641], [-78.277143, 38.306389], [-78.277069, 38.306363], [-78.276999, 38.306284], [-78.276976, 38.306241], [-78.276977, 38.306198], [-78.277012, 38.306152], [-78.277077, 38.306119], [-78.277113, 38.306103], [-78.277577, 38.305955], [-78.277618, 38.305942], [-78.277654, 38.30593], [-78.277856, 38.305846], [-78.277935, 38.30582], [-78.278024, 38.305802], [-78.278109, 38.305795], [-78.278188, 38.305794], [-78.278274, 38.305801], [-78.278348, 38.305811], [-78.278545, 38.305843], [-78.278789, 38.305909], [-78.278969, 38.305915], [-78.279034, 38.305889], [-78.279043, 38.30588], [-78.279044, 38.305853], [-78.279039, 38.305829], [-78.279038, 38.305733], [-78.279058, 38.305682], [-78.279227, 38.305555], [-78.279368, 38.305448], [-78.27941, 38.305413], [-78.279445, 38.305376], [-78.279564, 38.305231], [-78.279617, 38.305177], [-78.279666, 38.305133], [-78.279735, 38.305089], [-78.279812, 38.305067], [-78.2799, 38.305064], [-78.279972, 38.305081], [-78.280023, 38.305103], [-78.280089, 38.305136], [-78.280086, 38.305189], [-78.279971, 38.305208], [-78.279816, 38.305316], [-78.279592, 38.305616], [-78.279461, 38.305805], [-78.279327, 38.305946], [-78.279215, 38.306035], [-78.278797, 38.306309], [-78.27851, 38.306458], [-78.278175, 38.306632], [-78.277879, 38.306765], [-78.277592, 38.30689], [-78.27756, 38.306844], [-78.277527, 38.306811], [-78.277486, 38.3068], [-78.277449, 38.306795], [-78.277405, 38.306799], [-78.277356, 38.306813], [-78.277297, 38.306835], [-78.277239, 38.306858], [-78.277194, 38.306881], [-78.277146, 38.30691], [-78.277115, 38.306938], [-78.277086, 38.306975], [-78.277063, 38.307021], [-78.277039, 38.307064], [-78.277012, 38.307105], [-78.276979, 38.307141], [-78.276888, 38.307202], [-78.276824, 38.307228], [-78.276768, 38.307241], [-78.276763, 38.307242], [-78.276677, 38.307239], [-78.27663, 38.307246], [-78.276587, 38.307276], [-78.276541, 38.307318], [-78.276467, 38.307391], [-78.276382, 38.30745], [-78.276055, 38.307609], [-78.276016, 38.307629], [-78.275986, 38.307638], [-78.275928, 38.307647], [-78.275882, 38.307643], [-78.275845, 38.307631], [-78.275752, 38.307547], [-78.275701, 38.307436], [-78.27568, 38.307347], [-78.275657, 38.307273]], [[-78.275804, 38.31014], [-78.275744, 38.310093], [-78.275685, 38.310042], [-78.27563, 38.309969], [-78.275602, 38.3099], [-78.275592, 38.309829], [-78.275602, 38.309756], [-78.275625, 38.309688], [-78.275652, 38.309625], [-78.275707, 38.3095], [-78.275799, 38.309304], [-78.275858, 38.309167], [-78.27591, 38.309037], [-78.275932, 38.308976], [-78.275944, 38.30892], [-78.27595, 38.308861], [-78.27595, 38.308798], [-78.275946, 38.308735], [-78.27594, 38.30868], [-78.275898, 38.308502], [-78.27588, 38.308378], [-78.275864, 38.308253], [-78.275837, 38.308074], [-78.275831, 38.308025], [-78.275826, 38.307965], [-78.275844, 38.307884], [-78.275883, 38.307822], [-78.275942, 38.307767], [-78.27638, 38.307567], [-78.276442, 38.307555], [-78.276611, 38.307543], [-78.276739, 38.307538], [-78.276876, 38.307516], [-78.277154, 38.307453], [-78.277197, 38.307445], [-78.277282, 38.307438], [-78.277355, 38.307438], [-78.277403, 38.307434], [-78.277504, 38.307404], [-78.277568, 38.307375], [-78.277604, 38.307351], [-78.277722, 38.307245], [-78.27774, 38.30721], [-78.277745, 38.307173], [-78.277731, 38.30713], [-78.277621, 38.30697], [-78.277608, 38.306941], [-78.277613, 38.306915], [-78.277939, 38.306776], [-78.278354, 38.306586], [-78.278716, 38.306397], [-78.279022, 38.306219], [-78.279285, 38.306023], [-78.279506, 38.305803], [-78.27969, 38.305532], [-78.279825, 38.305361], [-78.279907, 38.305284], [-78.280084, 38.305233], [-78.280004, 38.306822], [-78.279977, 38.306953], [-78.279953, 38.307018], [-78.279916, 38.307082], [-78.279862, 38.307139], [-78.2798, 38.307181], [-78.279721, 38.307214], [-78.279666, 38.307227], [-78.27957, 38.307258], [-78.279457, 38.307288], [-78.279411, 38.307304], [-78.279347, 38.307329], [-78.279294, 38.307351], [-78.279252, 38.307371], [-78.279075, 38.30747], [-78.279025, 38.307497], [-78.278931, 38.307549], [-78.278875, 38.307577], [-78.278811, 38.3076], [-78.278745, 38.307615], [-78.278678, 38.307624], [-78.278599, 38.307618], [-78.278547, 38.307607], [-78.278493, 38.307589], [-78.278405, 38.30755], [-78.278377, 38.307541], [-78.278339, 38.307532], [-78.278215, 38.307546], [-78.278201, 38.307551], [-78.27816, 38.307574], [-78.278127, 38.3076], [-78.278064, 38.307677], [-78.278021, 38.307724], [-78.277973, 38.30777], [-78.277921, 38.307812], [-78.277773, 38.307911], [-78.277715, 38.307944], [-78.277657, 38.307975], [-78.277541, 38.308034], [-78.277477, 38.308065], [-78.277404, 38.308096], [-78.277334, 38.308123], [-78.277266, 38.308145], [-78.277206, 38.308161], [-78.27716, 38.308178], [-78.277112, 38.308199], [-78.277079, 38.308217], [-78.277041, 38.308244], [-78.276897, 38.308367], [-78.276847, 38.308405], [-78.276814, 38.308426], [-78.27683, 38.308455], [-78.276918, 38.308435], [-78.277058, 38.308414], [-78.27713, 38.308409], [-78.277272, 38.308408], [-78.277508, 38.308407], [-78.277541, 38.308401], [-78.277575, 38.308391], [-78.277596, 38.308382], [-78.27762, 38.308366], [-78.277646, 38.30834], [-78.27767, 38.308306], [-78.277696, 38.308261], [-78.277733, 38.308202], [-78.27779, 38.308148], [-78.277863, 38.308105], [-78.277937, 38.308081], [-78.278019, 38.308067], [-78.278166, 38.308055], [-78.278244, 38.308047], [-78.278325, 38.308035], [-78.278404, 38.308021], [-78.278468, 38.308005], [-78.278522, 38.307985], [-78.278569, 38.30796], [-78.278604, 38.307935], [-78.278694, 38.307843], [-78.278757, 38.307792], [-78.278821, 38.307752], [-78.278892, 38.307716], [-78.278959, 38.307686], [-78.279187, 38.307588], [-78.279268, 38.307549], [-78.2795, 38.307433], [-78.279578, 38.307396], [-78.279662, 38.307359], [-78.279738, 38.307328], [-78.279892, 38.307273], [-78.280012, 38.307234], [-78.280023, 38.307231], [-78.280093, 38.307214], [-78.280173, 38.30721], [-78.280259, 38.307229], [-78.280327, 38.307269], [-78.28038, 38.307328], [-78.280408, 38.30739], [-78.280426, 38.307455], [-78.280437, 38.307523], [-78.280445, 38.307593], [-78.280449, 38.307666], [-78.280449, 38.307724], [-78.280458, 38.307751], [-78.280452, 38.307804], [-78.280449, 38.307811], [-78.280446, 38.307965], [-78.280434, 38.308183], [-78.280434, 38.308282], [-78.280434, 38.308305], [-78.280435, 38.308325], [-78.280443, 38.308343], [-78.280463, 38.308369], [-78.280474, 38.308412], [-78.28057, 38.308567], [-78.280614, 38.308682], [-78.280629, 38.308741], [-78.280615, 38.30881], [-78.280581, 38.308851], [-78.280433, 38.308967], [-78.280381, 38.309006], [-78.280327, 38.309046], [-78.280322, 38.30905], [-78.280264, 38.309088], [-78.279851, 38.309323], [-78.27977, 38.309363], [-78.279689, 38.3094], [-78.279601, 38.309436], [-78.27953, 38.309461], [-78.279439, 38.309491], [-78.279223, 38.309558], [-78.27911, 38.309588], [-78.278941, 38.309634], [-78.278856, 38.309659], [-78.278787, 38.309682], [-78.278724, 38.309705], [-78.278674, 38.309726], [-78.278646, 38.309739], [-78.278613, 38.309763], [-78.27859, 38.309785], [-78.27852, 38.309869], [-78.278387, 38.30999], [-78.278312, 38.310042], [-78.278234, 38.310116], [-78.278233, 38.310141], [-78.278232, 38.310173], [-78.278273, 38.310182], [-78.278322, 38.310167], [-78.278371, 38.310137], [-78.278457, 38.310038], [-78.278576, 38.309869], [-78.278631, 38.309828], [-78.27871, 38.309783], [-78.278794, 38.309746], [-78.27888, 38.309714], [-78.279222, 38.309599], [-78.279503, 38.309507], [-78.279539, 38.309496], [-78.279676, 38.309449], [-78.279752, 38.30942], [-78.279818, 38.309392], [-78.279831, 38.309386], [-78.279714, 38.309488], [-78.279042, 38.31007], [-78.277777, 38.311167], [-78.277394, 38.3115], [-78.277391, 38.311495], [-78.277355, 38.311454], [-78.277209, 38.311296], [-78.277156, 38.311237], [-78.276824, 38.310865], [-78.276786, 38.310825], [-78.276733, 38.310771], [-78.276689, 38.310731], [-78.27664, 38.310692], [-78.276534, 38.310612], [-78.276478, 38.310575], [-78.276414, 38.310534], [-78.276216, 38.310414], [-78.276077, 38.310326], [-78.276005, 38.310279], [-78.275804, 38.31014]]]}}, {"type": "Feature", "properties": {"field_id": "T1", "acreage": 26.73, "farm": "Theiberger", "client": "Cedar Springs"}, "geometry": {"type": "Polygon", "coordinates": [[[-78.3534, 38.305072], [-78.35328, 38.305045], [-78.353116, 38.305054], [-78.352982, 38.305093], [-78.352641, 38.30524], [-78.352452, 38.305328], [-78.352295, 38.305421], [-78.352227, 38.305384], [-78.352192, 38.305358], [-78.352153, 38.305311], [-78.352153, 38.305254], [-78.352152, 38.305169], [-78.352161, 38.305105], [-78.352186, 38.305011], [-78.352239, 38.304903], [-78.352313, 38.3048], [-78.352352, 38.304759], [-78.35242, 38.304673], [-78.352504, 38.304591], [-78.352715, 38.30451], [-78.352894, 38.304499], [-78.353021, 38.304515], [-78.353104, 38.304531], [-78.353269, 38.304546], [-78.353355, 38.304536], [-78.353439, 38.304505], [-78.353564, 38.304436], [-78.353702, 38.304345], [-78.353981, 38.304079], [-78.354061, 38.303943], [-78.354148, 38.303819], [-78.35424, 38.303721], [-78.354406, 38.3036], [-78.35458, 38.303477], [-78.354759, 38.303382], [-78.3549, 38.303338], [-78.35497, 38.303334], [-78.355023, 38.303342], [-78.355085, 38.303355], [-78.355146, 38.303384], [-78.355199, 38.303417], [-78.355261, 38.303451], [-78.355355, 38.303495], [-78.355406, 38.30351], [-78.355584, 38.303524], [-78.355784, 38.303511], [-78.355878, 38.303504], [-78.355986, 38.303492], [-78.356085, 38.303476], [-78.356159, 38.303452], [-78.356194, 38.303423], [-78.356218, 38.303384], [-78.356241, 38.303303], [-78.356361, 38.302955], [-78.356418, 38.302927], [-78.356478, 38.302916], [-78.356573, 38.302924], [-78.356638, 38.302955], [-78.356652, 38.303036], [-78.356645, 38.30308], [-78.356633, 38.303139], [-78.35662, 38.303176], [-78.356584, 38.30323], [-78.356444, 38.303492], [-78.356365, 38.303668], [-78.356299, 38.303708], [-78.356219, 38.303721], [-78.356089, 38.303727], [-78.355762, 38.303714], [-78.355459, 38.303755], [-78.355259, 38.303831], [-78.354986, 38.304003], [-78.354787, 38.304102], [-78.354591, 38.304256], [-78.354314, 38.304487], [-78.354278, 38.304542], [-78.354263, 38.304597], [-78.354267, 38.30467], [-78.35427, 38.304748], [-78.354253, 38.304796], [-78.354217, 38.304849], [-78.354164, 38.3049], [-78.354014, 38.30507], [-78.353977, 38.305155], [-78.35397, 38.305222], [-78.353933, 38.305303], [-78.353883, 38.305371], [-78.353796, 38.305423], [-78.353727, 38.305432], [-78.353602, 38.305219], [-78.353492, 38.305125], [-78.3534, 38.305072]], [[-78.350548, 38.303318], [-78.350356, 38.302662], [-78.350257, 38.302292], [-78.350241, 38.30217], [-78.35025, 38.302126], [-78.350295, 38.302101], [-78.350381, 38.3021], [-78.35066, 38.302089], [-78.350981, 38.302083], [-78.351109, 38.302105], [-78.351185, 38.302139], [-78.351247, 38.302223], [-78.351258, 38.302263], [-78.351258, 38.302313], [-78.351231, 38.302376], [-78.35122, 38.302419], [-78.351189, 38.302466], [-78.351152, 38.302513], [-78.35113, 38.302555], [-78.351103, 38.302593], [-78.35108, 38.302647], [-78.351071, 38.302687], [-78.351052, 38.30272], [-78.351023, 38.302751], [-78.350983, 38.302761], [-78.350927, 38.302763], [-78.35086, 38.302763], [-78.350752, 38.30275], [-78.350703, 38.302742], [-78.350634, 38.302732], [-78.350598, 38.302745], [-78.350612, 38.30277], [-78.35066, 38.302784], [-78.350747, 38.302799], [-78.350902, 38.302815], [-78.351058, 38.3028], [-78.351276, 38.302756], [-78.351782, 38.302655], [-78.352093, 38.302633], [-78.352151, 38.302632], [-78.352319, 38.302643], [-78.352509, 38.302668], [-78.352639, 38.30271], [-78.352743, 38.302751], [-78.352773, 38.302781], [-78.35281, 38.302852], [-78.352812, 38.302944], [-78.352754, 38.303155], [-78.35269, 38.303344], [-78.352626, 38.303479], [-78.352328, 38.303873], [-78.352147, 38.304111], [-78.352139, 38.304221], [-78.352145, 38.304297], [-78.352163, 38.304367], [-78.352211, 38.304465], [-78.352226, 38.304526], [-78.352224, 38.304594], [-78.352218, 38.304675], [-78.352195, 38.304744], [-78.352164, 38.304804], [-78.352127, 38.304889], [-78.352073, 38.305041], [-78.352061, 38.305082], [-78.35203, 38.305153], [-78.35197, 38.305218], [-78.351921, 38.305263], [-78.35188, 38.305363], [-78.351891, 38.305508], [-78.351876, 38.305546], [-78.351875, 38.305579], [-78.351872, 38.305627], [-78.351846, 38.305668], [-78.351766, 38.305704], [-78.351695, 38.305698], [-78.351659, 38.305694], [-78.351616, 38.305679], [-78.351578, 38.305646], [-78.351541, 38.305571], [-78.35142, 38.305367], [-78.351226, 38.305037], [-78.350976, 38.304591], [-78.350785, 38.304125], [-78.350548, 38.303318]], [[-78.355355, 38.30647], [-78.355341, 38.306469], [-78.355321, 38.306484], [-78.355316, 38.306519], [-78.355298, 38.306572], [-78.355276, 38.306598], [-78.355233, 38.306617], [-78.355181, 38.30663], [-78.355057, 38.306626], [-78.35495, 38.306612], [-78.354846, 38.306605], [-78.354754, 38.306616], [-78.354538, 38.306621], [-78.354368, 38.306634], [-78.354186, 38.306668], [-78.353956, 38.306711], [-78.353743, 38.306745], [-78.35366, 38.306749], [-78.353523, 38.306727], [-78.35316, 38.306655], [-78.352918, 38.306565], [-78.352907, 38.306564], [-78.352706, 38.306532], [-78.352525, 38.306491], [-78.352278, 38.30642], [-78.352081, 38.306351], [-78.351995, 38.3063], [-78.351927, 38.306235], [-78.351859, 38.30614], [-78.351671, 38.305816], [-78.351877, 38.305714], [-78.352333, 38.305454], [-78.352698, 38.30525], [-78.353036, 38.305112], [-78.353163, 38.305082], [-78.353273, 38.305084], [-78.35335, 38.305103], [-78.353465, 38.305142], [-78.353536, 38.305205], [-78.353628, 38.30531], [-78.353678, 38.30541], [-78.353716, 38.305507], [-78.35377, 38.30561], [-78.353822, 38.305677], [-78.353918, 38.305713], [-78.354067, 38.305735], [-78.3541, 38.305737], [-78.354253, 38.305781], [-78.354288, 38.305825], [-78.354284, 38.305906], [-78.354274, 38.306031], [-78.354286, 38.306071], [-78.35435, 38.306119], [-78.354501, 38.306159], [-78.354583, 38.306158], [-78.354709, 38.306143], [-78.354984, 38.306167], [-78.355206, 38.30621], [-78.355343, 38.306224], [-78.355432, 38.30623], [-78.355493, 38.306234], [-78.355622, 38.306259], [-78.35572, 38.306317], [-78.3558, 38.306404], [-78.355834, 38.306453], [-78.355853, 38.306498], [-78.35586, 38.306538], [-78.355855, 38.306592], [-78.355817, 38.306637], [-78.355606, 38.306797], [-78.35555, 38.306818], [-78.355499, 38.306823], [-78.355461, 38.306822], [-78.355418, 38.30681], [-78.355363, 38.306776], [-78.355348, 38.306752], [-78.355339, 38.306704], [-78.355335, 38.306634], [-78.355337, 38.306582], [-78.355349, 38.306542], [-78.355361, 38.30651], [-78.355361, 38.306486], [-78.355355, 38.30647]]]}}, {"type": "Feature", "properties": {"field_id": "T3", "acreage": 25.34, "farm": "Theiberger", "client": "Cedar Springs"}, "geometry": {"type": "Polygon", "coordinates": [[[-78.357711, 38.307443], [-78.357707, 38.307518], [-78.357669, 38.307584], [-78.357629, 38.307633], [-78.357568, 38.307695], [-78.357499, 38.307759], [-78.357434, 38.307826], [-78.357354, 38.307888], [-78.357288, 38.307926], [-78.357188, 38.307974], [-78.357167, 38.30801], [-78.357205, 38.308018], [-78.357257, 38.30801], [-78.357324, 38.307985], [-78.357394, 38.307935], [-78.3575, 38.30786], [-78.357647, 38.307764], [-78.357729, 38.307669], [-78.357905, 38.307455], [-78.3579, 38.307342], [-78.357887, 38.307309], [-78.357937, 38.307171], [-78.358073, 38.307075], [-78.358221, 38.307005], [-78.358315, 38.306848], [-78.358403, 38.30669], [-78.358458, 38.306501], [-78.358524, 38.306377], [-78.358662, 38.306272], [-78.358838, 38.306213], [-78.358876, 38.306197], [-78.358924, 38.306081], [-78.358912, 38.305763], [-78.358853, 38.305444], [-78.358789, 38.305046], [-78.358745, 38.304875], [-78.358726, 38.30468], [-78.358727, 38.304601], [-78.358763, 38.304537], [-78.358809, 38.30449], [-78.358904, 38.304453], [-78.359003, 38.304441], [-78.359333, 38.304468], [-78.359696, 38.304556], [-78.359832, 38.304631], [-78.360028, 38.30478], [-78.360135, 38.304899], [-78.360194, 38.304977], [-78.360217, 38.305051], [-78.360207, 38.305104], [-78.360189, 38.305133], [-78.360132, 38.305156], [-78.360015, 38.305182], [-78.359844, 38.305195], [-78.359786, 38.305206], [-78.359746, 38.305238], [-78.359727, 38.305284], [-78.359748, 38.305331], [-78.359779, 38.305366], [-78.359856, 38.305402], [-78.35992, 38.305421], [-78.359995, 38.305431], [-78.360077, 38.305417], [-78.360121, 38.305393], [-78.360176, 38.305365], [-78.360238, 38.305342], [-78.360334, 38.305322], [-78.360429, 38.305348], [-78.360466, 38.305352], [-78.36055, 38.30544], [-78.360749, 38.305714], [-78.360959, 38.306069], [-78.361041, 38.306219], [-78.361077, 38.306332], [-78.361085, 38.306498], [-78.361055, 38.30663], [-78.360994, 38.306735], [-78.36085, 38.306859], [-78.360654, 38.307019], [-78.360323, 38.307248], [-78.359825, 38.307568], [-78.359055, 38.308087], [-78.358267, 38.308564], [-78.357127, 38.309229], [-78.356997, 38.30926], [-78.356924, 38.309266], [-78.356851, 38.30927], [-78.356821, 38.309232], [-78.356759, 38.309202], [-78.356669, 38.309183], [-78.356595, 38.309163], [-78.356463, 38.309132], [-78.356375, 38.309104], [-78.356016, 38.30899], [-78.355759, 38.30892], [-78.355548, 38.308863], [-78.355459, 38.308829], [-78.35541, 38.308804], [-78.355385, 38.308791], [-78.355356, 38.308739], [-78.355348, 38.308672], [-78.355357, 38.308611], [-78.355474, 38.308455], [-78.355835, 38.308042], [-78.355899, 38.307981], [-78.355933, 38.307925], [-78.355953, 38.307825], [-78.355983, 38.307739], [-78.355997, 38.307681], [-78.356036, 38.307628], [-78.35609, 38.307593], [-78.356179, 38.307525], [-78.356292, 38.30751], [-78.35649, 38.307501], [-78.356717, 38.307554], [-78.35676, 38.307585], [-78.356785, 38.307603], [-78.356841, 38.307607], [-78.356917, 38.307576], [-78.357147, 38.307476], [-78.357404, 38.307389], [-78.357524, 38.307361], [-78.357596, 38.307345], [-78.35767, 38.307367], [-78.357711, 38.307443]]]}}, {"type": "Feature", "properties": {"field_id": "E6", "acreage": 22.94, "farm": "Estes", "client": "Cedar Springs"}, "geometry": {"type": "Polygon", "coordinates": [[[-78.277181, 38.304249], [-78.277112, 38.304203], [-78.277068, 38.304137], [-78.277051, 38.304085], [-78.277041, 38.304028], [-78.277035, 38.303852], [-78.277029, 38.303783], [-78.277022, 38.303736], [-78.276985, 38.30357], [-78.276964, 38.303501], [-78.276933, 38.303433], [-78.276889, 38.303373], [-78.27684, 38.303318], [-78.276786, 38.303261], [-78.276737, 38.303205], [-78.276697, 38.303158], [-78.276671, 38.303134], [-78.276589, 38.303047], [-78.276544, 38.302995], [-78.276499, 38.302933], [-78.276465, 38.302868], [-78.276461, 38.302853], [-78.276447, 38.302795], [-78.276456, 38.302722], [-78.276501, 38.302646], [-78.276548, 38.30261], [-78.276581, 38.30259], [-78.276765, 38.302474], [-78.276834, 38.302477], [-78.277098, 38.302491], [-78.277136, 38.302491], [-78.277293, 38.302466], [-78.277697, 38.302276], [-78.277758, 38.302251], [-78.278564, 38.301898], [-78.278753, 38.301817], [-78.279028, 38.301694], [-78.279311, 38.301572], [-78.279479, 38.301497], [-78.279589, 38.301448], [-78.280064, 38.30124], [-78.280375, 38.301101], [-78.28057, 38.301017], [-78.280647, 38.300981], [-78.280779, 38.300923], [-78.280876, 38.300874], [-78.280968, 38.300823], [-78.281038, 38.300776], [-78.281074, 38.300748], [-78.281139, 38.30069], [-78.2812, 38.30062], [-78.281264, 38.300574], [-78.281368, 38.300554], [-78.28145, 38.300572], [-78.281519, 38.300614], [-78.28156, 38.300653], [-78.281599, 38.300705], [-78.281625, 38.300752], [-78.281756, 38.301006], [-78.281771, 38.301041], [-78.281857, 38.301193], [-78.281869, 38.301209], [-78.28187, 38.301224], [-78.281884, 38.301238], [-78.281896, 38.301247], [-78.281928, 38.301302], [-78.281947, 38.301329], [-78.281992, 38.301412], [-78.282035, 38.301498], [-78.282064, 38.301558], [-78.282088, 38.301573], [-78.282147, 38.301578], [-78.282105, 38.301587], [-78.281876, 38.301653], [-78.281423, 38.302026], [-78.28118, 38.302226], [-78.28114, 38.302259], [-78.280818, 38.302524], [-78.280374, 38.30289], [-78.280268, 38.302977], [-78.279775, 38.303383], [-78.279589, 38.303536], [-78.279413, 38.303681], [-78.279185, 38.303869], [-78.279023, 38.304003], [-78.278982, 38.304037], [-78.278885, 38.304116], [-78.278776, 38.304206], [-78.278774, 38.304209], [-78.278616, 38.30423], [-78.278468, 38.304247], [-78.27829, 38.304264], [-78.278172, 38.304271], [-78.278107, 38.304272], [-78.277987, 38.304269], [-78.277907, 38.304269], [-78.277744, 38.304258], [-78.277661, 38.304254], [-78.277578, 38.304254], [-78.277505, 38.304259], [-78.277354, 38.304275], [-78.277263, 38.304273], [-78.277181, 38.304249]]]}}, {"type": "Feature", "properties": {"field_id": "AF1", "acreage": 9.01, "farm": "A Frame", "client": "Cedar Springs"}, "geometry": {"type": "Polygon", "coordinates": [[[-78.298915, 38.313282], [-78.29901, 38.313265], [-78.299095, 38.313272], [-78.299225, 38.313298], [-78.299294, 38.313314], [-78.299368, 38.313332], [-78.299495, 38.313365], [-78.299546, 38.313386], [-78.299589, 38.313395], [-78.299638, 38.313412], [-78.299766, 38.313456], [-78.299748, 38.313497], [-78.299677, 38.313504], [-78.299611, 38.313559], [-78.299595, 38.3137], [-78.299625, 38.313862], [-78.299539, 38.31396], [-78.299498, 38.31406], [-78.299494, 38.314134], [-78.299512, 38.314217], [-78.299481, 38.31428], [-78.299451, 38.31433], [-78.299423, 38.314398], [-78.299337, 38.314456], [-78.299241, 38.314489], [-78.299146, 38.314492], [-78.299001, 38.314437], [-78.298877, 38.314387], [-78.298815, 38.314341], [-78.298755, 38.314294], [-78.298752, 38.314239], [-78.298923, 38.313953], [-78.298953, 38.313915], [-78.298975, 38.313877], [-78.298998, 38.313829], [-78.299013, 38.313789], [-78.29902, 38.313683], [-78.298937, 38.313608], [-78.29879, 38.313553], [-78.298754, 38.313476], [-78.29877, 38.313404], [-78.298803, 38.313364], [-78.298845, 38.313321], [-78.298915, 38.313282]], [[-78.297471, 38.31529], [-78.297881, 38.314915], [-78.298018, 38.314865], [-78.298102, 38.314845], [-78.298214, 38.314841], [-78.29832, 38.31491], [-78.298365, 38.314937], [-78.298393, 38.314965], [-78.298443, 38.314992], [-78.298506, 38.314994], [-78.298549, 38.314983], [-78.298624, 38.314935], [-78.29899, 38.314632], [-78.299168, 38.314634], [-78.29922, 38.314665], [-78.299292, 38.314767], [-78.299279, 38.314829], [-78.29926, 38.314893], [-78.299234, 38.314949], [-78.299132, 38.315156], [-78.299067, 38.315296], [-78.299015, 38.315404], [-78.299002, 38.315434], [-78.298809, 38.315914], [-78.298485, 38.316734], [-78.298459, 38.316753], [-78.298166, 38.316701], [-78.297793, 38.316566], [-78.297294, 38.316453], [-78.296819, 38.316356], [-78.296751, 38.31634], [-78.296721, 38.316318], [-78.29671, 38.31629], [-78.296735, 38.316198], [-78.297197, 38.315593], [-78.297351, 38.315423], [-78.297471, 38.31529]]]}}, {"type": "Feature", "properties": {"field_id": "H26", "acreage": 22.36, "farm": "Home", "client": "Cedar Springs"}, "geometry": {"type": "Polygon", "coordinates": [[[-78.30648, 38.309849], [-78.306536, 38.309732], [-78.306597, 38.309615], [-78.306665, 38.309492], [-78.30685, 38.309201], [-78.306861, 38.30918], [-78.306983, 38.308994], [-78.30714, 38.308752], [-78.307313, 38.308478], [-78.307624, 38.307973], [-78.307818, 38.307642], [-78.308078, 38.307224], [-78.308112, 38.307182], [-78.30815, 38.307162], [-78.308226, 38.307163], [-78.308384, 38.307183], [-78.308627, 38.307226], [-78.309046, 38.307283], [-78.309143, 38.307316], [-78.309188, 38.307357], [-78.309207, 38.307386], [-78.309221, 38.307443], [-78.309223, 38.307494], [-78.309202, 38.307556], [-78.309151, 38.307634], [-78.30903, 38.307798], [-78.309015, 38.307823], [-78.308982, 38.307896], [-78.308967, 38.307949], [-78.308931, 38.30811], [-78.308917, 38.308241], [-78.308911, 38.308312], [-78.308916, 38.308413], [-78.308958, 38.308852], [-78.308957, 38.309046], [-78.308956, 38.309179], [-78.308981, 38.309401], [-78.30901, 38.309648], [-78.309016, 38.309743], [-78.309035, 38.309837], [-78.309054, 38.309928], [-78.309072, 38.309998], [-78.309073, 38.310059], [-78.30904, 38.310135], [-78.309037, 38.310141], [-78.308972, 38.310227], [-78.308899, 38.310325], [-78.308824, 38.310418], [-78.308765, 38.310488], [-78.308448, 38.310758], [-78.308346, 38.310844], [-78.307967, 38.311217], [-78.307707, 38.311455], [-78.307453, 38.311623], [-78.307325, 38.311687], [-78.3072, 38.311719], [-78.30708, 38.311749], [-78.307031, 38.311762], [-78.306759, 38.311802], [-78.306501, 38.311809], [-78.306222, 38.311789], [-78.305942, 38.311753], [-78.305559, 38.311691], [-78.305358, 38.311649], [-78.305309, 38.311632], [-78.305287, 38.311605], [-78.30529, 38.311577], [-78.305325, 38.311515], [-78.305548, 38.311205], [-78.305872, 38.310787], [-78.306074, 38.310526], [-78.306161, 38.310421], [-78.306288, 38.31022], [-78.306415, 38.309971], [-78.30648, 38.309849]]]}}, {"type": "Feature", "properties": {"field_id": "E11", "acreage": 14.95, "farm": "Estes", "client": "Cedar Springs"}, "geometry": {"type": "Polygon", "coordinates": [[[-78.279914, 38.295668], [-78.279864, 38.295665], [-78.279806, 38.295706], [-78.279731, 38.295736], [-78.279643, 38.295743], [-78.27955, 38.295713], [-78.279498, 38.295649], [-78.279491, 38.295586], [-78.279522, 38.295513], [-78.279562, 38.295465], [-78.279608, 38.295418], [-78.279712, 38.295318], [-78.27982, 38.295219], [-78.279875, 38.295166], [-78.279938, 38.295113], [-78.279975, 38.295089], [-78.280015, 38.295063], [-78.280078, 38.295032], [-78.280149, 38.295002], [-78.280161, 38.294995], [-78.280182, 38.294979], [-78.280197, 38.294953], [-78.28021, 38.294923], [-78.280227, 38.294876], [-78.28024, 38.294835], [-78.280245, 38.294779], [-78.280244, 38.294728], [-78.280229, 38.294629], [-78.280214, 38.294584], [-78.280191, 38.29454], [-78.280154, 38.294491], [-78.280106, 38.294442], [-78.280053, 38.294394], [-78.27999, 38.294347], [-78.279924, 38.294304], [-78.279859, 38.294265], [-78.279785, 38.294223], [-78.27963, 38.294129], [-78.279268, 38.293896], [-78.2792, 38.293856], [-78.27899, 38.293725], [-78.278777, 38.293587], [-78.278471, 38.293395], [-78.278395, 38.293344], [-78.278321, 38.293288], [-78.278261, 38.293224], [-78.278217, 38.293152], [-78.278193, 38.293079], [-78.278188, 38.293005], [-78.278203, 38.292926], [-78.278232, 38.292868], [-78.278278, 38.292808], [-78.278353, 38.292754], [-78.278445, 38.292725], [-78.27855, 38.29272], [-78.278645, 38.292734], [-78.278743, 38.29276], [-78.278834, 38.292793], [-78.278927, 38.292837], [-78.279012, 38.292892], [-78.279093, 38.292962], [-78.279205, 38.293079], [-78.279254, 38.293125], [-78.279309, 38.293166], [-78.279373, 38.293211], [-78.279527, 38.293307], [-78.279608, 38.293354], [-78.279774, 38.293447], [-78.279855, 38.293491], [-78.279934, 38.293531], [-78.280151, 38.293634], [-78.280202, 38.293655], [-78.280254, 38.293671], [-78.28031, 38.293684], [-78.280375, 38.293696], [-78.280405, 38.293702], [-78.280435, 38.293705], [-78.280465, 38.293701], [-78.280479, 38.293696], [-78.28107, 38.294262], [-78.281217, 38.294416], [-78.281297, 38.294571], [-78.281345, 38.294734], [-78.281429, 38.2951], [-78.281511, 38.295338], [-78.281519, 38.29558], [-78.281537, 38.29618], [-78.281534, 38.296917], [-78.281524, 38.297199], [-78.281534, 38.297313], [-78.281547, 38.297397], [-78.281528, 38.29741], [-78.281415, 38.297482], [-78.281327, 38.297537], [-78.281264, 38.297574], [-78.281188, 38.297607], [-78.281118, 38.297626], [-78.281011, 38.297628], [-78.280921, 38.297597], [-78.280854, 38.297548], [-78.280808, 38.297489], [-78.280778, 38.297431], [-78.280755, 38.297376], [-78.280732, 38.297331], [-78.280703, 38.297289], [-78.280658, 38.297238], [-78.280616, 38.297196], [-78.280573, 38.297156], [-78.280478, 38.297074], [-78.280377, 38.296987], [-78.280326, 38.296934], [-78.280287, 38.296877], [-78.280259, 38.296829], [-78.280236, 38.29678], [-78.280214, 38.296723], [-78.280197, 38.296665], [-78.280161, 38.296502], [-78.280153, 38.296391], [-78.280157, 38.29633], [-78.280161, 38.296295], [-78.280157, 38.296283], [-78.280069, 38.296203], [-78.279937, 38.296068], [-78.279893, 38.296009], [-78.279866, 38.295946], [-78.279853, 38.295879], [-78.279857, 38.295813], [-78.279877, 38.295744], [-78.279914, 38.295668]]]}}, {"type": "Feature", "properties": {"field_id": "H27", "acreage": 15.0, "farm": "Home", "client": "Cedar Springs"}, "geometry": {"type": "Polygon", "coordinates": [[[-78.282655, 38.293824], [-78.28248, 38.293863], [-78.28148, 38.294213], [-78.281213, 38.294331], [-78.28118, 38.294288], [-78.28054, 38.293675], [-78.28057, 38.293664], [-78.280717, 38.293602], [-78.28088, 38.293529], [-78.280966, 38.293493], [-78.281057, 38.293461], [-78.281159, 38.293428], [-78.281256, 38.2934], [-78.281356, 38.293378], [-78.281657, 38.293316], [-78.281762, 38.2933], [-78.281867, 38.29329], [-78.281972, 38.293286], [-78.282063, 38.293287], [-78.282154, 38.293286], [-78.282255, 38.293282], [-78.282348, 38.293277], [-78.282445, 38.293268], [-78.282532, 38.293258], [-78.282627, 38.293242], [-78.282817, 38.293205], [-78.282903, 38.293186], [-78.28308, 38.293135], [-78.283169, 38.293106], [-78.283347, 38.293043], [-78.283429, 38.293008], [-78.283502, 38.292972], [-78.283575, 38.292931], [-78.283731, 38.292835], [-78.283896, 38.29274], [-78.283988, 38.292692], [-78.284082, 38.292649], [-78.284186, 38.29261], [-78.284284, 38.292581], [-78.284378, 38.292559], [-78.284474, 38.292542], [-78.28495, 38.292478], [-78.285042, 38.29246], [-78.28513, 38.292437], [-78.285218, 38.292411], [-78.285489, 38.292329], [-78.285759, 38.292243], [-78.28585, 38.292217], [-78.285937, 38.292193], [-78.286169, 38.292134], [-78.286248, 38.292123], [-78.286324, 38.292119], [-78.286394, 38.292122], [-78.2864, 38.292123], [-78.28614, 38.292711], [-78.2859, 38.293253], [-78.285662, 38.293791], [-78.285419, 38.294341], [-78.285412, 38.29434], [-78.285244, 38.294441], [-78.285187, 38.294472], [-78.285071, 38.294526], [-78.284926, 38.294597], [-78.284766, 38.294577], [-78.28471, 38.294536], [-78.284671, 38.294476], [-78.284638, 38.294243], [-78.284634, 38.294181], [-78.284634, 38.294117], [-78.284643, 38.294045], [-78.284659, 38.293981], [-78.284717, 38.293793], [-78.284755, 38.293637], [-78.284779, 38.293558], [-78.284789, 38.293471], [-78.284789, 38.293375], [-78.284773, 38.293315], [-78.284743, 38.293258], [-78.284716, 38.293259], [-78.284707, 38.293363], [-78.284723, 38.293416], [-78.284726, 38.293498], [-78.28472, 38.293566], [-78.284694, 38.293678], [-78.284622, 38.293798], [-78.284564, 38.293918], [-78.28456, 38.294058], [-78.28454, 38.29419], [-78.284556, 38.294257], [-78.284584, 38.294357], [-78.284587, 38.294428], [-78.284571, 38.294475], [-78.284503, 38.294481], [-78.28442, 38.294444], [-78.284367, 38.294381], [-78.284319, 38.294325], [-78.284261, 38.294255], [-78.284214, 38.294213], [-78.283975, 38.294091], [-78.283848, 38.294059], [-78.283732, 38.29403], [-78.283662, 38.294007], [-78.283626, 38.293993], [-78.28359, 38.293983], [-78.283331, 38.29392], [-78.28326, 38.293903], [-78.283187, 38.293888], [-78.283046, 38.293864], [-78.282775, 38.293822], [-78.282727, 38.293817], [-78.282693, 38.293818], [-78.282655, 38.293824]]]}}, {"type": "Feature", "properties": {"field_id": "JS2", "acreage": 32.93, "farm": "Summy", "client": "Cedar Springs"}, "geometry": {"type": "Polygon", "coordinates": [[[-78.25103, 38.285143], [-78.251191, 38.284185], [-78.251334, 38.283456], [-78.251448, 38.282838], [-78.251553, 38.282542], [-78.251603, 38.282507], [-78.251645, 38.282496], [-78.251714, 38.282491], [-78.251835, 38.282483], [-78.252351, 38.282502], [-78.252681, 38.282551], [-78.25278, 38.282585], [-78.252983, 38.282695], [-78.253031, 38.282756], [-78.253052, 38.282821], [-78.253055, 38.282885], [-78.25295, 38.283263], [-78.252947, 38.283275], [-78.252893, 38.283495], [-78.252871, 38.283694], [-78.252826, 38.283839], [-78.252791, 38.283914], [-78.252716, 38.284027], [-78.25267, 38.284081], [-78.252532, 38.284202], [-78.25239, 38.284323], [-78.252359, 38.284352], [-78.252302, 38.284423], [-78.252293, 38.284447], [-78.252261, 38.28453], [-78.252267, 38.284554], [-78.252294, 38.284576], [-78.252376, 38.284589], [-78.252425, 38.284593], [-78.252465, 38.284588], [-78.252525, 38.28457], [-78.252611, 38.284527], [-78.252878, 38.284289], [-78.253128, 38.284051], [-78.253194, 38.283962], [-78.25328, 38.283818], [-78.253299, 38.283694], [-78.253303, 38.283568], [-78.253329, 38.283243], [-78.253358, 38.283093], [-78.253391, 38.283009], [-78.253437, 38.282945], [-78.253501, 38.282904], [-78.253538, 38.282904], [-78.253672, 38.282955], [-78.253814, 38.283014], [-78.253816, 38.283015], [-78.25382, 38.283016], [-78.253832, 38.283034], [-78.253835, 38.283062], [-78.253811, 38.283115], [-78.253798, 38.283184], [-78.253805, 38.283244], [-78.253803, 38.283344], [-78.253807, 38.283418], [-78.253835, 38.283499], [-78.253858, 38.283534], [-78.253881, 38.28355], [-78.253902, 38.283557], [-78.253942, 38.283539], [-78.253975, 38.283458], [-78.254017, 38.283391], [-78.254058, 38.28335], [-78.254154, 38.283221], [-78.254208, 38.28318], [-78.254268, 38.283173], [-78.254327, 38.283194], [-78.254539, 38.283279], [-78.25486, 38.283431], [-78.254969, 38.283473], [-78.255078, 38.283484], [-78.255181, 38.283469], [-78.255239, 38.283458], [-78.255312, 38.28347], [-78.255344, 38.283492], [-78.255366, 38.283523], [-78.255376, 38.283575], [-78.255361, 38.283774], [-78.255359, 38.283807], [-78.255292, 38.284302], [-78.255156, 38.285083], [-78.255057, 38.285637], [-78.255031, 38.285701], [-78.254995, 38.285733], [-78.254937, 38.285761], [-78.254861, 38.285775], [-78.254364, 38.285704], [-78.254289, 38.285695], [-78.254032, 38.28567], [-78.254016, 38.285668], [-78.252838, 38.28552], [-78.251702, 38.285379], [-78.251357, 38.285323], [-78.251158, 38.285271], [-78.251072, 38.285249], [-78.251045, 38.285228], [-78.25103, 38.285189], [-78.25103, 38.285143]], [[-78.253814, 38.28383], [-78.253742, 38.283807], [-78.253682, 38.283806], [-78.253647, 38.283812], [-78.253618, 38.283829], [-78.253602, 38.283849], [-78.253563, 38.283896], [-78.25352, 38.283983], [-78.253476, 38.28426], [-78.253487, 38.284357], [-78.25352, 38.284419], [-78.253565, 38.284474], [-78.253652, 38.284542], [-78.253762, 38.284605], [-78.253863, 38.284648], [-78.253942, 38.284655], [-78.254034, 38.284639], [-78.254075, 38.284611], [-78.254099, 38.284541], [-78.254099, 38.284482], [-78.254086, 38.284408], [-78.254078, 38.284259], [-78.254038, 38.284115], [-78.253974, 38.283982], [-78.253898, 38.283888], [-78.253814, 38.28383]], [[-78.256134, 38.283053], [-78.256239, 38.283041], [-78.256379, 38.283066], [-78.25704, 38.283349], [-78.257909, 38.283763], [-78.257952, 38.283807], [-78.257978, 38.283858], [-78.257969, 38.283919], [-78.257948, 38.283953], [-78.25786, 38.284034], [-78.257391, 38.284378], [-78.256349, 38.285172], [-78.255817, 38.285587], [-78.255788, 38.285609], [-78.255558, 38.285788], [-78.255417, 38.285834], [-78.255328, 38.285841], [-78.255256, 38.285837], [-78.255201, 38.285819], [-78.255173, 38.285805], [-78.255142, 38.285782], [-78.255118, 38.285749], [-78.255099, 38.285699], [-78.255099, 38.285641], [-78.255282, 38.284786], [-78.255299, 38.284707], [-78.255315, 38.284659], [-78.255341, 38.284631], [-78.255393, 38.284598], [-78.255449, 38.284562], [-78.255498, 38.284539], [-78.255547, 38.284521], [-78.25559, 38.28449], [-78.255614, 38.284462], [-78.255618, 38.28441], [-78.255591, 38.284357], [-78.255544, 38.284301], [-78.25552, 38.284277], [-78.255474, 38.284215], [-78.25547, 38.2842], [-78.255463, 38.284179], [-78.25543, 38.283977], [-78.255518, 38.283379], [-78.255536, 38.283319], [-78.255574, 38.283287], [-78.255636, 38.283256], [-78.255807, 38.283192], [-78.255895, 38.283155], [-78.256014, 38.283107], [-78.256134, 38.283053]]]}}, {"type": "Feature", "properties": {"field_id": "JS3", "acreage": 35.21, "farm": "Summy", "client": "Cedar Springs"}, "geometry": {"type": "Polygon", "coordinates": [[[-78.25428, 38.277824], [-78.254352, 38.277805], [-78.254469, 38.277754], [-78.254803, 38.277628], [-78.254858, 38.277635], [-78.254901, 38.277669], [-78.254972, 38.277756], [-78.255164, 38.278157], [-78.255197, 38.278219], [-78.255215, 38.278248], [-78.255289, 38.278351], [-78.255334, 38.278408], [-78.255553, 38.278639], [-78.255666, 38.278755], [-78.255703, 38.278811], [-78.255725, 38.27888], [-78.255741, 38.278982], [-78.255735, 38.279121], [-78.255733, 38.279261], [-78.255734, 38.279298], [-78.255732, 38.279425], [-78.255726, 38.279752], [-78.255729, 38.279784], [-78.255724, 38.279993], [-78.255722, 38.280051], [-78.25572, 38.280141], [-78.255716, 38.280287], [-78.255712, 38.280432], [-78.255713, 38.28047], [-78.25572, 38.280699], [-78.255711, 38.280908], [-78.255712, 38.280934], [-78.255695, 38.28097], [-78.25569, 38.280981], [-78.255679, 38.281007], [-78.255668, 38.281038], [-78.255662, 38.281065], [-78.255656, 38.281116], [-78.255656, 38.281137], [-78.255652, 38.281209], [-78.255642, 38.281269], [-78.255638, 38.281382], [-78.255627, 38.281495], [-78.25563, 38.2816], [-78.255631, 38.281704], [-78.255631, 38.281816], [-78.255646, 38.281925], [-78.255675, 38.282048], [-78.255727, 38.282145], [-78.255739, 38.28218], [-78.255738, 38.28222], [-78.255716, 38.282254], [-78.255686, 38.28228], [-78.255641, 38.282289], [-78.255581, 38.28229], [-78.255479, 38.282291], [-78.255364, 38.282298], [-78.255346, 38.282298], [-78.255251, 38.282289], [-78.255195, 38.282275], [-78.253881, 38.281598], [-78.253823, 38.281568], [-78.2537, 38.281505], [-78.25366, 38.281483], [-78.253011, 38.281135], [-78.252983, 38.28112], [-78.252944, 38.2811], [-78.252533, 38.28088], [-78.252421, 38.28082], [-78.252282, 38.280739], [-78.252275, 38.28073], [-78.252275, 38.280712], [-78.252278, 38.280702], [-78.252311, 38.280619], [-78.252315, 38.280547], [-78.252313, 38.280521], [-78.252297, 38.280488], [-78.252263, 38.280429], [-78.252231, 38.280369], [-78.25219, 38.280302], [-78.252148, 38.280249], [-78.252111, 38.280188], [-78.252074, 38.280107], [-78.252058, 38.280075], [-78.252024, 38.279984], [-78.251988, 38.279864], [-78.251957, 38.279741], [-78.251945, 38.279686], [-78.251815, 38.279348], [-78.251776, 38.279279], [-78.251727, 38.279235], [-78.25164, 38.279164], [-78.251543, 38.279107], [-78.251462, 38.279071], [-78.251399, 38.279042], [-78.251327, 38.279014], [-78.251261, 38.278969], [-78.251202, 38.278893], [-78.251167, 38.278844], [-78.250992, 38.278496], [-78.250985, 38.27846], [-78.251037, 38.278422], [-78.25115, 38.278384], [-78.251382, 38.278306], [-78.251632, 38.278215], [-78.252168, 38.27798], [-78.2525, 38.277812], [-78.252958, 38.277582], [-78.253704, 38.277354], [-78.25384, 38.277344], [-78.253921, 38.277369], [-78.253958, 38.277402], [-78.254001, 38.277464], [-78.254153, 38.277764], [-78.254203, 38.277812], [-78.254234, 38.277825], [-78.25428, 38.277824]]]}}, {"type": "Feature", "properties": {"field_id": "JS6", "acreage": 7.25, "farm": "Summy", "client": "Cedar Springs"}, "geometry": {"type": "Polygon", "coordinates": [[[-78.250114, 38.281271], [-78.250035, 38.281297], [-78.249897, 38.281314], [-78.249664, 38.281334], [-78.249076, 38.281352], [-78.249022, 38.28134], [-78.248965, 38.281304], [-78.248936, 38.28125], [-78.24893, 38.281194], [-78.248948, 38.28112], [-78.249156, 38.280492], [-78.249197, 38.28026], [-78.249215, 38.280138], [-78.2492, 38.280028], [-78.249183, 38.279882], [-78.249028, 38.279308], [-78.249028, 38.279267], [-78.249037, 38.279219], [-78.249064, 38.279183], [-78.249102, 38.279151], [-78.249217, 38.279097], [-78.249256, 38.279096], [-78.249286, 38.27911], [-78.249301, 38.279124], [-78.249321, 38.279134], [-78.249348, 38.279133], [-78.249377, 38.27912], [-78.249391, 38.27911], [-78.249396, 38.279089], [-78.249394, 38.279067], [-78.249393, 38.27904], [-78.249398, 38.279026], [-78.249424, 38.279013], [-78.24954, 38.278969], [-78.249956, 38.278803], [-78.250012, 38.278809], [-78.250063, 38.278835], [-78.250102, 38.278874], [-78.250628, 38.279737], [-78.25067, 38.279847], [-78.250673, 38.279897], [-78.25064, 38.279977], [-78.250557, 38.280079], [-78.25047, 38.280141], [-78.250387, 38.280192], [-78.250334, 38.280227], [-78.250289, 38.280296], [-78.250264, 38.280441], [-78.250277, 38.281016], [-78.250266, 38.281138], [-78.250255, 38.281165], [-78.250228, 38.281192], [-78.250186, 38.281221], [-78.250114, 38.281271]]]}}, {"type": "Feature", "properties": {"field_id": "ST3", "acreage": 30.77, "farm": "Stevens", "client": "Cedar Springs"}, "geometry": {"type": "Polygon", "coordinates": [[[-78.356416, 38.268738], [-78.356358, 38.26873], [-78.356276, 38.268733], [-78.35611, 38.268768], [-78.355938, 38.268805], [-78.355865, 38.268798], [-78.355838, 38.268791], [-78.355787, 38.268791], [-78.355756, 38.268805], [-78.355707, 38.268829], [-78.355648, 38.268867], [-78.355582, 38.268899], [-78.355491, 38.268923], [-78.355397, 38.268939], [-78.355193, 38.268973], [-78.35508, 38.268992], [-78.354819, 38.269036], [-78.354483, 38.269097], [-78.354401, 38.269109], [-78.35435, 38.269104], [-78.354318, 38.269082], [-78.354297, 38.269051], [-78.354292, 38.26902], [-78.354319, 38.268919], [-78.354831, 38.268041], [-78.354883, 38.268012], [-78.354929, 38.268008], [-78.355073, 38.268035], [-78.3555, 38.268164], [-78.356059, 38.268341], [-78.357723, 38.268871], [-78.357973, 38.268993], [-78.35814, 38.269084], [-78.35826, 38.269166], [-78.35829, 38.269207], [-78.358294, 38.269281], [-78.358238, 38.269403], [-78.358117, 38.269666], [-78.358102, 38.269694], [-78.358028, 38.269752], [-78.357975, 38.269765], [-78.357902, 38.269746], [-78.357828, 38.26971], [-78.35776, 38.269668], [-78.357631, 38.269586], [-78.357557, 38.269503], [-78.357528, 38.269446], [-78.357507, 38.269323], [-78.357475, 38.269257], [-78.357428, 38.26918], [-78.357388, 38.269145], [-78.357328, 38.269097], [-78.35727, 38.269063], [-78.357184, 38.269035], [-78.357087, 38.269018], [-78.356997, 38.269002], [-78.356926, 38.268989], [-78.35684, 38.268962], [-78.356742, 38.268927], [-78.356638, 38.268873], [-78.356558, 38.268829], [-78.35647, 38.268752], [-78.356416, 38.268738]], [[-78.354522, 38.269332], [-78.354654, 38.269309], [-78.354761, 38.269344], [-78.354803, 38.269423], [-78.354807, 38.26951], [-78.354805, 38.269515], [-78.354735, 38.269682], [-78.354629, 38.269926], [-78.354619, 38.269956], [-78.3546, 38.270009], [-78.354539, 38.270123], [-78.354496, 38.270205], [-78.354462, 38.270271], [-78.354398, 38.270336], [-78.354305, 38.270379], [-78.354231, 38.270396], [-78.354078, 38.270385], [-78.353786, 38.270351], [-78.353645, 38.270334], [-78.353606, 38.27033], [-78.353581, 38.270314], [-78.353554, 38.270252], [-78.353558, 38.2702], [-78.353593, 38.270115], [-78.353656, 38.269997], [-78.353929, 38.26961], [-78.353937, 38.269598], [-78.354056, 38.269505], [-78.354167, 38.269441], [-78.354255, 38.269414], [-78.354522, 38.269332]], [[-78.353482, 38.270568], [-78.353535, 38.270565], [-78.353561, 38.270566], [-78.35375, 38.270576], [-78.353991, 38.270588], [-78.354199, 38.270606], [-78.354364, 38.27062], [-78.354676, 38.270646], [-78.354742, 38.270661], [-78.354781, 38.27067], [-78.35484, 38.270703], [-78.354912, 38.270752], [-78.354962, 38.270778], [-78.355128, 38.270867], [-78.355195, 38.270929], [-78.355243, 38.271057], [-78.355242, 38.271169], [-78.355179, 38.271233], [-78.355033, 38.271296], [-78.354802, 38.271394], [-78.354432, 38.27149], [-78.353923, 38.271605], [-78.353613, 38.271704], [-78.353525, 38.271759], [-78.353457, 38.271871], [-78.353416, 38.272034], [-78.353399, 38.272173], [-78.353355, 38.272274], [-78.353277, 38.272295], [-78.353011, 38.272185], [-78.352611, 38.272019], [-78.352598, 38.271986], [-78.352589, 38.271929], [-78.352634, 38.271851], [-78.35338, 38.270687], [-78.353446, 38.270584], [-78.353482, 38.270568]], [[-78.355611, 38.270241], [-78.355576, 38.270213], [-78.355552, 38.270226], [-78.355542, 38.270259], [-78.355541, 38.270312], [-78.355544, 38.270371], [-78.355541, 38.270431], [-78.355514, 38.270517], [-78.355467, 38.270609], [-78.355417, 38.270632], [-78.355339, 38.270642], [-78.355257, 38.270642], [-78.355165, 38.270618], [-78.355119, 38.2706], [-78.355074, 38.270597], [-78.355072, 38.270584], [-78.355071, 38.27057], [-78.355079, 38.27054], [-78.355101, 38.270491], [-78.355126, 38.270443], [-78.35515, 38.270397], [-78.355176, 38.270313], [-78.355175, 38.270213], [-78.355174, 38.270182], [-78.355169, 38.270121], [-78.355165, 38.270078], [-78.355137, 38.269962], [-78.355096, 38.269874], [-78.355065, 38.269794], [-78.355038, 38.269688], [-78.355033, 38.269581], [-78.355037, 38.269509], [-78.355075, 38.269425], [-78.35511, 38.269361], [-78.35513, 38.269313], [-78.355186, 38.269269], [-78.355218, 38.269245], [-78.355318, 38.2692], [-78.355429, 38.26918], [-78.355453, 38.269175], [-78.355552, 38.26916], [-78.355894, 38.269107], [-78.356171, 38.26909], [-78.356316, 38.269091], [-78.356399, 38.269109], [-78.356647, 38.269268], [-78.356873, 38.269412], [-78.357122, 38.269598], [-78.357504, 38.269916], [-78.357666, 38.270071], [-78.357675, 38.270079], [-78.357728, 38.270163], [-78.357732, 38.270242], [-78.357572, 38.270518], [-78.356417, 38.272514], [-78.356314, 38.272731], [-78.356277, 38.272856], [-78.356259, 38.272919], [-78.35609, 38.273771], [-78.355999, 38.274475], [-78.355927, 38.27502], [-78.355914, 38.275119], [-78.355898, 38.275236], [-78.355897, 38.275307], [-78.355831, 38.275341], [-78.355713, 38.275351], [-78.355622, 38.275336], [-78.355575, 38.275302], [-78.355648, 38.274917], [-78.355639, 38.274817], [-78.355576, 38.27473], [-78.355488, 38.274586], [-78.355306, 38.274283], [-78.355196, 38.274061], [-78.355116, 38.273906], [-78.355041, 38.273753], [-78.355006, 38.273681], [-78.354974, 38.273571], [-78.354993, 38.273391], [-78.355002, 38.273336], [-78.355017, 38.27324], [-78.355025, 38.273178], [-78.355047, 38.272986], [-78.35514, 38.27274], [-78.355293, 38.272535], [-78.355387, 38.27249], [-78.355494, 38.272451], [-78.355564, 38.272413], [-78.35563, 38.272365], [-78.355677, 38.272288], [-78.355748, 38.272161], [-78.355844, 38.271983], [-78.35587, 38.27194], [-78.355996, 38.271736], [-78.356113, 38.271521], [-78.356161, 38.271384], [-78.356183, 38.271266], [-78.356182, 38.271144], [-78.356158, 38.27103], [-78.356075, 38.270797], [-78.355938, 38.270586], [-78.355901, 38.270546], [-78.355809, 38.270447], [-78.355724, 38.270361], [-78.355611, 38.270241]]]}}, {"type": "Feature", "properties": {"field_id": "DF30", "acreage": 43.95, "farm": "Duck Farm", "client": "Cedar Springs"}, "geometry": {"type": "Polygon", "coordinates": [[[-78.236278, 38.425664], [-78.236396, 38.425609], [-78.236623, 38.425457], [-78.236645, 38.425443], [-78.237002, 38.425215], [-78.237083, 38.425138], [-78.237122, 38.425092], [-78.237145, 38.425007], [-78.237148, 38.424973], [-78.237162, 38.424848], [-78.237182, 38.424804], [-78.237204, 38.424761], [-78.237255, 38.424701], [-78.237342, 38.424635], [-78.237405, 38.424586], [-78.237477, 38.42451], [-78.237506, 38.424457], [-78.237524, 38.424419], [-78.237533, 38.424313], [-78.237533, 38.424274], [-78.237535, 38.424253], [-78.237535, 38.424249], [-78.237535, 38.424242], [-78.237533, 38.42422], [-78.237532, 38.424212], [-78.237529, 38.42419], [-78.237526, 38.424173], [-78.237525, 38.424156], [-78.237525, 38.424137], [-78.237526, 38.424118], [-78.237527, 38.424098], [-78.237529, 38.42408], [-78.237531, 38.424061], [-78.237534, 38.42404], [-78.237535, 38.424036], [-78.237537, 38.424017], [-78.237539, 38.423998], [-78.237541, 38.42398], [-78.237545, 38.423961], [-78.237546, 38.423956], [-78.237548, 38.423939], [-78.237552, 38.42392], [-78.237556, 38.423897], [-78.237556, 38.423894], [-78.237559, 38.423874], [-78.237563, 38.423854], [-78.237564, 38.423849], [-78.237568, 38.423826], [-78.237572, 38.423802], [-78.237573, 38.423795], [-78.237575, 38.423771], [-78.237577, 38.423749], [-78.23758, 38.423725], [-78.237583, 38.423703], [-78.237587, 38.42368], [-78.237588, 38.423676], [-78.237591, 38.42365], [-78.237594, 38.423625], [-78.237597, 38.423598], [-78.2376, 38.42357], [-78.237602, 38.423547], [-78.237605, 38.423523], [-78.237605, 38.42352], [-78.237608, 38.423498], [-78.23761, 38.423477], [-78.237611, 38.423469], [-78.237612, 38.423449], [-78.237613, 38.423428], [-78.237615, 38.423407], [-78.237615, 38.423405], [-78.237616, 38.423392], [-78.237623, 38.42336], [-78.237625, 38.423349], [-78.237626, 38.423334], [-78.237626, 38.423331], [-78.237626, 38.423326], [-78.237626, 38.423321], [-78.237626, 38.423311], [-78.237626, 38.423307], [-78.237626, 38.423294], [-78.237627, 38.42328], [-78.237627, 38.423271], [-78.237625, 38.423255], [-78.237625, 38.423243], [-78.237626, 38.423231], [-78.237629, 38.42321], [-78.237631, 38.42319], [-78.237635, 38.42317], [-78.237635, 38.423167], [-78.237638, 38.423144], [-78.237641, 38.423121], [-78.237641, 38.423119], [-78.237644, 38.423095], [-78.237644, 38.423093], [-78.237646, 38.423069], [-78.237649, 38.423046], [-78.237652, 38.423024], [-78.237652, 38.423016], [-78.237652, 38.423013], [-78.237652, 38.42299], [-78.237652, 38.422966], [-78.237674, 38.422891], [-78.237684, 38.422881], [-78.237704, 38.422864], [-78.237718, 38.422854], [-78.237727, 38.422849], [-78.237739, 38.422843], [-78.237751, 38.422837], [-78.237759, 38.422833], [-78.237778, 38.422827], [-78.237785, 38.422825], [-78.237813, 38.422819], [-78.237903, 38.422812], [-78.238718, 38.42275], [-78.238734, 38.422749], [-78.238764, 38.422749], [-78.238769, 38.422749], [-78.238781, 38.422749], [-78.238809, 38.422752], [-78.238818, 38.422753], [-78.238839, 38.422758], [-78.238888, 38.42278], [-78.238893, 38.422786], [-78.238925, 38.422821], [-78.238947, 38.422861], [-78.239002, 38.423046], [-78.239146, 38.423362], [-78.239399, 38.423831], [-78.239419, 38.423898], [-78.239424, 38.423943], [-78.239423, 38.42397], [-78.239417, 38.424], [-78.239398, 38.424092], [-78.239105, 38.424824], [-78.238967, 38.425201], [-78.238949, 38.425271], [-78.238942, 38.425339], [-78.238944, 38.425426], [-78.238974, 38.425587], [-78.239042, 38.425831], [-78.239106, 38.426155], [-78.239131, 38.426251], [-78.239157, 38.426325], [-78.239207, 38.426449], [-78.239207, 38.426502], [-78.239002, 38.427114], [-78.23879, 38.4277], [-78.238718, 38.427828], [-78.238691, 38.427861], [-78.238502, 38.428026], [-78.238435, 38.428078], [-78.238149, 38.428319], [-78.238002, 38.428431], [-78.237937, 38.42848], [-78.237559, 38.428729], [-78.237362, 38.428861], [-78.237316, 38.428891], [-78.237265, 38.428925], [-78.237134, 38.429012], [-78.236986, 38.429092], [-78.236789, 38.429174], [-78.236702, 38.429198], [-78.236674, 38.429202], [-78.23661, 38.429197], [-78.236543, 38.429178], [-78.236439, 38.429147], [-78.23634, 38.42911], [-78.236216, 38.429065], [-78.235989, 38.428994], [-78.235884, 38.428974], [-78.235839, 38.428969], [-78.235818, 38.428974], [-78.235803, 38.428981], [-78.235782, 38.428992], [-78.235779, 38.428995], [-78.235774, 38.429028], [-78.235776, 38.429079], [-78.235774, 38.429124], [-78.235762, 38.429162], [-78.235726, 38.429191], [-78.235583, 38.429286], [-78.235171, 38.429646], [-78.235057, 38.429759], [-78.234868, 38.429946], [-78.234813, 38.429977], [-78.234771, 38.429989], [-78.234738, 38.42999], [-78.234696, 38.429979], [-78.234664, 38.429961], [-78.234631, 38.429935], [-78.234613, 38.429915], [-78.234602, 38.429872], [-78.234623, 38.42982], [-78.234659, 38.429768], [-78.234722, 38.429689], [-78.234763, 38.429609], [-78.234793, 38.42953], [-78.234807, 38.429447], [-78.234807, 38.429354], [-78.234792, 38.429267], [-78.234761, 38.429174], [-78.234729, 38.42912], [-78.234704, 38.42909], [-78.234659, 38.429068], [-78.234614, 38.429067], [-78.23412, 38.429195], [-78.234014, 38.429207], [-78.233968, 38.429203], [-78.233927, 38.429187], [-78.233898, 38.429157], [-78.233682, 38.428554], [-78.233681, 38.428528], [-78.233687, 38.428504], [-78.233835, 38.428417], [-78.23456, 38.427981], [-78.234643, 38.427924], [-78.23558, 38.427286], [-78.235827, 38.427144], [-78.23625, 38.426898], [-78.236296, 38.426864], [-78.236301, 38.42686], [-78.236306, 38.426845], [-78.236303, 38.426831], [-78.236291, 38.426816], [-78.236258, 38.426799], [-78.236226, 38.426794], [-78.236192, 38.426794], [-78.236136, 38.426831], [-78.236069, 38.426844], [-78.235988, 38.426839], [-78.235934, 38.426818], [-78.235592, 38.426486], [-78.235484, 38.426355], [-78.235268, 38.425972], [-78.235264, 38.425927], [-78.235265, 38.425894], [-78.235283, 38.425859], [-78.23545, 38.42573], [-78.235936, 38.425372], [-78.236047, 38.425325], [-78.23609, 38.425318], [-78.236114, 38.425321], [-78.236139, 38.425334], [-78.236155, 38.425355], [-78.236163, 38.425387], [-78.236137, 38.425456], [-78.236029, 38.425552], [-78.236017, 38.425596], [-78.236023, 38.425627], [-78.236045, 38.425655], [-78.236071, 38.42568], [-78.23611, 38.425695], [-78.236164, 38.425704], [-78.236278, 38.425664]]]}}, {"type": "Feature", "properties": {"field_id": "DF29", "acreage": 27.03, "farm": "Duck Farm", "client": "Cedar Springs"}, "geometry": {"type": "Polygon", "coordinates": [[[-78.239307, 38.420146], [-78.239329, 38.420145], [-78.239331, 38.420145], [-78.239363, 38.420146], [-78.239381, 38.420148], [-78.239402, 38.420153], [-78.239433, 38.420163], [-78.239452, 38.42017], [-78.239464, 38.420177], [-78.239491, 38.420194], [-78.239496, 38.420197], [-78.239503, 38.420203], [-78.239528, 38.420223], [-78.239554, 38.420244], [-78.239582, 38.420267], [-78.239606, 38.420287], [-78.239632, 38.420304], [-78.239662, 38.420322], [-78.239689, 38.420337], [-78.239716, 38.420349], [-78.239748, 38.420364], [-78.239778, 38.420378], [-78.23978, 38.420379], [-78.239811, 38.420394], [-78.239815, 38.420396], [-78.239844, 38.420412], [-78.239852, 38.420417], [-78.239879, 38.420434], [-78.239882, 38.420436], [-78.239892, 38.420444], [-78.239915, 38.420465], [-78.23992, 38.420469], [-78.239922, 38.420472], [-78.239942, 38.420493], [-78.239951, 38.420504], [-78.239966, 38.420527], [-78.239974, 38.420541], [-78.239983, 38.420561], [-78.239986, 38.420567], [-78.239982, 38.420597], [-78.239969, 38.420631], [-78.239954, 38.420657], [-78.239922, 38.420686], [-78.239838, 38.420742], [-78.239722, 38.420835], [-78.239607, 38.420927], [-78.239567, 38.420964], [-78.239515, 38.421013], [-78.239413, 38.42111], [-78.239215, 38.421302], [-78.239121, 38.421389], [-78.239078, 38.421429], [-78.239003, 38.421498], [-78.238931, 38.421565], [-78.238852, 38.421644], [-78.238791, 38.421706], [-78.238765, 38.421731], [-78.238712, 38.421784], [-78.238706, 38.421788], [-78.238628, 38.421895], [-78.238617, 38.421963], [-78.238644, 38.422089], [-78.238669, 38.422149], [-78.238749, 38.422348], [-78.238752, 38.422405], [-78.238731, 38.422454], [-78.23868, 38.422482], [-78.238597, 38.422507], [-78.238059, 38.422536], [-78.237852, 38.422547], [-78.237778, 38.422542], [-78.237736, 38.42252], [-78.237731, 38.42252], [-78.237718, 38.422487], [-78.237711, 38.42247], [-78.237701, 38.422382], [-78.237702, 38.422313], [-78.237703, 38.422175], [-78.237704, 38.422044], [-78.237737, 38.421748], [-78.237788, 38.421521], [-78.237792, 38.421503], [-78.23782, 38.421389], [-78.237842, 38.421341], [-78.237856, 38.42131], [-78.2379, 38.421256], [-78.237958, 38.4212], [-78.238216, 38.42102], [-78.238508, 38.420834], [-78.238655, 38.420751], [-78.238814, 38.420661], [-78.238914, 38.420601], [-78.238956, 38.420568], [-78.239017, 38.420503], [-78.239034, 38.420483], [-78.239047, 38.420463], [-78.239059, 38.420443], [-78.239067, 38.420421], [-78.239075, 38.420396], [-78.239084, 38.420369], [-78.239091, 38.420344], [-78.239093, 38.420337], [-78.239104, 38.42031], [-78.239107, 38.420303], [-78.239119, 38.420279], [-78.239122, 38.420273], [-78.239135, 38.420252], [-78.239146, 38.420233], [-78.239153, 38.420224], [-78.239165, 38.42021], [-78.239184, 38.420194], [-78.2392, 38.420182], [-78.239206, 38.420178], [-78.239227, 38.420167], [-78.239239, 38.420161], [-78.239258, 38.420155], [-78.239269, 38.420152], [-78.239297, 38.420147], [-78.239307, 38.420146]], [[-78.235239, 38.421297], [-78.235264, 38.42134], [-78.235284, 38.42136], [-78.235313, 38.421385], [-78.235359, 38.421408], [-78.235428, 38.421421], [-78.235498, 38.421417], [-78.235548, 38.421416], [-78.235592, 38.42142], [-78.235634, 38.421427], [-78.235678, 38.421443], [-78.235715, 38.421455], [-78.235742, 38.421458], [-78.235761, 38.421442], [-78.235757, 38.421423], [-78.235734, 38.421397], [-78.235717, 38.421381], [-78.235667, 38.421351], [-78.235548, 38.421298], [-78.235491, 38.421259], [-78.235475, 38.421225], [-78.235466, 38.421151], [-78.235486, 38.42104], [-78.235528, 38.420955], [-78.235592, 38.420863], [-78.235629, 38.420824], [-78.235708, 38.420801], [-78.235763, 38.4208], [-78.235791, 38.420812], [-78.235809, 38.420835], [-78.23581, 38.420867], [-78.235767, 38.420984], [-78.235774, 38.420994], [-78.235779, 38.420994], [-78.235791, 38.420982], [-78.235842, 38.420883], [-78.235858, 38.420858], [-78.235884, 38.420836], [-78.235939, 38.420829], [-78.236, 38.420835], [-78.236118, 38.420874], [-78.236501, 38.421042], [-78.236541, 38.421066], [-78.236564, 38.421096], [-78.236573, 38.421136], [-78.236567, 38.421164], [-78.236559, 38.421195], [-78.236526, 38.421276], [-78.236488, 38.42134], [-78.236293, 38.421634], [-78.23628, 38.421668], [-78.23628, 38.421682], [-78.236295, 38.421689], [-78.236307, 38.421685], [-78.236384, 38.421559], [-78.23645, 38.421471], [-78.236622, 38.421175], [-78.236675, 38.421071], [-78.236701, 38.421012], [-78.236788, 38.420848], [-78.236821, 38.420808], [-78.236889, 38.420742], [-78.236908, 38.420711], [-78.23693, 38.42066], [-78.236936, 38.420619], [-78.236871, 38.420309], [-78.236864, 38.42017], [-78.236865, 38.420159], [-78.236866, 38.420133], [-78.236867, 38.420127], [-78.236871, 38.420101], [-78.236872, 38.420091], [-78.236875, 38.420083], [-78.236885, 38.420059], [-78.236888, 38.420052], [-78.236892, 38.420045], [-78.236905, 38.420023], [-78.23691, 38.420016], [-78.236911, 38.420015], [-78.236916, 38.420009], [-78.236935, 38.419989], [-78.236943, 38.419981], [-78.236948, 38.419976], [-78.236971, 38.419958], [-78.236979, 38.419953], [-78.237005, 38.419936], [-78.237008, 38.419934], [-78.237036, 38.419917], [-78.237061, 38.419901], [-78.237085, 38.419887], [-78.237107, 38.41987], [-78.237114, 38.419866], [-78.237139, 38.41985], [-78.237164, 38.419832], [-78.237168, 38.419829], [-78.237197, 38.419811], [-78.237227, 38.419791], [-78.237255, 38.419774], [-78.237281, 38.419756], [-78.237285, 38.419753], [-78.237313, 38.419735], [-78.237342, 38.419716], [-78.237344, 38.419715], [-78.237374, 38.419697], [-78.237403, 38.419679], [-78.237433, 38.419661], [-78.237462, 38.419643], [-78.237466, 38.419641], [-78.237494, 38.419625], [-78.237521, 38.419609], [-78.237547, 38.419592], [-78.237574, 38.419575], [-78.237577, 38.419573], [-78.237606, 38.419555], [-78.237635, 38.419537], [-78.237663, 38.419519], [-78.23769, 38.419502], [-78.237692, 38.419501], [-78.237717, 38.419485], [-78.237743, 38.419468], [-78.23777, 38.41945], [-78.237794, 38.419432], [-78.23782, 38.419415], [-78.237847, 38.419397], [-78.237875, 38.419378], [-78.237904, 38.419358], [-78.237907, 38.419357], [-78.237936, 38.419338], [-78.237966, 38.419319], [-78.23797, 38.419316], [-78.238, 38.419299], [-78.238004, 38.419297], [-78.238035, 38.41928], [-78.238067, 38.419262], [-78.238098, 38.419244], [-78.238127, 38.419227], [-78.238153, 38.41921], [-78.23818, 38.41919], [-78.238183, 38.419188], [-78.238211, 38.419169], [-78.23824, 38.419149], [-78.238268, 38.419131], [-78.238295, 38.419112], [-78.238325, 38.419092], [-78.238355, 38.419073], [-78.238357, 38.419072], [-78.238359, 38.41907], [-78.238389, 38.419053], [-78.23842, 38.419034], [-78.238433, 38.419028], [-78.238465, 38.419014], [-78.238474, 38.41901], [-78.238506, 38.418999], [-78.23851, 38.418998], [-78.238538, 38.418989], [-78.238545, 38.418987], [-78.238565, 38.418983], [-78.238586, 38.418982], [-78.238608, 38.418984], [-78.238623, 38.418988], [-78.23866, 38.418998], [-78.238665, 38.418999], [-78.238684, 38.419007], [-78.238701, 38.419017], [-78.238714, 38.419028], [-78.23873, 38.419043], [-78.238738, 38.419052], [-78.238751, 38.419068], [-78.238755, 38.419074], [-78.23877, 38.419095], [-78.238775, 38.419104], [-78.238787, 38.419128], [-78.2388, 38.419151], [-78.238814, 38.419175], [-78.238828, 38.4192], [-78.238839, 38.419219], [-78.238852, 38.419238], [-78.238855, 38.419244], [-78.238867, 38.419265], [-78.238869, 38.419269], [-78.23888, 38.41929], [-78.238882, 38.419295], [-78.238884, 38.419302], [-78.238892, 38.419326], [-78.238894, 38.419333], [-78.238899, 38.419355], [-78.238905, 38.41938], [-78.238906, 38.419383], [-78.238912, 38.419411], [-78.238913, 38.419415], [-78.238914, 38.419417], [-78.238918, 38.419445], [-78.238923, 38.419474], [-78.238924, 38.419477], [-78.238928, 38.419506], [-78.238929, 38.41951], [-78.238932, 38.41954], [-78.238932, 38.419543], [-78.238934, 38.419572], [-78.238934, 38.419577], [-78.238934, 38.419608], [-78.238934, 38.419637], [-78.238935, 38.419665], [-78.238936, 38.419695], [-78.238936, 38.419698], [-78.238936, 38.419725], [-78.238937, 38.41975], [-78.23894, 38.419776], [-78.238942, 38.419803], [-78.238945, 38.419822], [-78.238945, 38.419828], [-78.238946, 38.419838], [-78.238947, 38.419842], [-78.238952, 38.419854], [-78.23896, 38.41987], [-78.238969, 38.419885], [-78.238982, 38.419903], [-78.238997, 38.419925], [-78.239013, 38.419948], [-78.239015, 38.41995], [-78.239029, 38.419972], [-78.239032, 38.419976], [-78.239046, 38.42], [-78.239049, 38.420008], [-78.23906, 38.420032], [-78.239061, 38.420034], [-78.239063, 38.420038], [-78.239072, 38.420064], [-78.239074, 38.42007], [-78.239075, 38.420073], [-78.239073, 38.420146], [-78.239054, 38.420256], [-78.239054, 38.420365], [-78.23904, 38.420424], [-78.239035, 38.420448], [-78.23903, 38.420455], [-78.238956, 38.420533], [-78.238952, 38.420536], [-78.238858, 38.420596], [-78.238852, 38.420599], [-78.238712, 38.420674], [-78.2383, 38.420923], [-78.238037, 38.421097], [-78.237909, 38.421184], [-78.237816, 38.42128], [-78.237813, 38.421281], [-78.237736, 38.421429], [-78.237703, 38.421523], [-78.237694, 38.421549], [-78.237645, 38.421791], [-78.237616, 38.422249], [-78.237609, 38.422354], [-78.237613, 38.422436], [-78.237605, 38.422503], [-78.237602, 38.422516], [-78.237594, 38.422551], [-78.237562, 38.422566], [-78.237538, 38.422567], [-78.237323, 38.422564], [-78.237042, 38.422621], [-78.236506, 38.422767], [-78.236299, 38.422833], [-78.236249, 38.422864], [-78.23623, 38.422892], [-78.236245, 38.422974], [-78.236294, 38.423099], [-78.2363, 38.423164], [-78.236284, 38.423218], [-78.236274, 38.42324], [-78.236236, 38.423284], [-78.23616, 38.423334], [-78.236061, 38.423376], [-78.235998, 38.423395], [-78.235924, 38.42341], [-78.235849, 38.423418], [-78.235748, 38.423412], [-78.235706, 38.423403], [-78.235626, 38.423371], [-78.235596, 38.423346], [-78.235562, 38.423307], [-78.235522, 38.423186], [-78.235505, 38.423148], [-78.235491, 38.423131], [-78.235478, 38.423118], [-78.235456, 38.423102], [-78.235403, 38.423091], [-78.235215, 38.423108], [-78.235159, 38.423111], [-78.235105, 38.42311], [-78.235042, 38.423108], [-78.235008, 38.423094], [-78.23496, 38.423053], [-78.234931, 38.423006], [-78.234841, 38.422767], [-78.234822, 38.42262], [-78.234696, 38.422033], [-78.234583, 38.421508], [-78.234586, 38.421473], [-78.234589, 38.421437], [-78.234614, 38.421391], [-78.235029, 38.42116], [-78.235067, 38.421145], [-78.235099, 38.421135], [-78.235126, 38.421133], [-78.235179, 38.421145], [-78.235194, 38.421157], [-78.235206, 38.421171], [-78.235214, 38.421187], [-78.235215, 38.42119], [-78.235218, 38.421192], [-78.235234, 38.421241], [-78.235235, 38.421274], [-78.235239, 38.421297]]]}}, {"type": "Feature", "properties": {"field_id": "DF27", "acreage": 19.62, "farm": "Duck Farm", "client": "Cedar Springs"}, "geometry": {"type": "Polygon", "coordinates": [[[-78.238908, 38.42252], [-78.238787, 38.422127], [-78.238798, 38.422004], [-78.238797, 38.421958], [-78.238806, 38.421897], [-78.238821, 38.42185], [-78.238842, 38.421801], [-78.238877, 38.421748], [-78.238949, 38.421668], [-78.239024, 38.421591], [-78.239376, 38.421269], [-78.239533, 38.421118], [-78.239573, 38.421078], [-78.239841, 38.420798], [-78.240017, 38.42069], [-78.24013, 38.420649], [-78.240179, 38.420656], [-78.24022, 38.420705], [-78.2403, 38.420792], [-78.240578, 38.421047], [-78.240608, 38.421106], [-78.24061, 38.421153], [-78.240588, 38.421235], [-78.240407, 38.421655], [-78.240229, 38.42209], [-78.240163, 38.422188], [-78.240116, 38.422234], [-78.240035, 38.422284], [-78.239935, 38.422308], [-78.239925, 38.422312], [-78.239869, 38.422318], [-78.23984, 38.422339], [-78.23985, 38.422364], [-78.239907, 38.422377], [-78.239929, 38.422376], [-78.240006, 38.422398], [-78.240065, 38.422454], [-78.240071, 38.422469], [-78.240062, 38.422527], [-78.240049, 38.422568], [-78.239949, 38.422825], [-78.239865, 38.423018], [-78.239825, 38.423118], [-78.239731, 38.42333], [-78.239644, 38.423512], [-78.239634, 38.423531], [-78.239568, 38.423692], [-78.239545, 38.423721], [-78.239513, 38.42375], [-78.239465, 38.423761], [-78.239438, 38.423735], [-78.239375, 38.423625], [-78.23922, 38.423352], [-78.239069, 38.423078], [-78.239023, 38.422941], [-78.238908, 38.42252]], [[-78.240353, 38.425516], [-78.240217, 38.425282], [-78.240074, 38.424968], [-78.239997, 38.424801], [-78.239837, 38.424498], [-78.239755, 38.424342], [-78.239694, 38.424219], [-78.239593, 38.424013], [-78.239599, 38.423947], [-78.239607, 38.423921], [-78.23963, 38.423862], [-78.239662, 38.423798], [-78.239697, 38.423686], [-78.239737, 38.423575], [-78.239789, 38.42344], [-78.239828, 38.423345], [-78.239865, 38.423246], [-78.239924, 38.423099], [-78.239939, 38.423064], [-78.239945, 38.423049], [-78.239989, 38.422944], [-78.240078, 38.422728], [-78.240139, 38.422579], [-78.240157, 38.422527], [-78.240179, 38.42245], [-78.24023, 38.422385], [-78.240283, 38.422356], [-78.240328, 38.42234], [-78.240383, 38.422329], [-78.240478, 38.422337], [-78.240526, 38.422355], [-78.240584, 38.42239], [-78.240621, 38.422422], [-78.240694, 38.422489], [-78.240782, 38.422585], [-78.24081, 38.422612], [-78.240843, 38.422646], [-78.24091, 38.42271], [-78.240947, 38.422756], [-78.240984, 38.422806], [-78.241016, 38.422862], [-78.241039, 38.422917], [-78.241056, 38.422974], [-78.241082, 38.423079], [-78.241126, 38.423276], [-78.241139, 38.423356], [-78.241158, 38.423433], [-78.241178, 38.423525], [-78.241203, 38.423619], [-78.24122, 38.423706], [-78.241264, 38.423926], [-78.241282, 38.424028], [-78.241314, 38.424173], [-78.241319, 38.424229], [-78.241318, 38.424276], [-78.241309, 38.424329], [-78.241213, 38.424466], [-78.241118, 38.424623], [-78.241018, 38.424743], [-78.240936, 38.424815], [-78.240765, 38.424882], [-78.240481, 38.424996], [-78.240431, 38.425013], [-78.240423, 38.425037], [-78.240443, 38.42508], [-78.240481, 38.425124], [-78.24051, 38.425168], [-78.240537, 38.425222], [-78.240567, 38.425281], [-78.240599, 38.42533], [-78.240639, 38.425339], [-78.240638, 38.42531], [-78.240626, 38.425253], [-78.240603, 38.425211], [-78.240567, 38.42515], [-78.240547, 38.425079], [-78.240567, 38.425051], [-78.240604, 38.425016], [-78.240632, 38.424996], [-78.240634, 38.424995], [-78.24078, 38.424947], [-78.240985, 38.424874], [-78.241076, 38.424765], [-78.241147, 38.424651], [-78.241191, 38.424593], [-78.241249, 38.424529], [-78.241311, 38.424504], [-78.241362, 38.42452], [-78.2414, 38.424593], [-78.241434, 38.424701], [-78.241416, 38.424846], [-78.241356, 38.424919], [-78.241236, 38.425065], [-78.24115, 38.425138], [-78.240788, 38.425367], [-78.240439, 38.425542], [-78.240372, 38.425527], [-78.240353, 38.425516]], [[-78.23954, 38.424235], [-78.239545, 38.424231], [-78.239645, 38.42426], [-78.239816, 38.424474], [-78.239973, 38.424867], [-78.240095, 38.425095], [-78.240188, 38.425288], [-78.240233, 38.425404], [-78.240238, 38.425416], [-78.24028, 38.425502], [-78.24028, 38.425602], [-78.240252, 38.425652], [-78.239217, 38.426302], [-78.239214, 38.426291], [-78.23916, 38.426066], [-78.239103, 38.425802], [-78.23906, 38.425573], [-78.239031, 38.425452], [-78.239031, 38.425374], [-78.23906, 38.425224], [-78.239095, 38.425102], [-78.23916, 38.42501], [-78.23921, 38.424902], [-78.239245, 38.424824], [-78.23931, 38.424724], [-78.239338, 38.42461], [-78.239381, 38.424503], [-78.239417, 38.42441], [-78.239452, 38.424331], [-78.239509, 38.424253], [-78.23954, 38.424235]]]}}, {"type": "Feature", "properties": {"field_id": "SM1", "acreage": 11.33, "farm": "Samuels", "client": "Cedar Springs"}, "geometry": {"type": "Polygon", "coordinates": [[[-78.30561, 38.316246], [-78.305386, 38.316483], [-78.305357, 38.316523], [-78.30533, 38.316619], [-78.305333, 38.316646], [-78.305343, 38.316678], [-78.30536, 38.316704], [-78.305377, 38.316733], [-78.305401, 38.316782], [-78.305401, 38.316821], [-78.30539, 38.316872], [-78.305321, 38.316968], [-78.305284, 38.316999], [-78.305129, 38.317064], [-78.304934, 38.317238], [-78.304577, 38.317446], [-78.304505, 38.31749], [-78.304456, 38.31753], [-78.304405, 38.317579], [-78.304373, 38.317621], [-78.304344, 38.317666], [-78.304311, 38.31772], [-78.304267, 38.317775], [-78.303748, 38.318185], [-78.303647, 38.318254], [-78.303608, 38.318275], [-78.303568, 38.318281], [-78.303504, 38.318274], [-78.303064, 38.318127], [-78.302569, 38.31798], [-78.30252, 38.317955], [-78.302491, 38.317931], [-78.302476, 38.317908], [-78.302474, 38.317871], [-78.302479, 38.317828], [-78.302632, 38.317344], [-78.302748, 38.316847], [-78.302942, 38.316317], [-78.302959, 38.316291], [-78.303018, 38.316266], [-78.303218, 38.316206], [-78.30335, 38.316182], [-78.303474, 38.316155], [-78.303567, 38.316105], [-78.303676, 38.316005], [-78.303701, 38.31597], [-78.303717, 38.315917], [-78.303722, 38.315841], [-78.303712, 38.315751], [-78.303692, 38.315651], [-78.303942, 38.315744], [-78.30561, 38.316246]]]}}, {"type": "Feature", "properties": {"field_id": "DP1", "acreage": 37.13, "farm": "Davis Place", "client": "Cedar Springs"}, "geometry": {"type": "Polygon", "coordinates": [[[-78.354198, 38.249087], [-78.354188, 38.249114], [-78.353599, 38.249805], [-78.353193, 38.250289], [-78.352814, 38.25098], [-78.352601, 38.251353], [-78.352529, 38.251398], [-78.352465, 38.251414], [-78.352401, 38.251421], [-78.352287, 38.251415], [-78.351765, 38.251325], [-78.351447, 38.251275], [-78.350865, 38.251182], [-78.350519, 38.251148], [-78.350384, 38.251128], [-78.350266, 38.251084], [-78.350137, 38.251025], [-78.349948, 38.250902], [-78.349851, 38.250816], [-78.349771, 38.250726], [-78.349664, 38.250564], [-78.349328, 38.249913], [-78.34909, 38.249493], [-78.348852, 38.249035], [-78.348656, 38.24855], [-78.348585, 38.248419], [-78.348464, 38.248237], [-78.348435, 38.248197], [-78.348381, 38.248135], [-78.348133, 38.247906], [-78.347895, 38.247749], [-78.347527, 38.247533], [-78.346974, 38.247236], [-78.346222, 38.246902], [-78.345202, 38.246478], [-78.344908, 38.246337], [-78.344749, 38.246241], [-78.34471, 38.2462], [-78.344674, 38.246141], [-78.344673, 38.246117], [-78.34468, 38.246074], [-78.344695, 38.246044], [-78.34471, 38.246029], [-78.344845, 38.24596], [-78.344984, 38.245909], [-78.345099, 38.245877], [-78.345209, 38.245852], [-78.345692, 38.245778], [-78.345988, 38.245755], [-78.346223, 38.245734], [-78.346446, 38.245688], [-78.346662, 38.245648], [-78.34677, 38.245617], [-78.346848, 38.245565], [-78.347038, 38.245466], [-78.347123, 38.245427], [-78.347179, 38.245421], [-78.347228, 38.245427], [-78.347264, 38.245454], [-78.347395, 38.245641], [-78.347664, 38.24601], [-78.348011, 38.24639], [-78.348102, 38.246463], [-78.348187, 38.246517], [-78.348436, 38.24664], [-78.348865, 38.246824], [-78.34891, 38.246845], [-78.349159, 38.246998], [-78.349245, 38.24706], [-78.349295, 38.247128], [-78.349315, 38.24718], [-78.349318, 38.247205], [-78.349311, 38.247252], [-78.349257, 38.247346], [-78.349041, 38.247614], [-78.349032, 38.247633], [-78.349011, 38.247674], [-78.34901, 38.247701], [-78.349016, 38.247733], [-78.34902, 38.247741], [-78.349046, 38.247781], [-78.350147, 38.24868], [-78.350198, 38.248713], [-78.350277, 38.248757], [-78.350351, 38.248786], [-78.350419, 38.248804], [-78.350499, 38.248828], [-78.350555, 38.248853], [-78.351093, 38.249193], [-78.351166, 38.249272], [-78.351208, 38.249347], [-78.351225, 38.249392], [-78.351242, 38.249465], [-78.351285, 38.249591], [-78.351334, 38.249678], [-78.351374, 38.249737], [-78.351551, 38.249867], [-78.351649, 38.249911], [-78.35176, 38.249955], [-78.351954, 38.249999], [-78.352097, 38.250011], [-78.352179, 38.249998], [-78.35223, 38.249977], [-78.352284, 38.249951], [-78.352404, 38.249834], [-78.352471, 38.249742], [-78.352525, 38.249625], [-78.352585, 38.249452], [-78.352632, 38.249333], [-78.352638, 38.24925], [-78.352638, 38.249191], [-78.352617, 38.249129], [-78.35258, 38.249091], [-78.352497, 38.249033], [-78.352399, 38.24895], [-78.352381, 38.248935], [-78.352315, 38.248853], [-78.352288, 38.248802], [-78.352231, 38.248652], [-78.352205, 38.248537], [-78.352178, 38.248412], [-78.352181, 38.248334], [-78.352187, 38.248265], [-78.352231, 38.248106], [-78.352289, 38.247973], [-78.352305, 38.247963], [-78.352341, 38.247977], [-78.352472, 38.248068], [-78.352517, 38.248099], [-78.352706, 38.248209], [-78.352799, 38.248256], [-78.354055, 38.248961], [-78.354195, 38.24906], [-78.354198, 38.249087]]]}}, {"type": "Feature", "properties": {"field_id": "DP2", "acreage": 7.91, "farm": "Davis Place", "client": "Cedar Springs"}, "geometry": {"type": "Polygon", "coordinates": [[[-78.346182, 38.246959], [-78.346256, 38.246985], [-78.346397, 38.247057], [-78.346458, 38.247088], [-78.347445, 38.24759], [-78.347882, 38.247873], [-78.348107, 38.248046], [-78.348147, 38.248083], [-78.348303, 38.24826], [-78.348372, 38.248363], [-78.348741, 38.249067], [-78.348884, 38.249371], [-78.348902, 38.249427], [-78.348887, 38.249463], [-78.348846, 38.249477], [-78.348773, 38.249456], [-78.348495, 38.249314], [-78.348021, 38.249038], [-78.347709, 38.248871], [-78.34764, 38.248839], [-78.347394, 38.248746], [-78.347049, 38.248633], [-78.346735, 38.248488], [-78.346228, 38.2482], [-78.346015, 38.248055], [-78.345729, 38.247875], [-78.345645, 38.247822], [-78.345565, 38.247751], [-78.345559, 38.24774], [-78.345552, 38.247678], [-78.345419, 38.247833], [-78.345333, 38.247941], [-78.345268, 38.247989], [-78.34521, 38.248002], [-78.345168, 38.248001], [-78.345096, 38.247976], [-78.345034, 38.247951], [-78.344954, 38.247894], [-78.344883, 38.247845], [-78.344818, 38.247803], [-78.344744, 38.247768], [-78.344642, 38.247734], [-78.344571, 38.247711], [-78.344451, 38.24767], [-78.344238, 38.247561], [-78.34398, 38.247407], [-78.343814, 38.247248], [-78.343757, 38.247154], [-78.343746, 38.247109], [-78.343757, 38.247056], [-78.343792, 38.247012], [-78.343851, 38.246966], [-78.343894, 38.246952], [-78.343988, 38.24694], [-78.34411, 38.246926], [-78.344228, 38.246917], [-78.344313, 38.246907], [-78.34441, 38.246885], [-78.344459, 38.246872], [-78.344536, 38.246833], [-78.344567, 38.246805], [-78.344602, 38.246775], [-78.344649, 38.246717], [-78.344696, 38.246693], [-78.345013, 38.246491], [-78.345021, 38.246476], [-78.34514, 38.246513], [-78.345923, 38.246855], [-78.346042, 38.246908], [-78.346066, 38.246918], [-78.346083, 38.246939], [-78.346182, 38.246959]]]}}, {"type": "Feature", "properties": {"field_id": "DP6", "acreage": 24.08, "farm": "Davis Place", "client": "Cedar Springs"}, "geometry": {"type": "Polygon", "coordinates": [[[-78.345983, 38.2442], [-78.346009, 38.244219], [-78.346037, 38.244233], [-78.346107, 38.244249], [-78.346168, 38.244244], [-78.346196, 38.244236], [-78.346271, 38.244197], [-78.346293, 38.244182], [-78.346353, 38.244126], [-78.346399, 38.244066], [-78.346438, 38.244054], [-78.346482, 38.244055], [-78.346517, 38.244082], [-78.346741, 38.244436], [-78.346768, 38.244485], [-78.346879, 38.244643], [-78.346957, 38.244758], [-78.346981, 38.244829], [-78.346983, 38.244899], [-78.346972, 38.245008], [-78.346942, 38.245101], [-78.346913, 38.245157], [-78.34683, 38.245258], [-78.346542, 38.245525], [-78.346497, 38.245565], [-78.346466, 38.245618], [-78.346458, 38.245686], [-78.346446, 38.245688], [-78.346223, 38.245734], [-78.345988, 38.245755], [-78.345692, 38.245778], [-78.345453, 38.245815], [-78.345507, 38.245719], [-78.345547, 38.245695], [-78.345635, 38.24566], [-78.345775, 38.245604], [-78.345894, 38.245514], [-78.345927, 38.245469], [-78.345927, 38.245406], [-78.345899, 38.245315], [-78.345831, 38.245243], [-78.345676, 38.245186], [-78.345507, 38.245167], [-78.345333, 38.245205], [-78.345112, 38.245246], [-78.344998, 38.245279], [-78.344942, 38.24531], [-78.344807, 38.245409], [-78.344737, 38.24548], [-78.344651, 38.24558], [-78.344576, 38.245668], [-78.34455, 38.245727], [-78.344508, 38.245865], [-78.344494, 38.245964], [-78.344496, 38.24603], [-78.344522, 38.246103], [-78.344552, 38.246152], [-78.344636, 38.246232], [-78.344753, 38.246316], [-78.344797, 38.246345], [-78.344835, 38.246365], [-78.344961, 38.24643], [-78.345016, 38.246459], [-78.345021, 38.246476], [-78.345013, 38.246491], [-78.344696, 38.246693], [-78.344625, 38.246729], [-78.344552, 38.246746], [-78.344507, 38.246745], [-78.344116, 38.246759], [-78.343839, 38.24678], [-78.343695, 38.246783], [-78.343566, 38.246779], [-78.343499, 38.246767], [-78.34343, 38.246728], [-78.343373, 38.246675], [-78.343243, 38.24654], [-78.343172, 38.246484], [-78.343024, 38.246398], [-78.342873, 38.24631], [-78.342676, 38.246222], [-78.342352, 38.246115], [-78.342043, 38.246031], [-78.341576, 38.245838], [-78.3415, 38.245806], [-78.341429, 38.245751], [-78.341353, 38.245645], [-78.34134, 38.245609], [-78.341352, 38.245579], [-78.341395, 38.245532], [-78.341442, 38.245492], [-78.341884, 38.245115], [-78.342076, 38.244913], [-78.342287, 38.244649], [-78.34255, 38.244305], [-78.342606, 38.244246], [-78.342675, 38.244204], [-78.342905, 38.244101], [-78.343007, 38.244064], [-78.343156, 38.244023], [-78.343538, 38.243937], [-78.344405, 38.243775], [-78.344706, 38.243712], [-78.344865, 38.243689], [-78.345005, 38.243681], [-78.345098, 38.243677], [-78.345203, 38.243683], [-78.345279, 38.24369], [-78.345479, 38.243751], [-78.345562, 38.243787], [-78.345654, 38.243853], [-78.345877, 38.244056], [-78.345949, 38.244153], [-78.345983, 38.2442]], [[-78.342999, 38.245775], [-78.342954, 38.245776], [-78.342937, 38.24578], [-78.342889, 38.2458], [-78.342869, 38.245811], [-78.342843, 38.245832], [-78.34282, 38.245861], [-78.342814, 38.245899], [-78.342816, 38.245933], [-78.342832, 38.245965], [-78.342859, 38.245996], [-78.342901, 38.246016], [-78.342932, 38.246021], [-78.342988, 38.246018], [-78.34304, 38.246004], [-78.343088, 38.245973], [-78.343121, 38.245924], [-78.343126, 38.245892], [-78.343118, 38.245857], [-78.343097, 38.245816], [-78.34307, 38.245793], [-78.343061, 38.245788], [-78.342999, 38.245775]]]}}, {"type": "Feature", "properties": {"field_id": "DP5", "acreage": 9.15, "farm": "Davis Place", "client": "Cedar Springs"}, "geometry": {"type": "Polygon", "coordinates": [[[-78.349242, 38.244237], [-78.349305, 38.24424], [-78.349389, 38.244262], [-78.349421, 38.244277], [-78.349453, 38.2443], [-78.349689, 38.244497], [-78.349731, 38.244526], [-78.349752, 38.244539], [-78.349801, 38.244562], [-78.349852, 38.24458], [-78.34998, 38.244629], [-78.350009, 38.244649], [-78.35003, 38.24469], [-78.350034, 38.24473], [-78.350019, 38.244761], [-78.349993, 38.244783], [-78.349915, 38.24482], [-78.349827, 38.244852], [-78.349531, 38.244924], [-78.349301, 38.244979], [-78.34924, 38.245011], [-78.348878, 38.245258], [-78.348865, 38.245267], [-78.348766, 38.245329], [-78.3486, 38.245425], [-78.348582, 38.245458], [-78.348581, 38.245491], [-78.348597, 38.245533], [-78.34893, 38.246004], [-78.349036, 38.246135], [-78.349178, 38.246274], [-78.349424, 38.246461], [-78.349561, 38.246587], [-78.349619, 38.246651], [-78.349639, 38.246686], [-78.34964, 38.246726], [-78.349622, 38.246779], [-78.34961, 38.24679], [-78.349576, 38.2468], [-78.349524, 38.246788], [-78.349374, 38.246718], [-78.3493, 38.246669], [-78.349185, 38.246604], [-78.348918, 38.246481], [-78.348885, 38.246468], [-78.348859, 38.246458], [-78.348694, 38.246394], [-78.348615, 38.24636], [-78.348519, 38.246312], [-78.348478, 38.246286], [-78.348443, 38.246256], [-78.34843, 38.246243], [-78.348129, 38.245882], [-78.348095, 38.245837], [-78.348027, 38.245742], [-78.347749, 38.245351], [-78.3477, 38.245287], [-78.347682, 38.245258], [-78.347615, 38.245162], [-78.347522, 38.245054], [-78.3475, 38.245031], [-78.347364, 38.244878], [-78.347352, 38.244862], [-78.347259, 38.244765], [-78.347208, 38.244723], [-78.3471, 38.244626], [-78.347052, 38.244562], [-78.347016, 38.2445], [-78.346881, 38.244192], [-78.346844, 38.244054], [-78.346855, 38.243981], [-78.346873, 38.243964], [-78.347031, 38.243955], [-78.347713, 38.243947], [-78.347913, 38.243961], [-78.348021, 38.243981], [-78.348244, 38.244047], [-78.348277, 38.244061], [-78.348384, 38.244096], [-78.348835, 38.244201], [-78.348919, 38.244214], [-78.349163, 38.244234], [-78.349242, 38.244237]]]}}, {"type": "Feature", "properties": {"field_id": "DP7", "acreage": 30.59, "farm": "Davis Place", "client": "Cedar Springs"}, "geometry": {"type": "Polygon", "coordinates": [[[-78.357341, 38.245397], [-78.356489, 38.246415], [-78.355537, 38.247534], [-78.3553, 38.247805], [-78.355258, 38.247825], [-78.355214, 38.247824], [-78.355157, 38.247802], [-78.354688, 38.247521], [-78.354018, 38.247137], [-78.353826, 38.247024], [-78.353803, 38.246989], [-78.353792, 38.246963], [-78.35383, 38.246784], [-78.353953, 38.246529], [-78.354038, 38.246396], [-78.354103, 38.246323], [-78.354163, 38.246277], [-78.354229, 38.24625], [-78.354319, 38.246229], [-78.354352, 38.246224], [-78.354441, 38.246222], [-78.35458, 38.246243], [-78.354624, 38.246242], [-78.354678, 38.24623], [-78.35479, 38.246195], [-78.354815, 38.246171], [-78.354837, 38.246153], [-78.354887, 38.246049], [-78.354989, 38.245727], [-78.354998, 38.245636], [-78.355006, 38.245432], [-78.35498, 38.245361], [-78.354942, 38.245322], [-78.35489, 38.245284], [-78.354644, 38.245139], [-78.354628, 38.245118], [-78.354629, 38.245101], [-78.354639, 38.245078], [-78.354666, 38.245054], [-78.354829, 38.244907], [-78.355109, 38.244597], [-78.355344, 38.244259], [-78.355373, 38.244216], [-78.356113, 38.243304], [-78.356354, 38.243006], [-78.356397, 38.242903], [-78.356457, 38.242701], [-78.356519, 38.242592], [-78.356577, 38.242532], [-78.356631, 38.242497], [-78.356718, 38.242476], [-78.356788, 38.242448], [-78.356867, 38.24239], [-78.35693, 38.242315], [-78.35707, 38.242102], [-78.357086, 38.242083], [-78.357109, 38.242071], [-78.357134, 38.242065], [-78.357182, 38.242076], [-78.359182, 38.243162], [-78.359203, 38.24319], [-78.359206, 38.243236], [-78.359163, 38.24329], [-78.358531, 38.243997], [-78.357341, 38.245397]]]}}, {"type": "Feature", "properties": {"field_id": "DP3", "acreage": 23.14, "farm": "Davis Place", "client": "Cedar Springs"}, "geometry": {"type": "Polygon", "coordinates": [[[-78.350706, 38.242669], [-78.35072, 38.242744], [-78.350726, 38.242843], [-78.350762, 38.242915], [-78.350873, 38.242999], [-78.350942, 38.243039], [-78.350993, 38.243066], [-78.351026, 38.243087], [-78.351052, 38.243115], [-78.351059, 38.243135], [-78.351069, 38.243194], [-78.351072, 38.243251], [-78.351053, 38.243316], [-78.351016, 38.243479], [-78.350972, 38.243754], [-78.350963, 38.243781], [-78.350922, 38.243851], [-78.350872, 38.243888], [-78.35082, 38.243917], [-78.350771, 38.243954], [-78.350731, 38.243989], [-78.350703, 38.244021], [-78.350697, 38.24405], [-78.350668, 38.244192], [-78.35063, 38.244237], [-78.350588, 38.244255], [-78.35051, 38.244259], [-78.350453, 38.244237], [-78.350385, 38.244195], [-78.350308, 38.244098], [-78.350203, 38.243815], [-78.350155, 38.243586], [-78.350117, 38.243449], [-78.350101, 38.243355], [-78.350083, 38.243241], [-78.350045, 38.243085], [-78.350011, 38.242951], [-78.349989, 38.242916], [-78.349948, 38.242896], [-78.349907, 38.242891], [-78.349858, 38.242906], [-78.349806, 38.242943], [-78.349656, 38.243071], [-78.349497, 38.243258], [-78.349413, 38.243317], [-78.349307, 38.243364], [-78.349209, 38.243396], [-78.349098, 38.2434], [-78.34897, 38.243395], [-78.348873, 38.243398], [-78.348778, 38.24343], [-78.348731, 38.24346], [-78.348664, 38.243573], [-78.348595, 38.243718], [-78.34854, 38.243776], [-78.348463, 38.243824], [-78.3484, 38.243841], [-78.348325, 38.243847], [-78.348233, 38.243842], [-78.34808, 38.243792], [-78.347888, 38.243742], [-78.347775, 38.243728], [-78.347563, 38.24371], [-78.347367, 38.243721], [-78.347216, 38.243746], [-78.347073, 38.243766], [-78.346857, 38.243786], [-78.346603, 38.243791], [-78.346386, 38.243773], [-78.346179, 38.24373], [-78.34584, 38.243621], [-78.345537, 38.243493], [-78.345476, 38.243449], [-78.345463, 38.24342], [-78.345461, 38.243388], [-78.345469, 38.24331], [-78.345586, 38.24288], [-78.345633, 38.242726], [-78.345808, 38.242366], [-78.346017, 38.242014], [-78.346217, 38.24169], [-78.346336, 38.241558], [-78.34639, 38.241538], [-78.346463, 38.241524], [-78.346538, 38.241518], [-78.346986, 38.241549], [-78.347303, 38.24161], [-78.347601, 38.241684], [-78.347834, 38.241721], [-78.348121, 38.241749], [-78.348312, 38.241743], [-78.348533, 38.241701], [-78.348773, 38.241634], [-78.348942, 38.24158], [-78.3491, 38.24155], [-78.349249, 38.241561], [-78.349345, 38.241582], [-78.349476, 38.241634], [-78.349631, 38.241714], [-78.349671, 38.241749], [-78.349698, 38.241802], [-78.34971, 38.241874], [-78.349715, 38.24192], [-78.349723, 38.242039], [-78.349746, 38.242081], [-78.349789, 38.242137], [-78.349863, 38.242185], [-78.349961, 38.24221], [-78.350091, 38.242224], [-78.350203, 38.242215], [-78.350344, 38.242194], [-78.350397, 38.242191], [-78.350448, 38.242192], [-78.350479, 38.242203], [-78.35053, 38.242248], [-78.350589, 38.242319], [-78.350633, 38.242403], [-78.350706, 38.242669]]]}}]}